date,returns
2014-01-02,2.162e-05
2014-01-03,0.00754971
2014-01-06,0.01199522
2014-01-07,0.0005824
2014-01-08,0.00968675
2014-01-09,0.00433138
2014-01-10,0.00559055
2014-01-13,0.00724086
2014-01-14,0.00678531
2014-01-15,0.00200094
2014-01-16,0.00266587
2014-01-17,-0.00056093
2014-01-20,-0.00605459
2014-01-21,-0.00349492
2014-01-22,0.00349987
2014-01-23,-0.00087306
2014-01-24,-0.00103846
2014-01-27,-0.00276588
2014-01-28,-0.00721112
2014-01-29,-0.0005918
2014-01-30,0.01316009
2014-01-31,-0.00654926
2014-02-03,-0.00320613
2014-02-04,-0.00097564
2014-02-05,-0.0143992
2014-02-06,0.00916837
2014-02-07,0.01437637
2014-02-10,-0.01522667
2014-02-11,-0.0007076
2014-02-12,0.00657147
2014-02-13,0.00807103
2014-02-14,0.00573194
2014-02-17,-0.00303728
2014-02-18,0.01676063
2014-02-19,0.01703232
2014-02-20,0.0106774
2014-02-21,-0.00428443
2014-02-24,-0.00548839
2014-02-25,-0.01660045
2014-02-26,0.01902061
2014-02-27,-0.01417922
2014-02-28,0.01798394
2014-03-03,0.00342323
2014-03-04,-0.00483297
2014-03-05,-0.01779291
2014-03-06,0.01256332
2014-03-07,-0.01542619
2014-03-10,0.0081267
2014-03-11,-0.00022319
2014-03-12,0.00392548
2014-03-13,-6.14e-05
2014-03-14,0.00678209
2014-03-17,-0.00458038
2014-03-18,-0.00956231
2014-03-19,-0.0019308
2014-03-20,-0.01325653
2014-03-21,-0.00537936
2014-03-24,-0.00757023
2014-03-25,-0.0115237
2014-03-26,-0.00998483
2014-03-27,0.00118061
2014-03-28,0.01203621
2014-03-31,0.0076317
2014-04-01,-0.00211561
2014-04-02,0.01185698
2014-04-03,0.01637081
2014-04-04,-0.00430503
2014-04-07,0.00453027
2014-04-08,-0.00773608
2014-04-09,-0.00512025
2014-04-10,0.00172936
2014-04-11,-0.01500099
2014-04-14,0.00301312
2014-04-15,0.00166508
2014-04-16,-0.00354589
2014-04-17,-0.01247972
2014-04-18,0.00354571
2014-04-21,0.00615642
2014-04-22,-0.00310495
2014-04-23,-0.00153209
2014-04-24,0.00932232
2014-04-25,0.0134399
2014-04-28,-0.00548682
2014-04-29,-0.00724742
2014-04-30,0.00340732
2014-05-01,-0.0105247
2014-05-02,0.01413776
2014-05-05,-0.00376041
2014-05-06,0.00408554
2014-05-07,0.00578526
2014-05-08,-0.00288805
2014-05-09,0.00637606
2014-05-12,0.00743072
2014-05-13,0.00757663
2014-05-14,-0.00785279
2014-05-15,-0.00164356
2014-05-16,-0.00256019
2014-05-19,-0.0024021
2014-05-20,-0.00358076
2014-05-21,0.00796235
2014-05-22,-0.00903713
2014-05-23,0.00090728
2014-05-26,-0.0163364
2014-05-27,-0.01425461
2014-05-28,0.02372574
2014-05-29,0.00818762
2014-05-30,0.0033582
2014-06-02,-0.01147163
2014-06-03,5.892e-05
2014-06-04,-0.01177714
2014-06-05,0.02095509
2014-06-06,0.00493701
2014-06-09,0.00177352
2014-06-10,0.00055679
2014-06-11,0.00019168
2014-06-12,0.00092449
2014-06-13,-0.00665799
2014-06-16,0.01155785
2014-06-17,-0.00021293
2014-06-18,0.00924588
2014-06-19,-0.01065953
2014-06-20,0.00424511
2014-06-23,0.01391392
2014-06-24,0.00065632
2014-06-25,0.01193147
2014-06-26,0.00703477
2014-06-27,0.00043315
2014-06-30,0.00029434
2014-07-01,0.01063696
2014-07-02,0.00678904
2014-07-03,0.00668179
2014-07-04,0.00718253
2014-07-07,0.00446178
2014-07-08,0.00199528
2014-07-09,-0.00063049
2014-07-10,0.00367247
2014-07-11,0.00621803
2014-07-14,-0.00339116
2014-07-15,0.00773581
2014-07-16,0.00548331
2014-07-17,-0.00215483
2014-07-18,-0.00879642
2014-07-21,-0.01317337
2014-07-22,-0.00323631
2014-07-23,0.00525525
2014-07-24,-0.00721878
2014-07-25,-0.00681938
2014-07-28,-0.01251221
2014-07-29,0.00398548
2014-07-30,-0.00132869
2014-07-31,0.01298346
2014-08-01,-0.00862195
2014-08-04,-0.00213474
2014-08-05,-0.00052885
2014-08-06,0.02298487
2014-08-07,-0.00150927
2014-08-08,-0.01273325
2014-08-11,-0.00234762
2014-08-12,0.00752156
2014-08-13,-0.00054441
2014-08-14,0.01106492
2014-08-15,0.00537887
2014-08-18,-0.00166613
2014-08-19,-0.012402
2014-08-20,0.00520821
2014-08-21,0.01279497
2014-08-22,0.0011779
2014-08-25,-0.00063841
2014-08-26,-0.01805495
2014-08-27,-0.00679219
2014-08-28,-0.02174571
2014-08-29,-0.0116665
2014-09-01,0.00725191
2014-09-02,0.00106695
2014-09-03,-0.0116118
2014-09-04,0.00501803
2014-09-05,0.00574064
2014-09-08,0.00566036
2014-09-09,0.00667721
2014-09-10,0.00535704
2014-09-11,-0.02272128
2014-09-12,-0.00730838
2014-09-15,-0.01723602
2014-09-16,-0.00798195
2014-09-17,0.00945786
2014-09-18,-0.00099277
2014-09-19,0.00386058
2014-09-22,0.01040961
2014-09-23,-0.00709005
2014-09-24,-0.0022283
2014-09-25,-0.00523921
2014-09-26,0.00584056
2014-09-29,0.00408787
2014-09-30,0.00391989
2014-10-01,0.00501226
2014-10-02,0.00273802
2014-10-03,0.00403367
2014-10-06,0.01235195
2014-10-07,0.00420232
2014-10-08,0.00265696
2014-10-09,0.00492503
2014-10-10,-0.00182506
2014-10-13,0.00648931
2014-10-14,-0.01383558
2014-10-15,0.00175331
2014-10-16,0.0086561
2014-10-17,0.01145273
2014-10-20,-0.00015396
2014-10-21,0.00464862
2014-10-22,0.00234652
2014-10-23,-0.0124123
2014-10-24,0.00412579
2014-10-27,-0.00924417
2014-10-28,-0.00276581
2014-10-29,-0.00470036
2014-10-30,-0.00530709
2014-10-31,-0.01045852
2014-11-03,-0.00295288
2014-11-04,-0.00384524
2014-11-05,-0.00738357
2014-11-06,0.01081805
2014-11-07,-0.00837881
2014-11-10,0.01649253
2014-11-11,0.00264724
2014-11-12,0.01586442
2014-11-13,-0.0182371
2014-11-14,0.0013043
2014-11-17,0.00290303
2014-11-18,0.01317687
2014-11-19,0.01036427
2014-11-20,-0.00344302
2014-11-21,-0.00954895
2014-11-24,-0.00790301
2014-11-25,0.0055156
2014-11-26,-0.00510471
2014-11-27,-0.01603282
2014-11-28,0.00835174
2014-12-01,0.01153677
2014-12-02,-0.00412552
2014-12-03,-0.01495303
2014-12-04,0.00426962
2014-12-05,0.0037176
2014-12-08,-0.00664443
2014-12-09,0.00345757
2014-12-10,-0.0010172
2014-12-11,0.00051782
2014-12-12,0.00652334
2014-12-15,-0.00151912
2014-12-16,0.00712962
2014-12-17,-0.00605009
2014-12-18,0.00276519
2014-12-19,0.00449162
2014-12-22,-0.00402923
2014-12-23,-0.00094233
2014-12-24,-0.0107749
2014-12-25,-0.00084689
2014-12-26,0.01038162
2014-12-29,-0.00176619
2014-12-30,-0.01982593
2014-12-31,0.00609822
2015-01-01,0.00079403
2015-01-02,0.00456698
2015-01-05,0.01508241
2015-01-06,0.00691636
2015-01-07,0.00417568
2015-01-08,-0.01595224
2015-01-09,0.00099629
2015-01-12,0.00187427
2015-01-13,-0.00194196
2015-01-14,-0.00346999
2015-01-15,-0.00427597
2015-01-16,-0.00590112
2015-01-19,-0.0097978
2015-01-20,0.00736297
2015-01-21,-0.00813315
2015-01-22,0.00849074
2015-01-23,-0.01520917
2015-01-26,-0.00691422
2015-01-27,0.00372557
2015-01-28,-0.00166698
2015-01-29,0.00111969
2015-01-30,0.00220543
2015-02-02,0.0162232
2015-02-03,-0.00879753
2015-02-04,0.0060149
2015-02-05,-0.00052318
2015-02-06,-0.00693269
2015-02-09,0.00559308
2015-02-10,-0.0081079
2015-02-11,-0.01220557
2015-02-12,0.00049985
2015-02-13,-0.00130541
2015-02-16,-0.00917452
2015-02-17,-0.00339208
2015-02-18,-0.00709543
2015-02-19,0.00765645
2015-02-20,-0.00259894
2015-02-23,0.01823128
2015-02-24,0.00715532
2015-02-25,0.01398787
2015-02-26,-0.00459827
2015-02-27,0.00117394
2015-03-02,0.00516369
2015-03-03,-0.01045539
2015-03-04,0.00012244
2015-03-05,-0.01490868
2015-03-06,-0.00796914
2015-03-09,0.00538321
2015-03-10,-0.01527351
2015-03-11,0.01476591
2015-03-12,-0.00108765
2015-03-13,0.00214155
2015-03-16,0.00240403
2015-03-17,0.01086629
2015-03-18,-0.01988465
2015-03-19,0.01281365
2015-03-20,0.02069965
2015-03-23,0.00485184
2015-03-24,-0.01179441
2015-03-25,-0.01328076
2015-03-26,-0.00523371
2015-03-27,0.01487747
2015-03-30,-0.00364291
2015-03-31,-0.0074955
2015-04-01,-0.01117515
2015-04-02,0.00961112
2015-04-03,0.0001805
2015-04-06,-0.0093309
2015-04-07,-0.01015074
2015-04-08,0.0163624
2015-04-09,-0.01531576
2015-04-10,0.00434248
2015-04-13,-0.00333057
2015-04-14,0.00761806
2015-04-15,0.01802483
2015-04-16,0.01448813
2015-04-17,-0.00300296
2015-04-20,-0.00300593
2015-04-21,0.00304393
2015-04-22,-0.02913381
2015-04-23,0.01402012
2015-04-24,0.00441543
2015-04-27,0.03054637
2015-04-28,0.00402346
2015-04-29,-0.00338103
2015-04-30,-0.0165163
2015-05-01,0.00897217
2015-05-04,-0.00090708
2015-05-05,-0.00113578
2015-05-06,0.00434345
2015-05-07,-0.00827447
2015-05-08,-0.0256765
2015-05-11,0.00139511
2015-05-12,0.00234451
2015-05-13,-0.00350498
2015-05-14,-0.02065659
2015-05-15,0.00128742
2015-05-18,-0.00464885
2015-05-19,-0.02399392
2015-05-20,0.00330013
2015-05-21,-0.02354328
2015-05-22,-0.0109099
2015-05-25,0.00852238
2015-05-26,-0.00397676
2015-05-27,-0.01129274
2015-05-28,0.01290754
2015-05-29,-0.00523497
2015-06-01,0.00906339
2015-06-02,0.01065323
2015-06-03,-0.01063259
2015-06-04,0.00661639
2015-06-05,0.01162508
2015-06-08,-0.00975285
2015-06-09,0.00588471
2015-06-10,-0.0077034
2015-06-11,0.00245544
2015-06-12,-0.00345105
2015-06-15,0.00243005
2015-06-16,-0.00639115
2015-06-17,0.00295412
2015-06-18,0.01500022
2015-06-19,0.01607323
2015-06-22,-0.00197218
2015-06-23,0.00681634
2015-06-24,-0.01207701
2015-06-25,-0.0161307
2015-06-26,-0.00825831
2015-06-29,0.00615095
2015-06-30,-0.00215285
2015-07-01,0.00972965
2015-07-02,0.00497455
2015-07-03,-0.00243547
2015-07-06,-0.00323414
2015-07-07,0.01472812
2015-07-08,-0.00794564
2015-07-09,0.00338654
2015-07-10,-0.00994562
2015-07-13,-0.00391952
2015-07-14,-0.01758363
2015-07-15,0.00075771
2015-07-16,0.00535031
2015-07-17,-0.00478778
2015-07-20,0.01309424
2015-07-21,0.00247752
2015-07-22,-0.00618323
2015-07-23,-0.00924307
2015-07-24,0.01104722
2015-07-27,0.00250367
2015-07-28,0.01283974
2015-07-29,-0.00087197
2015-07-30,0.01073157
2015-07-31,0.00332222
2015-08-03,0.01024666
2015-08-04,-0.00076995
2015-08-05,-0.00709956
2015-08-06,0.00039952
2015-08-07,0.01646988
2015-08-10,0.0068144
2015-08-11,0.00198496
2015-08-12,0.00016072
2015-08-13,0.01851594
2015-08-14,0.00135727
2015-08-17,0.00260657
2015-08-18,-0.00124568
2015-08-19,-0.00496328
2015-08-20,0.00190103
2015-08-21,0.00553662
2015-08-24,0.00045498
2015-08-25,0.00415631
2015-08-26,0.00205064
2015-08-27,-0.00416831
2015-08-28,-0.01826058
2015-08-31,0.01173328
2015-09-01,-0.01537935
2015-09-02,-0.00913372
2015-09-03,-0.00593469
2015-09-04,0.00112007
2015-09-07,0.0074218
2015-09-08,0.00205182
2015-09-09,-0.00291487
2015-09-10,-0.00354756
2015-09-11,-0.0016746
2015-09-14,0.00670507
2015-09-15,0.00871915
2015-09-16,-0.0015622
2015-09-17,0.00603686
2015-09-18,0.00393115
2015-09-21,0.00036645
2015-09-22,0.00240152
2015-09-23,0.0108749
2015-09-24,-0.00335235
2015-09-25,-0.01009737
2015-09-28,0.01559178
2015-09-29,-0.00662324
2015-09-30,-0.00517794
2015-10-01,-0.00338762
2015-10-02,0.00978917
2015-10-05,-0.01105157
2015-10-06,0.0006441
2015-10-07,0.00717927
2015-10-08,0.01163432
2015-10-09,-0.00434378
2015-10-12,-0.00286003
2015-10-13,-0.00037104
2015-10-14,-0.00917407
2015-10-15,-0.00112163
2015-10-16,-0.00133209
2015-10-19,0.00030337
2015-10-20,-0.00082716
2015-10-21,0.0002327
2015-10-22,0.00467656
2015-10-23,0.00453744
2015-10-26,0.00409747
2015-10-27,-0.00843708
2015-10-28,-2.92e-06
2015-10-29,-0.00261091
2015-10-30,-0.00226299
2015-11-02,0.0035478
2015-11-03,0.00866866
2015-11-04,-0.00435385
2015-11-05,0.00039162
2015-11-06,-0.00951749
2015-11-09,0.0092248
2015-11-10,0.00882768
2015-11-11,0.00622652
2015-11-12,0.00662137
2015-11-13,-0.00303555
2015-11-16,-0.0076063
2015-11-17,-0.00253195
2015-11-18,0.00317313
2015-11-19,0.00578979
2015-11-20,-0.00286588
2015-11-23,-0.00117757
2015-11-24,0.00328303
2015-11-25,0.00296136
2015-11-26,-0.00658221
2015-11-27,-0.00407029
2015-11-30,-0.00869617
2015-12-01,-0.00123479
2015-12-02,-0.00563606
2015-12-03,0.00475071
2015-12-04,0.00220475
2015-12-07,0.00227127
2015-12-08,0.00404246
2015-12-09,0.00091042
2015-12-10,0.00688286
2015-12-11,-0.0062283
2015-12-14,-0.0068198
2015-12-15,0.00636869
2015-12-16,-0.00043649
2015-12-17,0.00951315
2015-12-18,-0.0063467
2015-12-21,0.00681389
2015-12-22,-0.00453848
2015-12-23,0.00214599
2015-12-24,-0.00099315
2015-12-25,0.00660351
2015-12-28,-0.00078438
2015-12-29,0.00553139
2015-12-30,0.00080413
2015-12-31,0.00257871
2016-01-01,0.00882705
2016-01-04,-0.00374201
2016-01-05,-0.00723634
2016-01-06,0.0005671
2016-01-07,-0.00153308
2016-01-08,0.00205126
2016-01-11,-0.00076907
2016-01-12,-0.00155237
2016-01-13,-0.00025726
2016-01-14,0.00878491
2016-01-15,0.0101157
2016-01-18,0.01680544
2016-01-19,-0.00142991
2016-01-20,0.00316318
2016-01-21,-0.00158632
2016-01-22,0.00460653
2016-01-25,0.0021168
2016-01-26,-0.00478371
2016-01-27,-0.00153173
2016-01-28,-0.00107386
2016-01-29,0.00531105
2016-02-01,-0.00453537
2016-02-02,-0.00200931
2016-02-03,0.0095436
2016-02-04,-0.01162652
2016-02-05,0.00309289
2016-02-08,0.0029396
2016-02-09,-0.00277428
2016-02-10,0.00628598
2016-02-11,0.00559592
2016-02-12,-0.00815307
2016-02-15,-0.001187
2016-02-16,-0.00283004
2016-02-17,-0.00169488
2016-02-18,-0.0093549
2016-02-19,-0.01128419
2016-02-22,-0.00709567
2016-02-23,0.00054833
2016-02-24,0.00025913
2016-02-25,-0.01088235
2016-02-26,-0.00694396
2016-02-29,5.581e-05
2016-03-01,-0.00345343
2016-03-02,0.00865801
2016-03-03,-0.00454252
2016-03-04,0.00628071
2016-03-07,0.00811382
2016-03-08,0.00676419
2016-03-09,0.0050126
2016-03-10,-0.01605994
2016-03-11,0.0160203
2016-03-14,-0.00736692
2016-03-15,0.01351192
2016-03-16,0.00847189
2016-03-17,-0.00248437
2016-03-18,-0.00026621
2016-03-21,0.00296012
2016-03-22,-0.01041253
2016-03-23,-0.00659628
2016-03-24,0.00090526
2016-03-25,0.01382714
2016-03-28,-0.0107257
2016-03-29,-0.0023884
2016-03-30,0.00433947
2016-03-31,-0.01082401
2016-04-01,0.01690662
2016-04-04,-0.00654178
2016-04-05,-0.00068127
2016-04-06,-0.00387073
2016-04-07,-0.00308994
2016-04-08,0.00110322
2016-04-11,0.0089946
2016-04-12,-0.00216167
2016-04-13,0.00524689
2016-04-14,-0.00636036
2016-04-15,0.00559412
2016-04-18,-0.00213974
2016-04-19,0.00089184
2016-04-20,-0.01314248
2016-04-21,0.00687217
2016-04-22,-0.00758684
2016-04-25,-0.00968237
2016-04-26,0.00553332
2016-04-27,-0.00070852
2016-04-28,0.00129896
2016-04-29,0.01680162
2016-05-02,-0.01465178
2016-05-03,0.0001745
2016-05-04,0.00958853
2016-05-05,-0.00602923
2016-05-06,-0.01548226
2016-05-09,0.00890384
2016-05-10,0.00366605
2016-05-11,-0.00253933
2016-05-12,0.00533739
2016-05-13,0.00492492
2016-05-16,0.00335631
2016-05-17,0.0084188
2016-05-18,0.00827114
2016-05-19,0.00182468
2016-05-20,0.0187252
2016-05-23,-0.00066941
2016-05-24,-0.00445645
2016-05-25,0.0028833
2016-05-26,-0.02137675
2016-05-27,-0.00650628
2016-05-30,-0.0058906
2016-05-31,-0.00089981
2016-06-01,-0.01092057
2016-06-02,0.00637351
2016-06-03,-0.00582553
2016-06-06,-0.00097619
2016-06-07,-0.00373716
2016-06-08,0.00171392
2016-06-09,-0.00600882
2016-06-10,0.00427192
2016-06-13,-0.00983987
2016-06-14,0.00790575
2016-06-15,-0.00682152
2016-06-16,-0.00150478
2016-06-17,-0.00494808
2016-06-20,0.01860265
2016-06-21,0.00634847
2016-06-22,-0.01161121
2016-06-23,-0.0048449
2016-06-24,-0.00578721
2016-06-27,0.0012069
2016-06-28,-0.00708456
2016-06-29,-0.00638427
2016-06-30,-0.00591433
2016-07-01,-0.00474312
2016-07-04,0.00528849
2016-07-05,-0.00189104
2016-07-06,-0.00201188
2016-07-07,0.00466683
2016-07-08,-0.00812935
2016-07-11,0.00514415
2016-07-12,0.00608642
2016-07-13,-0.00866755
2016-07-14,0.00783694
2016-07-15,-0.0005867
2016-07-18,0.00149195
2016-07-19,0.01235908
2016-07-20,-0.00628425
2016-07-21,0.00327865
2016-07-22,-0.00188125
2016-07-25,0.00693581
2016-07-26,-0.00723357
2016-07-27,0.01592049
2016-07-28,0.00686353
2016-07-29,0.01045718
2016-08-01,-0.00515442
2016-08-02,-0.0153196
2016-08-03,-0.01309949
2016-08-04,-0.01646127
2016-08-05,0.01052853
2016-08-08,0.01561486
2016-08-09,0.00296059
2016-08-10,0.01606661
2016-08-11,-0.00405137
2016-08-12,0.01127049
2016-08-15,0.00443712
2016-08-16,0.00040226
2016-08-17,0.01154153
2016-08-18,0.01327266
2016-08-19,0.00276106
2016-08-22,-0.01183974
2016-08-23,-0.00238145
2016-08-24,-0.006202
2016-08-25,0.00083739
2016-08-26,0.00565564
2016-08-29,0.00621392
2016-08-30,-0.00346164
2016-08-31,0.00216376
2016-09-01,0.00241422
2016-09-02,-0.00808611
2016-09-05,0.00779046
2016-09-06,-0.00157588
2016-09-07,0.00535979
2016-09-08,-0.00551632
2016-09-09,-0.00029426
2016-09-12,0.00625101
2016-09-13,-0.00492503
2016-09-14,0.00357536
2016-09-15,0.00445266
2016-09-16,-0.00588506
2016-09-19,0.00866394
2016-09-20,0.00126919
2016-09-21,0.0073598
2016-09-22,-0.02138894
2016-09-23,0.00011848
2016-09-26,-0.01126142
2016-09-27,-0.00136437
2016-09-28,0.00371672
2016-09-29,0.0045624
2016-09-30,-0.0064169
2016-10-03,-3.01e-06
2016-10-04,0.01443786
2016-10-05,0.00872378
2016-10-06,-0.0142815
2016-10-07,0.00827569
2016-10-10,-0.00073672
2016-10-11,0.00043837
2016-10-12,0.00014978
2016-10-13,0.0053167
2016-10-14,-0.01195362
2016-10-17,0.00679741
2016-10-18,0.01446882
2016-10-19,0.01440039
2016-10-20,0.00445466
2016-10-21,-0.00588185
2016-10-24,-0.00387408
2016-10-25,0.01057336
2016-10-26,-0.00487422
2016-10-27,0.00118644
2016-10-28,-0.01170339
2016-10-31,0.00077612
2016-11-01,-0.0026218
2016-11-02,0.00162027
2016-11-03,0.00804071
2016-11-04,0.00428706
2016-11-07,0.00202717
2016-11-08,-0.01104863
2016-11-09,0.00138548
2016-11-10,0.0187984
2016-11-11,-0.00459525
2016-11-14,-0.01560357
2016-11-15,-0.01044005
2016-11-16,0.01991113
2016-11-17,0.00322931
2016-11-18,-0.01509137
2016-11-21,-0.0023006
2016-11-22,-0.00106706
2016-11-23,0.01108898
2016-11-24,-0.00230747
2016-11-25,-0.00246575
2016-11-28,0.01184338
2016-11-29,-0.00705961
2016-11-30,0.01069899
2016-12-01,0.00481061
2016-12-02,0.01326822
2016-12-05,0.00015406
2016-12-06,-0.00141574
2016-12-07,0.00581206
2016-12-08,0.00098827
2016-12-09,-0.00715811
2016-12-12,-0.00608966
2016-12-13,-0.00082408
2016-12-14,0.00864157
2016-12-15,-0.00200921
2016-12-16,-0.01326208
2016-12-19,-0.00382332
2016-12-20,-0.00933012
2016-12-21,0.01293807
2016-12-22,8.39e-05
2016-12-23,-0.00601001
2016-12-26,0.00504612
2016-12-27,-0.00612153
2016-12-28,0.00955233
2016-12-29,-0.00074325
2016-12-30,-0.00662896
2017-01-02,-0.00080764
2017-01-03,-0.00254372
2017-01-04,0.00024275
2017-01-05,0.0047039
2017-01-06,0.0125343
2017-01-09,0.00761522
2017-01-10,-0.00178034
2017-01-11,-0.00522705
2017-01-12,0.00024539
2017-01-13,-0.00755205
2017-01-16,-0.0122231
2017-01-17,-0.00153554
2017-01-18,-0.00315351
2017-01-19,0.00904346
2017-01-20,-0.00010721
2017-01-23,0.00716881
2017-01-24,0.01454141
2017-01-25,0.00776194
2017-01-26,0.00096878
2017-01-27,0.00579098
2017-01-30,-0.005808
2017-01-31,-7.997e-05
2017-02-01,-2.348e-05
2017-02-02,0.00204871
2017-02-03,-0.00182081
2017-02-06,0.00017653
2017-02-07,0.01004606
2017-02-08,-0.0065532
2017-02-09,-0.00099101
2017-02-10,0.00272125
2017-02-13,0.00343391
2017-02-14,-0.00463516
2017-02-15,-0.00479023
2017-02-16,0.00178162
2017-02-17,0.00196633
2017-02-20,-0.01119417
2017-02-21,0.01089712
2017-02-22,-0.00208461
2017-02-23,0.00547829
2017-02-24,0.00475396
2017-02-27,-0.01295715
2017-02-28,0.0019803
2017-03-01,-0.00404693
2017-03-02,0.01001483
2017-03-03,0.00710844
2017-03-06,0.01137854
2017-03-07,0.0016529
2017-03-08,-0.00857947
2017-03-09,-0.00082767
2017-03-10,9.514e-05
2017-03-13,0.00432568
2017-03-14,0.00509397
2017-03-15,0.00713612
2017-03-16,0.0048345
2017-03-17,0.00040856
2017-03-20,0.00615467
2017-03-21,-0.00382037
2017-03-22,-0.00158941
2017-03-23,-0.00300871
2017-03-24,0.00530578
2017-03-27,-0.00359905
2017-03-28,0.00309776
2017-03-29,-0.00072602
2017-03-30,-0.00088657
2017-03-31,0.00451453
2017-04-03,-0.00385554
2017-04-04,-0.00025183
2017-04-05,0.00146269
2017-04-06,0.00043295
2017-04-07,0.00356909
2017-04-10,-0.00065926
2017-04-11,0.00091491
2017-04-12,0.01480252
2017-04-13,-0.00212988
2017-04-14,-0.00698181
2017-04-17,0.00270274
2017-04-18,-0.00851576
2017-04-19,-0.00032164
2017-04-20,0.00055458
2017-04-21,0.00402507
2017-04-24,0.00269752
2017-04-25,-0.0017323
2017-04-26,-0.00155401
2017-04-27,0.00752728
2017-04-28,-0.00349306
2017-05-01,0.00633423
2017-05-02,-0.00208789
2017-05-03,0.00086178
2017-05-04,0.0043369
2017-05-05,0.0049589
2017-05-08,0.00453764
2017-05-09,-0.00413786
2017-05-10,0.00356599
2017-05-11,-0.00571735
2017-05-12,0.0066469
2017-05-15,-0.00732489
2017-05-16,0.00216682
2017-05-17,0.0042006
2017-05-18,0.00030084
2017-05-19,0.00504066
2017-05-22,-0.00293157
2017-05-23,0.01358844
2017-05-24,0.00479162
2017-05-25,-0.00881943
2017-05-26,0.00916668
2017-05-29,-0.01034142
2017-05-30,-0.00702241
2017-05-31,-0.00868751
2017-06-01,0.00898678
2017-06-02,-0.00783579
2017-06-05,0.0020924
2017-06-06,-0.0062485
2017-06-07,0.01074144
2017-06-08,-0.00490969
2017-06-09,0.00225533
2017-06-12,-0.00606225
2017-06-13,0.00564282
2017-06-14,0.00687298
2017-06-15,-0.00784653
2017-06-16,-0.00061341
2017-06-19,0.01057752
2017-06-20,-0.00498014
2017-06-21,-0.00262656
2017-06-22,0.00276309
2017-06-23,-0.01075453
2017-06-26,-0.00721308
2017-06-27,0.00159044
2017-06-28,-6.3e-05
2017-06-29,-0.00384043
2017-06-30,0.00569938
2017-07-03,-0.0049814
2017-07-04,0.01667137
2017-07-05,0.00995278
2017-07-06,0.00818635
2017-07-07,-0.00683073
2017-07-10,-0.00026097
2017-07-11,-0.01793977
2017-07-12,0.0051925
2017-07-13,-0.00166885
2017-07-14,-0.00922554
2017-07-17,0.00319048
2017-07-18,-0.00086349
2017-07-19,0.00019997
2017-07-20,0.00214527
2017-07-21,-0.00599387
2017-07-24,0.0046137
2017-07-25,0.00081154
2017-07-26,0.01562537
2017-07-27,-0.0047434
2017-07-28,-0.00520284
2017-07-31,-0.00379483
2017-08-01,0.00189456
2017-08-02,-0.00718616
2017-08-03,-0.00519885
2017-08-04,-0.00718262
2017-08-07,-0.00504006
2017-08-08,-0.00080508
2017-08-09,0.00365984
2017-08-10,-0.01534854
2017-08-11,-0.00276561
2017-08-14,0.00046728
2017-08-15,0.00036666
2017-08-16,-0.01205395
2017-08-17,-0.00711661
2017-08-18,-0.00567613
2017-08-21,0.0098012
2017-08-22,0.00725809
2017-08-23,-0.0014163
2017-08-24,-0.00149568
2017-08-25,-0.00762631
2017-08-28,-0.00174452
2017-08-29,-0.00105723
2017-08-30,-0.00121839
2017-08-31,-0.00435341
2017-09-01,0.00096974
2017-09-04,-0.01247135
2017-09-05,0.00770599
2017-09-06,-0.007838
2017-09-07,-0.00080245
2017-09-08,-0.00294769
2017-09-11,-0.00097419
2017-09-12,0.00368661
2017-09-13,0.00663499
2017-09-14,-0.00863354
2017-09-15,0.00559805
2017-09-18,0.00886711
2017-09-19,-0.00903052
2017-09-20,0.00638366
2017-09-21,-0.00569481
2017-09-22,-0.00279711
2017-09-25,0.00180261
2017-09-26,-0.0115776
2017-09-27,-0.00955393
2017-09-28,0.00019755
2017-09-29,-0.00134143
2017-10-02,-0.00239363
2017-10-03,0.00144194
2017-10-04,-0.01280837
2017-10-05,-0.00131413
2017-10-06,0.00123819
2017-10-09,-0.00783322
2017-10-10,0.00659709
2017-10-11,-0.0025522
2017-10-12,-0.00132277
2017-10-13,-0.00784464
2017-10-16,-0.00886363
2017-10-17,0.00038956
2017-10-18,0.01196509
2017-10-19,0.00026216
2017-10-20,0.00453041
2017-10-23,-0.00799067
2017-10-24,-0.01177091
2017-10-25,-0.00372885
2017-10-26,0.00602801
2017-10-27,-0.00023937
2017-10-30,-0.00069174
2017-10-31,0.00062738
2017-11-01,-0.00188546
2017-11-02,-0.00363104
2017-11-03,0.00696399
2017-11-06,-0.0052455
2017-11-07,-7.989e-05
2017-11-08,0.00891591
2017-11-09,0.0011705
2017-11-10,-0.00841024
2017-11-13,0.00076573
2017-11-14,0.00141938
2017-11-15,-0.00347921
2017-11-16,-0.00844386
2017-11-17,0.00866741
2017-11-20,0.00366907
2017-11-21,0.00127231
2017-11-22,0.00060888
2017-11-23,0.00603628
2017-11-24,-0.00542406
2017-11-27,-0.00144987
2017-11-28,0.00183031
2017-11-29,0.00690711
2017-11-30,0.00140282
2017-12-01,0.00159557
2017-12-04,-0.00613246
2017-12-05,-0.00228678
2017-12-06,0.00479604
2017-12-07,0.00545289
2017-12-08,0.01071414
2017-12-11,-0.00468498
2017-12-12,-0.00179709
2017-12-13,0.00642516
2017-12-14,0.00698384
2017-12-15,0.0082779
2017-12-18,0.00503611
2017-12-19,0.00128235
2017-12-20,-0.00264873
2017-12-21,-0.00364434
2017-12-22,-0.00042967
2017-12-25,-0.00346591
2017-12-26,8.233e-05
2017-12-27,0.00156406
2017-12-28,-0.00117313
2017-12-29,0.00578767
2018-01-01,0.00341248
2018-01-02,0.00458733
2018-01-03,-0.00437674
2018-01-04,-0.00659962
2018-01-05,-0.00593599
2018-01-08,-0.00331634
2018-01-09,0.00209954
2018-01-10,0.00460627
2018-01-11,0.00341685
2018-01-12,-0.00671572
2018-01-15,-0.00500265
2018-01-16,-0.00536057
2018-01-17,0.00266944
2018-01-18,0.00129691
2018-01-19,0.00836313
2018-01-22,-0.00015905
2018-01-23,-0.00305365
2018-01-24,-0.0014243
2018-01-25,0.00247842
2018-01-26,-0.00062084
2018-01-29,0.00129014
2018-01-30,-0.00133158
2018-01-31,-0.00906559
2018-02-01,-0.00159724
2018-02-02,0.00187265
2018-02-05,0.00791929
2018-02-06,-0.00167505
2018-02-07,-0.0024086
2018-02-08,0.00033554
2018-02-09,-0.0035043
2018-02-12,0.00714768
2018-02-13,0.00317907
2018-02-14,-0.01018221
2018-02-15,-0.00316367
2018-02-16,-0.00307607
2018-02-19,0.00383089
2018-02-20,0.00083621
2018-02-21,-0.00319649
2018-02-22,-0.00283192
2018-02-23,-0.01100365
2018-02-26,0.00445358
2018-02-27,-0.01060855
2018-02-28,-0.00071687
2018-03-01,0.00347802
2018-03-02,-0.00111647
2018-03-05,-0.00828378
2018-03-06,-0.00488661
2018-03-07,-0.00127771
2018-03-08,0.00224319
2018-03-09,0.00393992
2018-03-12,-0.00776855
2018-03-13,-0.01200471
2018-03-14,0.00100281
2018-03-15,-0.00361513
2018-03-16,0.00853576
2018-03-19,-0.00098413
2018-03-20,0.00320759
2018-03-21,-0.00636601
2018-03-22,-0.00701981
2018-03-23,0.00626528
2018-03-26,0.01026213
2018-03-27,-0.00323291
2018-03-28,0.00247732
2018-03-29,-0.00518138
2018-03-30,0.00555117
2018-04-02,0.00174673
2018-04-03,0.0062179
2018-04-04,0.0023997
2018-04-05,0.00534838
2018-04-06,-0.00195517
2018-04-09,0.00093236
2018-04-10,-0.00284578
2018-04-11,0.00208821
2018-04-12,-0.00093923
2018-04-13,-0.0008768
2018-04-16,-0.0021012
2018-04-17,-0.00370723
2018-04-18,0.00105329
2018-04-19,-0.00212454
2018-04-20,-0.00526579
2018-04-23,0.00091783
2018-04-24,-0.00143287
2018-04-25,-0.00133838
2018-04-26,0.00400087
2018-04-27,0.00811596
2018-04-30,-0.00243553
2018-05-01,-0.00895849
2018-05-02,0.00248793
2018-05-03,0.0015703
2018-05-04,-0.00041339
2018-05-07,-0.00724911
2018-05-08,-0.00175503
2018-05-09,-0.00539135
2018-05-10,0.00088324
2018-05-11,-0.01065012
2018-05-14,-0.00287525
2018-05-15,0.00296889
2018-05-16,-0.00304801
2018-05-17,-0.00079452
2018-05-18,0.00906029
2018-05-21,-0.01808189
2018-05-22,0.01111131
2018-05-23,-0.00836437
2018-05-24,0.00166139
2018-05-25,0.00748059
2018-05-28,-0.00264286
2018-05-29,-0.00045099
2018-05-30,-0.00188257
2018-05-31,0.00568341
2018-06-01,-0.00396448
2018-06-04,0.00470229
2018-06-05,-0.00309914
2018-06-06,0.01616016
2018-06-07,0.00713759
2018-06-08,-0.00465451
2018-06-11,0.00700156
2018-06-12,0.00714829
2018-06-13,0.00520943
2018-06-14,-0.00688121
2018-06-15,-0.00090762
2018-06-18,0.00359467
2018-06-19,0.00274337
2018-06-20,-0.01010276
2018-06-21,-0.00103695
2018-06-22,-0.01294306
2018-06-25,-0.00341762
2018-06-26,0.01063855
2018-06-27,0.0136366
2018-06-28,-0.00183146
2018-06-29,-0.01073322
2018-07-02,0.00086796
2018-07-03,-0.00462203
2018-07-04,0.00336362
2018-07-05,0.00023337
2018-07-06,0.00125012
2018-07-09,-0.00471078
2018-07-10,-9.25e-05
2018-07-11,-0.00584544
2018-07-12,0.0019131
2018-07-13,0.01030211
2018-07-16,-0.00309288
2018-07-17,0.01443494
2018-07-18,0.01656841
2018-07-19,0.00531179
2018-07-20,-0.01121542
2018-07-23,0.0026179
2018-07-24,0.01233678
2018-07-25,-0.0202517
2018-07-26,0.00494343
2018-07-27,-0.00963057
2018-07-30,-0.00433909
2018-07-31,-0.00372736
2018-08-01,-0.0001856
2018-08-02,-0.01177618
2018-08-03,0.00253534
2018-08-06,-0.02476204
2018-08-07,-0.01176348
2018-08-08,0.00446596
2018-08-09,0.00128609
2018-08-10,-0.0202294
2018-08-13,0.00880647
2018-08-14,-0.00718425
2018-08-15,0.00653938
2018-08-16,-0.00500011
2018-08-17,-0.0065507
2018-08-20,0.0157
2018-08-21,0.01194878
2018-08-22,0.00201445
2018-08-23,0.01303029
2018-08-24,-0.00682667
2018-08-27,-0.01068889
2018-08-28,-0.01425237
2018-08-29,-0.02010867
2018-08-30,0.00638132
2018-08-31,0.00052931
2018-09-03,-0.00503804
2018-09-04,0.00117264
2018-09-05,0.01888037
2018-09-06,-0.00300792
2018-09-07,-0.01534237
2018-09-10,-0.00130665
2018-09-11,-0.00822636
2018-09-12,0.00790237
2018-09-13,0.00944513
2018-09-14,0.00368887
2018-09-17,-0.01187182
2018-09-18,-0.00640219
2018-09-19,0.00240275
2018-09-20,0.02025666
2018-09-21,-0.00810826
2018-09-24,-0.0006811
2018-09-25,0.01103153
2018-09-26,0.00872713
2018-09-27,0.01189756
2018-09-28,-0.00365757
2018-10-01,0.01961456
2018-10-02,0.0043744
2018-10-03,-0.01706866
2018-10-04,0.00131977
2018-10-05,0.00019763
2018-10-08,0.00735495
2018-10-09,0.00886378
2018-10-10,0.01437557
2018-10-11,0.00907047
2018-10-12,0.01161954
2018-10-15,0.01066557
2018-10-16,-0.01403694
2018-10-17,-0.01015746
2018-10-18,-0.00802459
2018-10-19,0.01861234
2018-10-22,0.01215583
2018-10-23,-0.00288256
2018-10-24,0.00505428
2018-10-25,0.01541798
2018-10-26,-0.02738588
2018-10-29,-0.00442788
2018-10-30,0.00188101
2018-10-31,-0.00832148
2018-11-01,-0.00817296
2018-11-02,0.0069434
2018-11-05,-0.00607396
2018-11-06,-0.00838991
2018-11-07,0.0179351
2018-11-08,0.01228405
2018-11-09,-0.01788247
2018-11-12,-0.01235208
2018-11-13,0.00766724
2018-11-14,-0.00834079
2018-11-15,0.0173749
2018-11-16,0.00471132
2018-11-19,-0.02005813
2018-11-20,-0.01873458
2018-11-21,0.00020843
2018-11-22,-0.01162605
2018-11-23,-0.00135394
2018-11-26,0.00032743
2018-11-27,0.00066108
2018-11-28,-0.00771584
2018-11-29,-0.02321799
2018-11-30,0.00310322
2018-12-03,-0.00235894
2018-12-04,-0.00664198
2018-12-05,0.02165161
2018-12-06,0.00032383
2018-12-07,-0.00167162
2018-12-10,0.00938427
2018-12-11,-0.0104536
2018-12-12,0.0052599
2018-12-13,-0.01719243
2018-12-14,-0.01180677
2018-12-17,-0.00312463
2018-12-18,-0.00338929
2018-12-19,7.676e-05
2018-12-20,-0.01918896
2018-12-21,-0.01640155
2018-12-24,-0.01121539
2018-12-25,-0.02165896
2018-12-26,0.02465343
2018-12-27,-0.00749416
2018-12-28,0.02171176
2018-12-31,-0.00130697
2019-01-01,-0.00679297
2019-01-02,-0.0028318
2019-01-03,-0.00483651
2019-01-04,0.00738491
2019-01-07,0.01554405
2019-01-08,0.00910096
2019-01-09,-0.01366354
2019-01-10,-0.00812779
2019-01-11,0.02351456
2019-01-14,0.01392979
2019-01-15,0.01373977
2019-01-16,-0.01289466
2019-01-17,-0.00498936
2019-01-18,0.01067871
2019-01-21,-0.00431847
2019-01-22,0.01485549
2019-01-23,-0.01998248
2019-01-24,-0.00973372
2019-01-25,-0.0008306
2019-01-28,0.01593992
2019-01-29,0.00260716
2019-01-30,0.01490551
2019-01-31,0.00409288
2019-02-01,0.00653895
2019-02-04,0.01920897
2019-02-05,0.00827965
2019-02-06,-0.00426742
2019-02-07,-0.01949228
2019-02-08,-0.00019418
2019-02-11,0.00042917
2019-02-12,0.01311348
2019-02-13,-0.01334935
2019-02-14,-0.01299937
2019-02-15,-0.01669455
2019-02-18,-0.00632082
2019-02-19,0.01005204
2019-02-20,0.00495245
2019-02-21,-0.00463013
2019-02-22,-0.01056452
2019-02-25,-0.00202711
2019-02-26,-0.00873111
2019-02-27,-0.00527253
2019-02-28,0.01078236
2019-03-01,0.01394959
2019-03-04,-0.00203782
2019-03-05,-0.00209436
2019-03-06,0.00288412
2019-03-07,-0.00700539
2019-03-08,-0.01434845
2019-03-11,-0.00379539
2019-03-12,-0.00156942
2019-03-13,-0.00392334
2019-03-14,0.00294638
2019-03-15,-0.00126784
2019-03-18,-0.01803677
2019-03-19,0.00497882
2019-03-20,0.01479533
2019-03-21,0.00118433
2019-03-22,-0.00885022
2019-03-25,0.00840696
2019-03-26,0.00864765
2019-03-27,-0.01967692
2019-03-28,0.00601218
2019-03-29,-0.0121082
2019-04-01,-0.00399636
2019-04-02,0.00087348
2019-04-03,-0.00418185
2019-04-04,0.00881343
2019-04-05,-0.00242152
2019-04-08,-0.00481038
2019-04-09,-0.00941891
2019-04-10,-0.00286573
2019-04-11,-0.00044152
2019-04-12,-0.00368722
2019-04-15,-0.00551821
2019-04-16,-0.00343284
2019-04-17,-0.0087344
2019-04-18,-0.00046684
2019-04-19,-0.00019901
2019-04-22,0.0018579
2019-04-23,0.00908109
2019-04-24,-0.00915528
2019-04-25,0.01185947
2019-04-26,-0.00707769
2019-04-29,-0.00479787
2019-04-30,0.00584444
2019-05-01,0.00050236
2019-05-02,-0.00367964
2019-05-03,-0.00338343
2019-05-06,-0.01006151
2019-05-07,-0.00747332
2019-05-08,-0.00697121
2019-05-09,0.0073868
2019-05-10,-0.00271701
2019-05-13,0.00374236
2019-05-14,-0.00033226
2019-05-15,-0.00333321
2019-05-16,0.0002704
2019-05-17,0.0001673
2019-05-20,-0.00110613
2019-05-21,0.00111799
2019-05-22,-0.00198556
2019-05-23,-0.00049376
2019-05-24,-0.00875796
2019-05-27,-0.01231078
2019-05-28,0.00152177
2019-05-29,0.00053801
2019-05-30,-0.00501458
2019-05-31,-0.01356504
2019-06-03,-0.00539366
2019-06-04,-0.00850283
2019-06-05,-0.01496107
2019-06-06,-0.00709029
2019-06-07,0.01102976
2019-06-10,0.00720973
2019-06-11,-0.00592551
2019-06-12,-0.00463112
2019-06-13,-0.01187465
2019-06-14,0.00800391
2019-06-17,-0.0142317
2019-06-18,-0.00402063
2019-06-19,-0.00056118
2019-06-20,-0.00576489
2019-06-21,0.01580862
2019-06-24,-0.00168628
2019-06-25,0.00637927
2019-06-26,-0.00430847
2019-06-27,0.00779842
2019-06-28,-0.00035245
2019-07-01,-0.00195455
2019-07-02,0.00920644
2019-07-03,0.01119357
2019-07-04,0.0080803
2019-07-05,-0.00347379
2019-07-08,0.00031981
2019-07-09,-0.00247365
2019-07-10,-0.00047276
2019-07-11,0.00371011
2019-07-12,-0.00051094
2019-07-15,0.0054288
2019-07-16,-0.00068358
2019-07-17,0.00566555
2019-07-18,-0.00178142
2019-07-19,0.00464849
2019-07-22,-2.831e-05
2019-07-23,0.00278515
2019-07-24,0.00308541
2019-07-25,-0.00011203
2019-07-26,0.00124468
2019-07-29,0.00996491
2019-07-30,0.00278228
2019-07-31,0.00945738
2019-08-01,-0.01642959
2019-08-02,0.00624173
2019-08-05,-0.00524011
2019-08-06,-0.00655023
2019-08-07,0.00097135
2019-08-08,0.00288286
2019-08-09,-0.00127709
2019-08-12,0.00858531
2019-08-13,0.00489816
2019-08-14,-0.00129602
2019-08-15,0.00205024
2019-08-16,-0.00632022
2019-08-19,-0.00449149
2019-08-20,-0.01144917
2019-08-21,0.00555583
2019-08-22,-0.00652736
2019-08-23,-0.00252127
2019-08-26,0.01417933
2019-08-27,-0.01744659
2019-08-28,0.00604014
2019-08-29,-0.00479106
2019-08-30,0.00853992
2019-09-02,0.00209256
2019-09-03,0.00160349
2019-09-04,-0.00024179
2019-09-05,0.00427744
2019-09-06,-0.00569348
2019-09-09,-0.00551096
2019-09-10,-0.00434605
2019-09-11,-0.00537608
2019-09-12,0.00914377
2019-09-13,-0.00308121
2019-09-16,0.00662181
2019-09-17,-0.00053707
2019-09-18,0.00644404
2019-09-19,0.00194025
2019-09-20,0.00441145
2019-09-23,-0.00842977
2019-09-24,-0.00580205
2019-09-25,0.01129988
2019-09-26,-0.01015601
2019-09-27,0.00638892
2019-09-30,0.00752091
2019-10-01,0.00652806
2019-10-02,0.01583238
2019-10-03,-0.00247964
2019-10-04,-0.00760667
2019-10-07,-0.0077561
2019-10-08,-3.837e-05
2019-10-09,-0.0007431
2019-10-10,-0.00085974
2019-10-11,-0.00222388
2019-10-14,-0.00331149
2019-10-15,0.00562392
2019-10-16,-0.01055574
2019-10-17,0.00408225
2019-10-18,0.00243777
2019-10-21,-0.00669936
2019-10-22,0.0124618
2019-10-23,-0.00987199
2019-10-24,0.00204359
2019-10-25,0.01119891
2019-10-28,0.00953774
2019-10-29,-0.002321
2019-10-30,-0.00685656
2019-10-31,-0.00702922
2019-11-01,0.00918419
2019-11-04,-0.00331018
2019-11-05,-0.01176097
2019-11-06,0.00670311
2019-11-07,-0.01122523
2019-11-08,-0.00794019
2019-11-11,0.00679622
2019-11-12,-0.01256541
2019-11-13,0.00637065
2019-11-14,0.00914181
2019-11-15,-0.00482005
2019-11-18,4.044e-05
2019-11-19,-0.00427291
2019-11-20,0.0061423
2019-11-21,-0.00724878
2019-11-22,0.00842163
2019-11-25,-0.00753813
2019-11-26,0.00641183
2019-11-27,4.079e-05
2019-11-28,-0.00581052
2019-11-29,-0.00020222
2019-12-02,0.0051448
2019-12-03,-0.00111867
2019-12-04,-0.01228922
2019-12-05,-0.00710005
2019-12-06,-0.01335107
2019-12-09,-0.00634233
2019-12-10,-0.01907419
2019-12-11,0.00433731
2019-12-12,0.02220878
2019-12-13,-0.00819664
2019-12-16,0.01368778
2019-12-17,0.01006784
2019-12-18,0.00213583
2019-12-19,-0.00068228
2019-12-20,-0.00242428
2019-12-23,-0.02078978
2019-12-24,-0.02004728
2019-12-25,0.0013982
2019-12-26,0.00080219
2019-12-27,0.01180749
2019-12-30,0.02219423
2019-12-31,-0.0219921
2020-01-01,0.00219215
2020-01-02,0.02373337
2020-01-03,-0.00240237
2020-01-06,0.02186074
2020-01-07,-0.01206156
2020-01-08,0.00704606
2020-01-09,-0.01540773
2020-01-10,0.00832495
2020-01-13,0.00443481
2020-01-14,-0.01130722
2020-01-15,-0.00452302
2020-01-16,-0.00446373
2020-01-17,0.00248521
2020-01-20,0.02149425
2020-01-21,-0.00314103
2020-01-22,0.01674401
2020-01-23,0.00597578
2020-01-24,-0.01564901
2020-01-27,-0.00429108
2020-01-28,-0.01922064
2020-01-29,0.00453982
2020-01-30,0.0094707
2020-01-31,-0.00470649
2020-02-03,0.00534113
2020-02-04,0.00121047
2020-02-05,0.000751
2020-02-06,-0.00561951
2020-02-07,-0.00303177
2020-02-10,-0.01245425
2020-02-11,0.00018519
2020-02-12,0.00918056
2020-02-13,-0.0037612
2020-02-14,-0.01061554
2020-02-17,0.00304443
2020-02-18,-0.01775833
2020-02-19,-0.00438822
2020-02-20,0.00882235
2020-02-21,-0.00843223
2020-02-24,0.00116611
2020-02-25,-0.00174281
2020-02-26,-0.00414585
2020-02-27,-0.00337469
2020-02-28,0.00997801
2020-03-02,-0.00868682
2020-03-03,0.01475204
2020-03-04,-0.00053442
2020-03-05,-0.00417393
2020-03-06,0.00161027
2020-03-09,0.01698046
2020-03-10,-0.0107636
2020-03-11,-0.0077841
2020-03-12,0.00739832
2020-03-13,0.00074551
2020-03-16,-0.01258102
2020-03-17,-0.00726817
2020-03-18,-0.00573931
2020-03-19,0.00586786
2020-03-20,-0.00574928
2020-03-23,0.02487148
2020-03-24,0.01155592
2020-03-25,-0.00529824
2020-03-26,-0.00772551
2020-03-27,0.02351156
2020-03-30,0.00107906
2020-03-31,0.00759399
2020-04-01,-0.00662627
2020-04-02,-0.00969032
2020-04-03,0.01031399
2020-04-06,-0.00611528
2020-04-07,0.01356163
2020-04-08,0.01518386
2020-04-09,0.00583142
2020-04-10,0.00778407
2020-04-13,0.00668917
2020-04-14,2.302e-05
2020-04-15,0.00223808
2020-04-16,0.00120477
2020-04-17,0.00180699
2020-04-20,0.00473369
2020-04-21,0.0076937
2020-04-22,-0.0074273
2020-04-23,-0.00347741
2020-04-24,-0.0064835
2020-04-27,-0.00329148
2020-04-28,0.00209111
2020-04-29,0.00805972
2020-04-30,-0.00299293
2020-05-01,0.00357821
2020-05-04,0.00046041
2020-05-05,0.00300872
2020-05-06,0.00427225
2020-05-07,-0.01007824
2020-05-08,-0.00616127
2020-05-11,0.00652274
2020-05-12,-0.00058876
2020-05-13,-0.00358834
2020-05-14,-0.00790507
2020-05-15,-0.01534736
2020-05-18,0.0010838
2020-05-19,0.00891687
2020-05-20,-0.01258518
2020-05-21,-0.00599952
2020-05-22,0.011034
2020-05-25,0.00511093
2020-05-26,0.00243473
2020-05-27,0.00765716
2020-05-28,0.00516164
2020-05-29,-0.00838087
2020-06-01,-0.01194632
2020-06-02,-0.00407828
2020-06-03,0.00098018
2020-06-04,0.00462928
2020-06-05,-0.00155838
2020-06-08,-0.00649698
2020-06-09,0.00140357
2020-06-10,-0.00444006
2020-06-11,0.00295853
2020-06-12,-0.00421256
2020-06-15,-0.00059267
2020-06-16,-0.00968168
2020-06-17,-0.00234667
2020-06-18,-0.00828673
2020-06-19,0.01167812
2020-06-22,0.00741353
2020-06-23,0.01045257
2020-06-24,0.01652689
2020-06-25,0.00265879
2020-06-26,0.01780585
2020-06-29,0.0006681
2020-06-30,-0.0007908
2020-07-01,-0.00480275
2020-07-02,-0.0040271
2020-07-03,-0.01528486
2020-07-06,0.01552969
2020-07-07,0.00593954
2020-07-08,-0.01361621
2020-07-09,0.00562156
2020-07-10,-0.01005117
2020-07-13,0.01136869
2020-07-14,-0.00808509
2020-07-15,0.0033741
2020-07-16,-0.01174957
2020-07-17,0.00752956
2020-07-20,-0.00361931
2020-07-21,0.01127668
2020-07-22,-0.00316467
2020-07-23,-0.00594977
2020-07-24,-0.00091957
2020-07-27,-0.00854167
2020-07-28,-0.00725747
2020-07-29,-0.01020018
2020-07-30,0.00203446
2020-07-31,0.01619899
2020-08-03,0.01367008
2020-08-04,0.00442628
2020-08-05,0.00193045
2020-08-06,-0.01678887
2020-08-07,-0.00782156
2020-08-10,-0.02202451
2020-08-11,0.00325846
2020-08-12,-0.00495802
2020-08-13,0.01148633
2020-08-14,0.00122086
2020-08-17,0.00482942
2020-08-18,-0.00618448
2020-08-19,-0.00695469
2020-08-20,-0.00584566
2020-08-21,-0.01074021
2020-08-24,-0.00829471
2020-08-25,-0.0003557
2020-08-26,-0.01332647
2020-08-27,0.00516031
2020-08-28,-0.00702909
2020-08-31,0.0056381
2020-09-01,0.00975255
2020-09-02,0.00076755
2020-09-03,0.00153623
2020-09-04,0.00582562
2020-09-07,0.00523776
2020-09-08,-0.01289082
2020-09-09,0.001319
2020-09-10,-0.01125636
2020-09-11,0.00920419
2020-09-14,-0.00964749
2020-09-15,0.00139033
2020-09-16,-0.00497245
2020-09-17,0.01797828
2020-09-18,-0.00122301
2020-09-21,-0.00652274
2020-09-22,-0.00963458
2020-09-23,0.00434401
2020-09-24,-0.00324435
2020-09-25,0.00213872
2020-09-28,0.01013753
2020-09-29,-0.00014101
2020-09-30,-0.00031832
2020-10-01,-0.00119326
2020-10-02,-0.00149039
2020-10-05,-0.0033369
2020-10-06,0.00070895
2020-10-07,0.00123821
2020-10-08,-0.00174618
2020-10-09,-0.00151907
2020-10-12,0.0001446
2020-10-13,-0.00207478
2020-10-14,0.00013085
2020-10-15,-0.00103768
2020-10-16,0.00494135
2020-10-19,0.00016438
2020-10-20,0.00051387
2020-10-21,-0.00207028
2020-10-22,-0.00954659
2020-10-23,-0.00257734
2020-10-26,0.00529151
2020-10-27,-0.00023813
2020-10-28,0.000658
2020-10-29,-0.00197242
2020-10-30,-0.00654207
2020-11-02,-0.00026667
2020-11-03,0.00810197
2020-11-04,0.0105561
2020-11-05,-1.725e-05
2020-11-06,-0.01047701
2020-11-09,-0.00248851
2020-11-10,0.00659015
2020-11-11,-0.00266453
2020-11-12,0.00886747
2020-11-13,-0.00184149
2020-11-16,6.632e-05
2020-11-17,-0.01299807
2020-11-18,0.00865986
2020-11-19,0.00235731
2020-11-20,0.0029253
2020-11-23,0.00116073
2020-11-24,-0.0087433
2020-11-25,0.00081388
2020-11-26,-0.00076523
2020-11-27,0.00664843
2020-11-30,-0.00160807
2020-12-01,0.00015059
2020-12-02,-0.00338753
2020-12-03,0.00026916
2020-12-04,-0.0024586
2020-12-07,0.00454454
2020-12-08,0.00172667
2020-12-09,-0.00401719
2020-12-10,0.0093452
2020-12-11,-0.0020142
2020-12-14,0.00753734
2020-12-15,0.01022063
2020-12-16,0.00083259
2020-12-17,0.01463127
2020-12-18,0.00165053
2020-12-21,0.00391327
2020-12-22,0.00350935
2020-12-23,-0.01900444
2020-12-24,-0.01418187
2020-12-25,-0.01339529
2020-12-28,0.01265281
2020-12-29,0.00191007
2020-12-30,-0.00552672
2020-12-31,0.00340058
2021-01-01,0.00536969
2021-01-04,0.01897914
2021-01-05,-0.00372888
2021-01-06,-0.00207378
2021-01-07,-0.00325613
2021-01-08,-0.00469558
2021-01-11,0.00731092
2021-01-12,0.0083943
2021-01-13,-0.00812746
2021-01-14,-0.00110024
2021-01-15,-0.0071365
2021-01-18,-0.01708259
2021-01-19,0.00910126
2021-01-20,0.00521508
2021-01-21,-0.00357286
2021-01-22,-0.00521126
2021-01-25,-0.01177781
2021-01-26,-0.00443182
2021-01-27,-7.947e-05
2021-01-28,-0.01914836
2021-01-29,0.00265511
2021-02-01,-0.00550177
2021-02-02,-0.0025632
2021-02-03,-0.00844968
2021-02-04,0.00142095
2021-02-05,0.00368916
2021-02-08,-0.01946678
2021-02-09,0.00105242
2021-02-10,-0.00626607
2021-02-11,-0.00553323
2021-02-12,0.00922449
2021-02-15,-0.01964006
2021-02-16,0.00899082
2021-02-17,0.00615163
2021-02-18,0.00140507
2021-02-19,0.00834079
2021-02-22,-0.00172892
2021-02-23,0.00764547
2021-02-24,0.00551813
2021-02-25,0.00302995
2021-02-26,0.02032887
2021-03-01,0.0098835
2021-03-02,-0.00367885
2021-03-03,-0.00667963
2021-03-04,-0.00166066
2021-03-05,-0.00954182
2021-03-08,0.00057713
2021-03-09,-0.01050381
2021-03-10,-0.01351832
2021-03-11,0.00726897
2021-03-12,-0.00421443
2021-03-15,0.00338107
2021-03-16,-0.01657771
2021-03-17,0.00332202
2021-03-18,-0.00365703
2021-03-19,-0.00294666
2021-03-22,0.00462837
2021-03-23,0.00735534
2021-03-24,0.00567542
2021-03-25,-0.00425298
2021-03-26,-0.01219651
2021-03-29,0.00308612
2021-03-30,0.00724122
2021-03-31,-0.004461
2021-04-01,0.00372293
2021-04-02,0.01170112
2021-04-05,-0.00841057
2021-04-06,-0.00082074
2021-04-07,0.00158332
2021-04-08,0.00212998
2021-04-09,0.01101893
2021-04-12,0.01797468
2021-04-13,0.00112045
2021-04-14,-0.02176313
2021-04-15,-0.00168436
2021-04-16,0.00736145
2021-04-19,0.00250761
2021-04-20,0.00184002
2021-04-21,-0.00164069
2021-04-22,-0.00034966
2021-04-23,-0.00746004
2021-04-26,-0.01181199
2021-04-27,-0.0030455
2021-04-28,0.00736401
2021-04-29,0.00996913
2021-04-30,-0.0038484
2021-05-03,0.00032235
2021-05-04,-0.00617738
2021-05-05,-0.00224184
2021-05-06,0.00531244
2021-05-07,0.01286421
2021-05-10,-0.01003467
2021-05-11,-0.00442102
2021-05-12,0.005931
2021-05-13,-0.00091354
2021-05-14,0.00514739
2021-05-17,-0.00521952
2021-05-18,0.00176902
2021-05-19,0.00415036
2021-05-20,-0.0004222
2021-05-21,-0.00811466
2021-05-24,0.00252315
2021-05-25,-0.00891953
2021-05-26,-0.00395013
2021-05-27,-0.00682392
2021-05-28,0.00266161
2021-05-31,-0.01062855
2021-06-01,0.00178849
2021-06-02,0.01055148
2021-06-03,-0.0132524
2021-06-04,0.0059716
2021-06-07,-0.000841
2021-06-08,0.0121881
2021-06-09,-0.00106082
2021-06-10,0.00075262
2021-06-11,-0.01581314
2021-06-14,-0.00234623
2021-06-15,-0.00283037
2021-06-16,-0.00359476
2021-06-17,0.00806632
2021-06-18,-0.01439363
2021-06-21,0.00853514
2021-06-22,0.00354155
2021-06-23,-0.00796435
2021-06-24,-0.00429054
2021-06-25,-0.00425685
2021-06-28,-0.00510326
2021-06-29,-0.00364003
2021-06-30,-0.0022834
2021-07-01,-0.00857423
2021-07-02,0.00967949
2021-07-05,-0.00042386
2021-07-06,0.00034307
2021-07-07,0.00604221
2021-07-08,-0.00356551
2021-07-09,0.01461083
2021-07-12,0.01692446
2021-07-13,0.00711928
2021-07-14,-0.00446306
2021-07-15,-0.00768976
2021-07-16,-0.00230268
2021-07-19,-0.01357311
2021-07-20,-0.00675126
2021-07-21,-0.0006375
2021-07-22,-0.00599506
2021-07-23,-0.00224848
2021-07-26,-0.00101608
2021-07-27,0.00367242
2021-07-28,-0.00524459
2021-07-29,-0.00627105
2021-07-30,0.00437576
2021-08-02,0.00459139
2021-08-03,0.00933798
2021-08-04,-0.00775881
2021-08-05,0.01412692
2021-08-06,0.00629508
2021-08-09,0.00482164
2021-08-10,-0.0034244
2021-08-11,-0.00235954
2021-08-12,0.00539677
2021-08-13,0.00044984
2021-08-16,-0.00645856
2021-08-17,-0.00339835
2021-08-18,-0.00137378
2021-08-19,-0.00183782
2021-08-20,-0.00018245
2021-08-23,0.00398678
2021-08-24,-0.00352855
2021-08-25,0.01338637
2021-08-26,-0.00167248
2021-08-27,-0.00132896
2021-08-30,0.0022289
2021-08-31,-0.0051903
2021-09-01,0.00258842
2021-09-02,-0.00702406
2021-09-03,-0.01255509
2021-09-06,0.00291369
2021-09-07,-0.01006531
2021-09-08,0.00339294
2021-09-09,0.00547056
2021-09-10,-0.01399444
2021-09-13,-0.00318223
2021-09-14,-0.00658425
2021-09-15,-0.001249
2021-09-16,-0.00513494
2021-09-17,-0.00463521
2021-09-20,0.00957785
2021-09-21,0.00855479
2021-09-22,-0.00941666
2021-09-23,0.00042231
2021-09-24,0.00115762
2021-09-27,-0.00969329
2021-09-28,-0.00626589
2021-09-29,0.00065356
2021-09-30,-0.00020985
2021-10-01,-0.00403822
2021-10-04,-0.00394661
2021-10-05,-0.00116346
2021-10-06,-0.00238428
2021-10-07,-0.00611282
2021-10-08,-0.00037096
2021-10-11,-0.00812342
2021-10-12,0.00465316
2021-10-13,-0.00086607
2021-10-14,0.00582221
2021-10-15,-0.00386269
2021-10-18,-0.0064206
2021-10-19,-0.00302873
2021-10-20,-0.00537082
2021-10-21,0.01376765
2021-10-22,-0.00823398
2021-10-25,0.00119636
2021-10-26,-0.00764815
2021-10-27,0.00447138
2021-10-28,-0.00314497
2021-10-29,0.00227957
2021-11-01,-0.01159458
2021-11-02,0.00207055
2021-11-03,-0.00556537
2021-11-04,-0.0093936
2021-11-05,-0.00471373
2021-11-08,0.00693783
2021-11-09,-0.00025938
2021-11-10,-0.00384556
2021-11-11,-0.00959673
2021-11-12,-0.01405786
2021-11-15,0.0045151
2021-11-16,0.01007952
2021-11-17,-0.00270086
2021-11-18,-0.00383785
2021-11-19,-0.00587337
2021-11-22,-0.00634898
2021-11-23,-0.00127935
2021-11-24,-0.02087161
2021-11-25,-0.00027905
2021-11-26,-0.00474902
2021-11-29,0.00023231
2021-11-30,0.00646398
2021-12-01,0.0141824
2021-12-02,0.00070959
2021-12-03,-0.01528819
2021-12-06,0.013144
2021-12-07,-0.00126782
2021-12-08,0.00983046
2021-12-09,-0.00791893
2021-12-10,-0.00279054
2021-12-13,0.00802176
2021-12-14,0.0044899
2021-12-15,0.0023084
2021-12-16,-0.00088783
2021-12-17,0.0017815
2021-12-20,0.0023562
2021-12-21,0.0035004
2021-12-22,-0.01132098
2021-12-23,-0.00730091
2021-12-24,-0.00574534
2021-12-27,-0.00303473
2021-12-28,0.00317281
2021-12-29,0.00114372
2021-12-30,-0.01110545
2021-12-31,-0.00513691
2022-01-03,-0.0073001
2022-01-04,-0.01247603
2022-01-05,0.01090262
2022-01-06,0.00100736
2022-01-07,-0.00183993
2022-01-10,0.00442243
2022-01-11,-0.00059427
2022-01-12,0.00166495
2022-01-13,-0.002335
2022-01-14,-0.00846019
2022-01-17,0.00746069
2022-01-18,0.00688102
2022-01-19,-0.00814664
2022-01-20,-0.00996279
2022-01-21,1.85e-05
2022-01-24,-0.0072985
2022-01-25,-0.00737839
2022-01-26,0.01105044
2022-01-27,-0.0131717
2022-01-28,0.00485094
2022-01-31,0.00710594
2022-02-01,0.00295293
2022-02-02,-0.00391988
2022-02-03,0.01668788
2022-02-04,0.00157352
2022-02-07,-0.0057611
2022-02-08,-0.00691341
2022-02-09,0.00062608
2022-02-10,0.01371953
2022-02-11,-0.01397811
2022-02-14,-0.00471366
2022-02-15,0.00141881
2022-02-16,0.00100059
2022-02-17,0.0023087
2022-02-18,-0.00532889
2022-02-21,-0.00237725
2022-02-22,0.00204374
2022-02-23,0.01140369
2022-02-24,-0.00875237
2022-02-25,0.00449241
2022-02-28,0.01190679
2022-03-01,0.01269163
2022-03-02,0.00616411
2022-03-03,-0.00293992
2022-03-04,0.00437324
2022-03-07,0.00127898
2022-03-08,0.00827011
2022-03-09,0.00697417
2022-03-10,-0.00198215
2022-03-11,-0.0058841
2022-03-14,-0.00420551
2022-03-15,-0.004956
2022-03-16,-0.0038822
2022-03-17,0.00757319
2022-03-18,0.00407779
2022-03-21,-0.0005697
2022-03-22,-0.01517771
2022-03-23,0.00578638
2022-03-24,0.00336796
2022-03-25,0.0156945
2022-03-28,0.00596277
2022-03-29,0.00131701
2022-03-30,0.00249624
2022-03-31,-0.0062492
2022-04-01,0.00880319
2022-04-04,-0.00704701
2022-04-05,0.00108554
2022-04-06,0.00226723
2022-04-07,0.01477619
2022-04-08,0.00264158
2022-04-11,0.00057088
2022-04-12,-0.00953516
2022-04-13,0.00229284
2022-04-14,0.01943047
2022-04-15,-0.00654191
2022-04-18,-0.00424101
2022-04-19,-0.00515068
2022-04-20,0.00922025
2022-04-21,0.0148098
2022-04-22,-0.00464524
2022-04-25,-0.00787763
2022-04-26,0.00426753
2022-04-27,-0.01096656
2022-04-28,-0.00988853
2022-04-29,-0.00573528
2022-05-02,0.01322328
2022-05-03,-0.0122777
2022-05-04,0.00967669
2022-05-05,0.00943383
2022-05-06,0.00555074
2022-05-09,0.00330019
2022-05-10,0.01155741
2022-05-11,-0.00243677
2022-05-12,-0.00325668
2022-05-13,0.00015158
2022-05-16,-0.00456846
2022-05-17,-0.00109097
2022-05-18,-0.00707912
2022-05-19,0.00895802
2022-05-20,-0.00311026
2022-05-23,0.00539308
2022-05-24,0.00271745
2022-05-25,-0.00844131
2022-05-26,-0.00303578
2022-05-27,0.00320034
2022-05-30,-0.00386059
2022-05-31,-0.00788477
2022-06-01,0.00766973
2022-06-02,-0.0067977
2022-06-03,-0.00266223
2022-06-06,-0.00483543
2022-06-07,0.00495961
2022-06-08,-0.00056518
2022-06-09,-0.00153013
2022-06-10,-0.00230558
2022-06-13,0.00783801
2022-06-14,0.0025155
2022-06-15,-0.00193862
2022-06-16,-0.00201022
2022-06-17,0.00117058
2022-06-20,0.00129696
2022-06-21,0.00199787
2022-06-22,0.00329492
2022-06-23,-0.00491004
2022-06-24,-0.0099385
2022-06-27,0.00703388
2022-06-28,-0.00441574
2022-06-29,-0.00017598
2022-06-30,0.00010988
2022-07-01,-0.00733385
2022-07-04,0.00195026
2022-07-05,0.00442155
2022-07-06,-0.00648418
2022-07-07,0.00444492
2022-07-08,9.092e-05
2022-07-11,0.00380545
2022-07-12,-0.00184733
2022-07-13,-0.00331542
2022-07-14,0.00189543
2022-07-15,-0.00387538
2022-07-18,0.00101648
2022-07-19,-0.00181497
2022-07-20,-0.00268553
2022-07-21,-0.00248571
2022-07-22,0.00648113
2022-07-25,-0.00087173
2022-07-26,-0.00291538
2022-07-27,-0.00127093
2022-07-28,-0.00026215
2022-07-29,0.00111222
2022-08-01,0.00432576
2022-08-02,-0.00425082
2022-08-03,-0.00392085
2022-08-04,0.00287273
2022-08-05,-0.00156185
2022-08-08,-0.00245035
2022-08-09,-0.00323021
2022-08-10,2.456e-05
2022-08-11,-0.01598792
2022-08-12,-0.00512812
2022-08-15,0.0052786
2022-08-16,-0.00041459
2022-08-17,0.000721
2022-08-18,-0.00753332
2022-08-19,-0.01199099
2022-08-22,-0.00425139
2022-08-23,0.00886735
2022-08-24,-0.00383271
2022-08-25,-0.00469379
2022-08-26,-0.00287081
2022-08-29,-0.00259314
2022-08-30,-0.00117548
2022-08-31,0.00470007
2022-09-01,-0.00337487
2022-09-02,-0.00802824
2022-09-05,0.00681843
2022-09-06,-0.00573313
2022-09-07,0.00718485
2022-09-08,-0.00047463
2022-09-09,-0.00614016
2022-09-12,0.00125952
2022-09-13,0.00162975
2022-09-14,-0.00467709
2022-09-15,0.00251488
2022-09-16,0.00306856
2022-09-19,-0.00314226
2022-09-20,-0.00644485
2022-09-21,-0.00109098
2022-09-22,-0.0043213
2022-09-23,-0.00374659
2022-09-26,-0.00659949
2022-09-27,-0.00300485
2022-09-28,-0.00125233
2022-09-29,-0.0095
2022-09-30,-0.00035668
2022-10-03,-0.00641935
2022-10-04,0.00419562
2022-10-05,0.00702279
2022-10-06,0.00022887
2022-10-07,-0.00100166
2022-10-10,-0.00162793
2022-10-11,0.00374671
2022-10-12,0.00296812
2022-10-13,0.00094243
2022-10-14,0.00080098
2022-10-17,0.00197625
2022-10-18,-0.00942362
2022-10-19,0.00682158
2022-10-20,-0.00264126
2022-10-21,-0.01363816
2022-10-24,-0.00228853
2022-10-25,-0.0076806
2022-10-26,-0.00044643
2022-10-27,0.00684745
2022-10-28,-0.00856511
2022-10-31,0.00138986
2022-11-01,0.0169437
2022-11-02,0.01368281
2022-11-03,0.01530665
2022-11-04,0.01593797
2022-11-07,0.00608322
2022-11-08,-0.00274904
2022-11-09,0.00880473
2022-11-10,-0.00426137
2022-11-11,0.01216799
2022-11-14,-0.00779024
2022-11-15,7.55e-05
2022-11-16,-0.01162381
2022-11-17,0.00659328
2022-11-18,-0.00244728
2022-11-21,0.01264169
2022-11-22,0.01028432
2022-11-23,0.00144647
2022-11-24,0.01108783
2022-11-25,0.00610229
2022-11-28,-0.00179986
2022-11-29,-0.00406763
2022-11-30,-0.00197568
2022-12-01,0.01098515
2022-12-02,0.0125235
2022-12-05,0.00826515
2022-12-06,0.02281547
2022-12-07,0.00221057
2022-12-08,0.01246901
2022-12-09,0.00534485
2022-12-12,0.00305717
2022-12-13,0.00519811
2022-12-14,0.0029706
2022-12-15,-0.01028352
2022-12-16,-0.00266528
2022-12-19,-0.00546871
2022-12-20,0.00203122
2022-12-21,-0.00346231
2022-12-22,0.00094622
2022-12-23,0.00103412
2022-12-26,0.00200213
2022-12-27,-0.01510687
2022-12-28,-0.00234489
2022-12-29,0.01053649
2022-12-30,0.00599448
2023-01-02,-0.01333902
2023-01-03,-0.01050454
2023-01-04,-0.00089467
2023-01-05,-0.01070538
2023-01-06,0.00414772
2023-01-09,0.00868536
2023-01-10,-0.01285277
2023-01-11,-0.0070978
2023-01-12,0.00620858
2023-01-13,0.01302607
2023-01-16,0.0120886
2023-01-17,0.00112581
2023-01-18,-0.01139114
2023-01-19,0.00469504
2023-01-20,0.01880188
2023-01-23,-0.00351809
2023-01-24,0.00017415
2023-01-25,-0.00143689
2023-01-26,-0.00377794
2023-01-27,-0.00426995
2023-01-30,0.00332057
2023-01-31,-0.00525661
2023-02-01,0.00429917
2023-02-02,-0.00866596
2023-02-03,0.00795516
2023-02-06,-0.00804938
2023-02-07,0.02013511
2023-02-08,-0.00413244
2023-02-09,0.00046685
2023-02-10,0.00055655
2023-02-13,0.00494241
2023-02-14,0.00016731
2023-02-15,-0.00507605
2023-02-16,-0.00741235
2023-02-17,0.00851897
2023-02-20,-0.00562601
2023-02-21,0.00798654
2023-02-22,0.00175775
2023-02-23,0.00962436
2023-02-24,-0.00457939
2023-02-27,0.00029025
2023-02-28,0.00694256
2023-03-01,0.00157955
2023-03-02,0.00853843
2023-03-03,0.00320135
2023-03-06,-0.00465094
2023-03-07,-0.00289132
2023-03-08,-0.00086764
2023-03-09,0.00698847
2023-03-10,-0.00349987
2023-03-13,0.00637881
2023-03-14,-0.00886136
2023-03-15,-0.00040925
2023-03-16,-0.00499704
2023-03-17,0.0047906
2023-03-20,6.204e-05
2023-03-21,0.00458048
2023-03-22,-0.00190855
2023-03-23,-0.01246396
2023-03-24,-0.00481439
2023-03-27,0.00065909
2023-03-28,0.00165932
2023-03-29,-0.00895984
2023-03-30,0.00088389
2023-03-31,-0.00238239
2023-04-03,-0.00045608
2023-04-04,0.00316957
2023-04-05,0.00364833
2023-04-06,-0.0047819
2023-04-07,-0.00577367
2023-04-10,-0.00673643
2023-04-11,0.00106939
2023-04-12,0.00529313
2023-04-13,0.0001268
2023-04-14,-0.00559891
2023-04-17,-0.00054238
2023-04-18,0.00995578
2023-04-19,8.139e-05
2023-04-20,-0.00107321
2023-04-21,-0.00054128
2023-04-24,0.00614559
2023-04-25,0.0046901
2023-04-26,-0.00179366
2023-04-27,-0.00113002
2023-04-28,-0.00820398
2023-05-01,-0.00537418
2023-05-02,-0.0011004
2023-05-03,-0.00981259
2023-05-04,0.00609169
2023-05-05,0.00329275
2023-05-08,-0.00280721
2023-05-09,0.00184235
2023-05-10,0.00347045
2023-05-11,-0.00313674
2023-05-12,-0.00193511
2023-05-15,-0.0006183
2023-05-16,0.00345821
2023-05-17,0.00517189
2023-05-18,-0.0003114
2023-05-19,0.00703175
2023-05-22,-0.00794907
2023-05-23,0.0063774
2023-05-24,0.00799002
2023-05-25,-0.00439458
2023-05-26,0.00047465
2023-05-29,-0.00576676
2023-05-30,-0.00442867
2023-05-31,0.01133426
2023-06-01,-0.00451187
2023-06-02,-0.00817422
2023-06-05,-0.00054447
2023-06-06,0.00162274
2023-06-07,0.00368849
2023-06-08,0.00448328
2023-06-09,0.00413161
2023-06-12,-0.00460226
2023-06-13,0.00230635
2023-06-14,0.00133404
2023-06-15,-0.00040596
2023-06-16,0.00287497
2023-06-19,0.00241734
2023-06-20,-0.00919985
2023-06-21,0.00111383
2023-06-22,-0.00241108
2023-06-23,0.00643507
2023-06-26,0.00176792
2023-06-27,0.01172517
2023-06-28,0.00789534
2023-06-29,-0.00295853
2023-06-30,0.00113161
2023-07-03,-0.00141691
2023-07-04,0.00260589
2023-07-05,0.00100972
2023-07-06,-0.00388957
2023-07-07,0.00027219
2023-07-10,-0.00533224
2023-07-11,0.00646903
2023-07-12,0.00422607
2023-07-13,0.00789465
2023-07-14,0.00368549
2023-07-17,-0.00156247
2023-07-18,0.0025445
2023-07-19,0.0077484
2023-07-20,0.00134625
2023-07-21,0.00798291
2023-07-24,-0.00941719
2023-07-25,0.00622047
2023-07-26,-0.00890666
2023-07-27,-0.00164984
2023-07-28,0.00378241
2023-07-31,-0.00286856
2023-08-01,0.01198284
2023-08-02,0.00181403
