date,returns,true_volatility,regime
2014-01-02,0.00064451,0.00707107,1
2014-01-03,0.00387142,0.00689245,1
2014-01-06,-0.00044525,0.00676892,1
2014-01-07,-0.00028815,0.00660596,1
2014-01-08,0.0035411,0.00644991,1
2014-01-09,0.0035378,0.00634149,1
2014-01-10,0.00245289,0.00623888,1
2014-01-13,-0.00839278,0.00611807,1
2014-01-14,-0.00328499,0.00629196,1
2014-01-15,-0.00160127,0.00620163,1
2014-01-16,0.00479541,0.00607855,1
2014-01-17,0.00057414,0.00603098,1
2014-01-20,-0.00202451,0.00590173,1
2014-01-21,0.00249078,0.00580193,1
2014-01-22,0.0021592,0.00570491,1
2014-01-23,-0.00610096,0.0056072,1
2014-01-24,0.00337673,0.00568229,1
2014-01-27,-0.00208373,0.00561262,1
2014-01-28,0.00147598,0.00552997,1
2014-01-29,0.00280683,0.00543222,1
2014-01-30,-0.00483988,0.00536261,1
2014-01-31,0.0068035,0.00539124,1
2014-02-03,-0.00524534,0.00549051,1
2014-02-04,0.00505172,0.00552929,1
2014-02-05,0.00384941,0.00552828,1
2014-02-06,-0.00065609,0.00548201,1
2014-02-07,0.00686986,0.00538465,1
2014-02-10,-0.00309083,0.00548845,1
2014-02-11,-0.0071197,0.00543961,1
2014-02-12,0.00042136,0.00559202,1
2014-02-13,-0.0048315,0.00548475,1
2014-02-14,-0.00010852,0.00550393,1
2014-02-17,0.00175092,0.00540195,1
2014-02-18,0.00838367,0.00531448,1
2014-02-19,-0.00096506,0.00552575,1
2014-02-20,0.00085909,0.00542923,1
2014-02-21,0.00381011,0.00533187,1
2014-02-24,0.0045052,0.00529668,1
2014-02-25,-0.00031543,0.00528916,1
2014-02-26,0.00501098,0.0051996,1
2014-02-27,-0.00492461,0.00522044,1
2014-02-28,-0.00246602,0.00526404,1
2014-03-03,-0.00328405,0.00521085,1
2014-03-04,-0.00135568,0.00518599,1
2014-03-05,0.00336491,0.00511361,1
2014-03-06,0.00039685,0.00507821,1
2014-03-07,0.00505792,0.00499835,1
2014-03-10,-0.00651619,0.00503652,1
2014-03-11,-0.00266283,0.00518786,1
2014-03-12,0.00415148,0.00514479,1
2014-03-13,-0.00041676,0.00513398,1
2014-03-14,-0.00156942,0.00505355,1
2014-03-17,-0.0093265,0.00499254,1
2014-03-18,0.0036646,0.00536788,1
2014-03-19,-0.00549155,0.00532571,1
2014-03-20,0.00253074,0.00539026,1
2014-03-21,-0.00517842,0.00531694,1
2014-03-24,-0.0026014,0.00536578,1
2014-03-25,0.00824869,0.00531009,1
2014-03-26,-0.00528465,0.00551202,1
2014-03-27,-0.00479142,0.00555113,1
2014-03-28,-0.00091245,0.00556364,1
2014-03-31,-0.00962335,0.0054645,1
2014-04-01,0.00022848,0.00580467,1
2014-04-02,0.00044335,0.00568646,1
2014-04-03,-0.00136871,0.00557435,1
2014-04-04,-0.00432099,0.00548065,1
2014-04-07,-0.00026159,0.00547746,1
2014-04-08,-0.00333558,0.00537756,1
2014-04-09,-0.00160494,0.00534366,1
2014-04-10,-0.00405715,0.00526662,1
2014-04-11,0.00324683,0.00526735,1
2014-04-14,-0.00187201,0.00521891,1
2014-04-15,0.00504031,0.00515425,1
2014-04-16,-0.0042039,0.00517979,1
2014-04-17,-0.00126337,0.00519291,1
2014-04-18,-0.00334122,0.00511868,1
2014-04-21,0.00244481,0.00510194,1
2014-04-22,0.00583236,0.00504358,1
2014-04-23,0.00403865,0.00511736,1
2014-04-24,0.00828907,0.00510423,1
2014-04-25,0.00297926,0.00533111,1
2014-04-28,-0.00789023,0.00527164,1
2014-04-29,0.00128596,0.00549535,1
2014-04-30,0.00571042,0.00539755,1
2014-05-01,0.00393204,0.00543671,1
2014-05-02,0.00067905,0.00539892,1
2014-05-05,0.00101764,0.00530237,1
2014-05-06,0.00088501,0.00521276,1
2014-05-07,-0.00875113,0.00512717,1
2014-05-08,-0.00423343,0.00543543,1
2014-05-09,0.00311311,0.0054317,1
2014-05-12,0.0064414,0.00536971,1
2014-05-13,-0.00405136,0.00544989,1
2014-05-14,-0.00284186,0.00543773,1
2014-05-15,0.00227139,0.00538448,1
2014-05-16,0.00232351,0.00530636,1
2014-05-19,-0.00087395,0.00523366,1
2014-05-20,-0.00390525,0.00515196,1
2014-05-21,0.00406613,0.00515451,1
2014-05-22,0.00478496,0.00513987,1
2014-05-23,-0.00696549,0.00515507,1
2014-05-26,-0.00760136,0.00532484,1
2014-05-27,0.00306836,0.00552184,1
2014-05-28,0.0010255,0.0054534,1
2014-05-29,-0.00465349,0.00535575,1
2014-05-30,-0.00130839,0.00537616,1
2014-06-02,0.00082774,0.00529237,1
2014-06-03,0.00554316,0.00520216,1
2014-06-04,0.00307143,0.00524811,1
2014-06-05,0.00329175,0.00519603,1
2014-06-06,0.00360274,0.00515328,1
2014-06-09,0.00089797,0.00512277,1
2014-06-10,0.00036569,0.00504219,1
2014-06-11,-0.00028281,0.00496429,1
2014-06-12,0.0035018,0.00489245,1
2014-06-13,-0.0022554,0.00487577,1
2014-06-16,-0.0062455,0.00484103,1
2014-06-17,0.00504906,0.00499372,1
2014-06-18,0.00344669,0.00503183,1
2014-06-19,0.01189541,0.0050042,1
2014-06-20,0.00488177,0.00556882,1
2014-06-23,-0.00142186,0.00555793,1
2014-06-24,-0.00244561,0.00546594,1
2014-06-25,0.01030771,0.00540019,1
2014-06-26,0.00494206,0.00575573,1
2014-06-27,-0.00815631,0.00573471,1
2014-06-30,-0.00325036,0.00592961,1
2014-07-01,-0.00019056,0.00585912,1
2014-07-02,0.00641947,0.00573919,1
2014-07-03,-0.00313052,0.00578835,1
2014-07-04,-0.01238993,0.00572259,1
2014-07-07,0.00408219,0.00628549,1
2014-07-08,-0.0087167,0.00620138,1
2014-07-09,-0.00180957,0.00638985,1
2014-07-10,-0.0106039,0.00626056,1
2014-07-11,-0.00324276,0.00658754,1
2014-07-14,-4.555e-05,0.00647963,1
2014-07-15,-0.01151616,0.00632871,1
2014-07-16,-0.00679313,0.00672532,1
2014-07-17,0.00230002,0.00675126,1
2014-07-18,-0.00314062,0.00660219,1
2014-07-21,0.00490193,0.00649073,1
2014-07-22,-0.00381232,0.00642179,1
2014-07-23,-0.00713275,0.00634021,1
2014-07-24,-0.00713224,0.00641456,1
2014-07-25,0.00358996,0.00648292,1
2014-07-28,0.00633237,0.00637397,1
2014-07-29,0.00137297,0.00637205,1
2014-07-30,0.00512109,0.00623044,1
2014-07-31,0.00518595,0.00618573,1
2014-08-01,-0.00803552,0.00614642,1
2014-08-04,-0.00544425,0.00629349,1
2014-08-05,-0.0004507,0.00628373,1
2014-08-06,0.00130584,0.00614406,1
2014-08-07,0.00117873,0.00601312,1
2014-08-08,-0.00038432,0.00588771,1
2014-08-11,-0.00314478,0.00576732,1
2014-08-12,0.00081376,0.00570325,1
2014-08-13,0.00081207,0.00559136,1
2014-08-14,-0.00126132,0.00548525,1
2014-08-15,0.00344975,0.00539479,1
2014-08-18,-0.0011975,0.00534439,1
2014-08-19,-0.00025299,0.00526073,1
2014-08-20,0.0016141,0.00517236,1
2014-08-21,-0.00281861,0.00509577,1
2014-08-22,0.00785149,0.00506315,1
2014-08-25,-0.00468675,0.00526234,1
2014-08-26,0.00273256,0.00529124,1
2014-08-27,-0.00701568,0.00522812,1
2014-08-28,-0.00064435,0.00539406,1
2014-08-29,-0.00462712,0.0053013,1
2014-09-01,-0.00263945,0.0053245,1
2014-09-02,0.0089841,0.00527236,1
2014-09-03,-0.00189965,0.00553377,1
2014-09-04,0.00148869,0.0054517,1
2014-09-05,-0.00280034,0.00535828,1
2014-09-08,0.00870379,0.00530867,1
2014-09-09,0.01537536,0.00554441,1
2014-09-10,-0.00647211,0.00639937,1
2014-09-11,-0.00982551,0.0064326,1
2014-09-12,-0.00554236,0.00667894,1
2014-09-15,0.00796203,0.00664773,1
2014-09-16,-0.00050602,0.00671075,1
2014-09-17,-0.01357179,0.0065509,1
2014-09-18,-0.00881025,0.00710856,1
2014-09-19,0.00174573,0.00722109,1
2014-09-22,-0.00086696,0.00704263,1
2014-09-23,0.00975591,0.00686985,1
2014-09-24,0.00131676,0.0070258,1
2014-09-25,-0.0023183,0.00685261,1
2014-09-26,-0.00371435,0.00670924,1
2014-09-29,-0.00466854,0.00660823,1
2014-09-30,-0.00692282,0.0065457,1
2014-10-01,-0.00134507,0.00659207,1
2014-10-02,0.00544649,0.00644584,1
2014-10-03,-0.00443796,0.00640037,1
2014-10-06,-0.00198899,0.0063419,1
2014-10-07,0.00137925,0.00621822,1
2014-10-08,0.0078,0.00608423,1
2014-10-09,0.00117403,0.00618378,1
2014-10-10,0.00117534,0.00604984,1
2014-10-13,0.00421306,0.00592257,1
2014-10-14,0.00108744,0.00586405,1
2014-10-15,0.00118101,0.00574552,1
2014-10-16,-0.00178609,0.00563374,1
2014-10-17,0.00727376,0.0055439,1
2014-10-20,0.00149127,0.00565819,1
2014-10-21,-0.00342639,0.00555383,1
2014-10-22,0.00322132,0.00551182,1
2014-10-23,0.00094481,0.00544796,1
2014-10-24,-0.00790962,0.00535008,1
2014-10-27,0.00158324,0.00556684,1
2014-10-28,-0.00343417,0.00546834,1
2014-10-29,-0.00137058,0.00543201,1
2014-10-30,0.00407758,0.0053461,1
2014-10-31,0.00501763,0.00531918,1
2014-11-03,0.00370397,0.00533159,1
2014-11-04,0.00142921,0.00529296,1
2014-11-05,0.00690173,0.00520751,1
2014-11-06,-0.0053245,0.00532907,1
2014-11-07,0.00835172,0.0053845,1
2014-11-10,0.00501727,0.00558613,1
2014-11-11,-0.00317565,0.00557971,1
2014-11-12,-0.00835122,0.00552791,1
2014-11-13,0.0008288,0.00575855,1
2014-11-14,-5.588e-05,0.0056439,1
2014-11-17,-0.00453405,0.00553446,1
2014-11-18,-0.00367064,0.00553665,1
2014-11-19,0.00319379,0.00550427,1
2014-11-20,0.00305589,0.00544012,1
2014-11-21,-0.00047204,0.00537615,1
2014-11-24,0.00270501,0.00528295,1
2014-11-25,0.00013264,0.00521969,1
2014-11-26,-0.0068407,0.00513219,1
2014-11-27,-0.00511026,0.00529576,1
2014-11-28,0.00140374,0.0053428,1
2014-12-01,-0.00116274,0.00525435,1
2014-12-02,0.00134662,0.00517519,1
2014-12-03,0.00387964,0.00509535,1
2014-12-04,-0.00495118,0.00507798,1
2014-12-05,-0.00652311,0.00513416,1
2014-12-08,0.00224311,0.00527657,1
2014-12-09,0.00010519,0.00520404,1
2014-12-10,0.00136124,0.00511744,1
2014-12-11,0.00178606,0.00504097,1
2014-12-12,0.0167425,0.00497423,1
2014-12-15,0.00077906,0.00612607,1
2014-12-16,0.00143623,0.00599276,1
2014-12-17,-0.00130866,0.00587059,1
2014-12-18,-0.00309664,0.00576027,1
2014-12-19,-0.00373503,0.00569517,1
2014-12-22,0.00669048,0.00565496,1
2014-12-23,0.00525301,0.00572556,1
2014-12-24,-0.00620331,0.0057196,1
2014-12-25,-0.0107928,0.00579125,1
2014-12-26,0.00590198,0.0061922,1
2014-12-29,0.00641198,0.00618291,1
2014-12-30,-0.00149996,0.00619841,1
2014-12-31,0.00088104,0.00607395,1
2015-01-01,0.0009293,0.00594367,1
2015-01-02,-0.00382296,0.00582015,1
2015-01-05,-0.00593163,0.00577519,1
2015-01-06,0.00240732,0.00582751,1
2015-01-07,0.00570333,0.00572754,1
2015-01-08,0.00118271,0.00574179,1
2015-01-09,0.00700969,0.00563022,1
2015-01-12,0.00143378,0.00572113,1
2015-01-13,-0.00405723,0.00561288,1
2015-01-14,0.00325573,0.00559003,1
2015-01-15,-0.00123908,0.00552249,1
2015-01-16,-0.00387864,0.00542968,1
2015-01-19,0.00424937,0.0054121,1
2015-01-20,0.00359357,0.00538705,1
2015-01-21,-0.00402962,0.00534147,1
2015-01-22,-0.00232721,0.00533586,1
2015-01-23,-8.86e-05,0.0052748,1
2015-01-26,-0.008054,0.00518492,1
2015-01-27,-0.00137329,0.00543056,1
2015-01-28,-0.00543113,0.00534478,1
2015-01-29,-0.00065064,0.00540456,1
2015-01-30,-0.0044601,0.00531129,1
2015-02-02,0.0028959,0.00532617,1
2015-02-03,-0.01028762,0.0052649,1
2015-02-04,0.01141434,0.00569067,1
2015-02-05,-0.01221032,0.00610683,1
2015-02-06,0.01100531,0.00659607,1
2015-02-09,0.0002213,0.0068697,1
2015-02-10,-0.00432492,0.00669997,1
2015-02-11,0.01803367,0.00661943,1
2015-02-12,-0.00180255,0.00758115,1
2015-02-13,0.00150518,0.00739403,1
2015-02-16,-0.00898261,0.00720536,1
2015-02-17,-0.00379356,0.00732062,1
2015-02-18,-0.00349864,0.00718873,1
2015-02-19,0.00416616,0.00705563,1
2015-02-20,0.00348918,0.00693142,1
2015-02-23,0.00906575,0.00679632,1
2015-02-24,-0.00084111,0.00691365,1
2015-02-25,-0.00099014,0.00674669,1
2015-02-26,-0.01215672,0.00658899,1
2015-02-27,0.00679086,0.00700958,1
2015-03-02,-0.00606668,0.0069858,1
2015-03-03,-0.00805652,0.00695787,1
2015-03-04,0.01237988,0.00703667,1
2015-03-05,-0.0049689,0.0073719,1
2015-03-06,-0.00961604,0.00727522,1
2015-03-09,-0.00557079,0.00742564,1
2015-03-10,-0.0042888,0.00734872,1
2015-03-11,-0.00490315,0.00723023,1
2015-03-12,0.00440243,0.00713937,1
2015-03-13,-0.00037961,0.00701742,1
2015-03-16,0.00960964,0.00684252,1
2015-03-17,0.00296958,0.00699115,1
2015-03-18,0.00504258,0.00684187,1
2015-03-19,-0.01245651,0.00675715,1
2015-03-20,-0.00587671,0.00718327,1
2015-03-23,0.00182045,0.00713407,1
2015-03-24,-0.00290904,0.00696045,1
2015-03-25,-0.00127423,0.00682433,1
2015-03-26,-0.0005438,0.00666598,1
2015-03-27,0.00406846,0.00650849,1
2015-03-30,-0.00073184,0.00641134,1
2015-03-31,-0.00227305,0.00626747,1
2015-04-01,-0.00475228,0.00615325,1
2015-04-02,0.00283954,0.00612278,1
2015-04-03,0.00435983,0.00601554,1
2015-04-06,0.00109287,0.00595632,1
2015-04-07,-0.00303804,0.00583316,1
2015-04-08,-0.0024248,0.00576204,1
2015-04-09,0.00764953,0.00567875,1
2015-04-10,0.0025628,0.00580445,1
2015-04-13,-0.00051577,0.0057087,1
2015-04-14,0.00082221,0.00559832,1
2015-04-15,0.00152967,0.0054919,1
2015-04-16,0.00333869,0.00539679,1
2015-04-17,0.00339022,0.00534305,1
2015-04-20,-0.01095806,0.00529408,1
2015-04-21,-0.0043374,0.0057795,1
2015-04-22,0.00169266,0.00575671,1
2015-04-23,0.00127638,0.0056495,1
2015-04-24,-0.00323248,0.0055435,1
2015-04-27,0.00323776,0.00549574,1
2015-04-28,-0.0001536,0.00543327,1
2015-04-29,0.00037917,0.0053352,1
2015-04-30,-0.00476618,0.00524139,1
2015-05-01,0.00533837,0.00527564,1
2015-05-04,0.00752648,0.00530598,1
2015-05-05,0.00015213,0.00545837,1
2015-05-06,0.00409551,0.0053581,1
2015-05-07,-0.00330807,0.00533103,1
2015-05-08,-0.00137708,0.00529919,1
2015-05-11,-0.00720518,0.00522076,1
2015-05-12,-0.00448304,0.00540045,1
2015-05-13,0.0010357,0.00540991,1
2015-05-14,-0.006607,0.00531465,1
2015-05-15,0.00613853,0.00544552,1
2015-05-18,0.00584665,0.00550294,1
2015-05-19,-0.00018166,0.00554083,1
2015-05-20,0.00540758,0.00543722,1
2015-05-21,-0.00350802,0.00545878,1
2015-05-22,-0.00447053,0.00542563,1
2015-05-25,-0.00806591,0.00543275,1
2015-05-26,0.0022473,0.00565227,1
2015-05-27,-0.00152902,0.0055589,1
2015-05-28,0.01090719,0.0054686,1
2015-05-29,0.00799794,0.00586837,1
2015-06-01,0.001528,0.00599917,1
2015-06-02,0.00031069,0.0058776,1
2015-06-03,0.00283892,0.00575569,1
2015-06-04,-0.0072019,0.00566844,1
2015-06-05,0.00189664,0.00580483,1
2015-06-08,0.01040249,0.00569778,1
2015-06-09,-0.00084185,0.00602455,1
2015-06-10,-0.00408444,0.00590083,1
2015-06-11,0.003898,0.00586034,1
2015-06-12,-0.00195155,0.00579541,1
2015-06-15,0.00140093,0.00569993,1
2015-06-16,0.00038653,0.00559245,1
2015-06-17,-0.00143946,0.00548513,1
2015-06-18,0.00107002,0.00539739,1
2015-06-19,-0.00090063,0.00530304,1
2015-06-22,0.0063628,0.00521783,1
2015-06-23,-0.00584226,0.0053064,1
2015-06-24,0.0094759,0.00539195,1
2015-06-25,-0.00035747,0.00567872,1
2015-06-26,0.0132384,0.00556886,1
2015-06-29,0.00183737,0.00618154,1
2015-06-30,0.00094053,0.00605432,1
2015-07-01,0.00866716,0.00592533,1
2015-07-02,-0.00333544,0.00609527,1
2015-07-03,-0.00846641,0.00601768,1
2015-07-06,-0.00722035,0.00620645,1
2015-07-07,0.00324343,0.00629694,1
2015-07-08,-0.00034929,0.00618943,1
2015-07-09,0.00863208,0.0060538,1
2015-07-10,-0.0005244,0.00620921,1
2015-07-13,-0.00240747,0.00607367,1
2015-07-14,0.01605748,0.00597275,1
2015-07-15,0.00632989,0.00682579,1
2015-07-16,-0.00733381,0.00679323,1
2015-07-17,0.00628626,0.00684335,1
2015-07-20,-0.00202187,0.00680772,1
2015-07-21,0.0055264,0.00666111,1
2015-07-22,0.00888805,0.00660532,1
2015-07-23,-0.00050446,0.00672784,1
2015-07-24,-0.01306085,0.00656717,1
2015-07-27,0.0039689,0.0070735,1
2015-07-28,0.00472854,0.00694299,1
2015-07-29,-0.0029944,0.00684188,1
2015-07-30,-0.0075045,0.00671395,1
2015-07-31,-0.00610834,0.00677992,1
2015-08-03,-0.00942868,0.00676778,1
2015-08-04,-0.0063076,0.00695191,1
2015-08-05,-0.00290757,0.00693751,1
2015-08-06,0.00306702,0.00680253,1
2015-08-07,0.00082165,0.00666469,1
2015-08-10,-0.00132581,0.00650557,1
2015-08-11,-0.00109143,0.00636333,1
2015-08-12,0.00016098,0.0062253,1
2015-08-13,0.00480562,0.00608626,1
2015-08-14,0.00471612,0.00603859,1
2015-08-17,-0.00082777,0.00599059,1
2015-08-18,-0.00086254,0.00586844,1
2015-08-19,-6.085e-05,0.00575287,1
2015-08-20,-0.00447928,0.00563785,1
2015-08-21,-0.01467222,0.00563049,1
2015-08-24,0.01129926,0.00645691,1
2015-08-25,0.00703563,0.00676922,1
2015-08-26,0.00352267,0.00677372,1
2015-08-27,0.00551072,0.00664761,1
2015-08-28,0.00210025,0.00659204,1
2015-08-31,0.00546157,0.00644788,1
2015-09-01,0.00102696,0.00640289,1
2015-09-02,-0.00991387,0.00625728,1
2015-09-03,-0.00518551,0.00652909,1
2015-09-04,0.00403587,0.00649227,1
2015-09-07,0.00964291,0.00639507,1
2015-09-08,-0.00510249,0.00658776,1
2015-09-09,0.00904235,0.0065437,1
2015-09-10,0.00050697,0.00668162,1
2015-09-11,-0.00883291,0.00652082,1
2015-09-14,0.00136711,0.00668694,1
2015-09-15,-0.00218094,0.00653009,1
2015-09-16,0.01284239,0.00640038,1
2015-09-17,0.00252568,0.00685295,1
2015-09-18,0.00251803,0.00670247,1
2015-09-21,0.01006864,0.00655931,1
2015-09-22,0.00962502,0.0067664,1
2015-09-23,-0.00096612,0.00692294,1
2015-09-24,-0.00340949,0.00675665,1
2015-09-25,0.00066948,0.00664414,1
2015-09-28,0.00525799,0.00648547,1
2015-09-29,-1.969e-05,0.0064301,1
2015-09-30,0.00074708,0.00628148,1
2015-10-01,0.00751429,0.00614044,1
2015-10-02,0.0094878,0.00621836,1
2015-10-05,-0.00052606,0.00641732,1
2015-10-06,-0.00432962,0.00627163,1
2015-10-07,-0.0029924,0.00621705,1
2015-10-08,-0.00246826,0.00612275,1
2015-10-09,0.00442322,0.00602055,1
2015-10-12,-0.00012339,0.00596321,1
2015-10-13,-0.00282086,0.00583777,1
2015-10-14,0.0045868,0.0057603,1
2015-10-15,0.00545521,0.00572514,1
2015-10-16,-0.00568809,0.00572814,1
2015-10-19,0.00725319,0.00577128,1
2015-10-20,0.00400033,0.00586459,1
2015-10-21,-0.00220279,0.00580263,1
2015-10-22,-0.00170249,0.00571199,1
2015-10-23,0.00062852,0.00561635,1
2015-10-26,0.00257196,0.00550825,1
2015-10-27,0.00258042,0.00542909,1
2015-10-28,-0.00118174,0.0053546,1
2015-10-29,0.00297561,0.00527015,1
2015-10-30,-0.00489163,0.00521424,1
2015-11-02,-0.00782357,0.00525668,1
2015-11-03,0.01003462,0.00547705,1
2015-11-04,-0.00198578,0.00579968,1
2015-11-05,-0.00320796,0.00570465,1
2015-11-06,0.00368221,0.00564626,1
2015-11-09,-0.00660668,0.00558754,1
2015-11-10,0.00482535,0.00569388,1
2015-11-11,-0.00154117,0.00567229,1
2015-11-12,-0.00344466,0.00557603,1
2015-11-13,-0.00548598,0.00553324,1
2015-11-16,-0.00414783,0.00558099,1
2015-11-17,-0.00985387,0.00556384,1
2015-11-18,0.00394445,0.00591138,1
2015-11-19,0.0024339,0.00584486,1
2015-11-20,0.00309826,0.00574445,1
2015-11-23,0.00233869,0.00566395,1
2015-11-24,0.00214918,0.00557158,1
2015-11-25,0.00521098,0.00548092,1
2015-11-26,-0.00346306,0.00549032,1
2015-11-27,0.00774742,0.00545358,1
2015-11-30,0.00108964,0.0056065,1
2015-12-01,0.000671,0.00550125,1
2015-12-02,-0.00240126,0.00539927,1
2015-12-03,-0.00729745,0.00533632,1
2015-12-04,0.00203274,0.00551081,1
2015-12-07,0.00065595,0.00542156,1
2015-12-08,-0.00031729,0.00532373,1
2015-12-09,-0.00288447,0.00523233,1
2015-12-10,-0.01026519,0.00519306,1
2015-12-11,-0.00220657,0.00562684,1
2015-12-14,-0.00101598,0.00554609,1
2015-12-15,0.00242939,0.00544909,1
2015-12-16,0.00595997,0.00537037,1
2015-12-17,-0.00513239,0.00542436,1
2015-12-18,-0.00910875,0.00546256,1
2015-12-21,0.00599017,0.00575995,1
2015-12-22,0.0045887,0.00578564,1
2015-12-23,-0.0019501,0.00574892,1
2015-12-24,0.00038036,0.00565595,1
2015-12-25,-0.00553731,0.00554534,1
2015-12-28,0.00151462,0.00559481,1
2015-12-29,0.00839778,0.00549405,1
2015-12-30,0.00039718,0.00568773,1
2015-12-31,-0.00783639,0.00557551,1
2016-01-01,0.00114203,0.0057637,1
2016-01-04,0.00339391,0.00565069,1
2016-01-05,0.01375249,0.00558335,1
2016-01-06,0.00703357,0.00624821,1
2016-01-07,0.00147779,0.00629081,1
2016-01-08,0.00365805,0.00615414,1
2016-01-11,-0.00807485,0.00606516,1
2016-01-12,0.00139335,0.00622238,1
2016-01-13,-0.00424001,0.00608831,1
2016-01-14,-0.00045007,0.00604181,1
2016-01-15,0.0012418,0.00591408,1
2016-01-18,0.00733518,0.00579416,1
2016-01-19,-0.01415649,0.00589041,1
2016-01-20,0.00466273,0.00661193,1
2016-01-21,0.00626112,0.00652756,1
2016-01-22,-0.00585024,0.00651177,1
2016-01-25,0.0013805,0.00650586,1
2016-01-26,-0.00689254,0.00635781,1
2016-01-27,0.01360745,0.00641708,1
2016-01-28,0.00062884,0.00693908,1
2016-01-29,0.01105661,0.00676651,1
2016-02-01,0.01127438,0.00702608,1
2016-02-02,-0.01119287,0.00727545,1
2016-02-03,-0.00361901,0.00753865,1
2016-02-04,-0.00743195,0.0073906,1
2016-02-05,-0.00230504,0.0074018,1
2016-02-08,0.00213977,0.00723124,1
2016-02-09,0.00609492,0.00705689,1
2016-02-10,-0.00029497,0.00699949,1
2016-02-11,0.00214506,0.00682503,1
2016-02-12,-0.00231153,0.00667012,1
2016-02-15,0.0003348,0.00653584,1
2016-02-16,-0.0066277,0.00638178,1
2016-02-17,0.00475713,0.00642463,1
2016-02-18,0.00946613,0.00635451,1
2016-02-19,-0.00441664,0.00653866,1
2016-02-22,-0.00421835,0.00647099,1
2016-02-23,-0.00758566,0.00640026,1
2016-02-24,0.0011974,0.00649654,1
2016-02-25,-0.01425266,0.00634752,1
2016-02-26,-0.00384281,0.00700426,1
2016-02-29,-0.00430006,0.00689083,1
2016-03-01,0.00839193,0.00679836,1
2016-03-02,0.01551396,0.00687433,1
2016-03-03,0.00546016,0.00751809,1
2016-03-04,8.957e-05,0.00740922,1
2016-03-07,0.00765903,0.00721499,1
2016-03-08,0.00477681,0.00721941,1
2016-03-09,-3.638e-05,0.00710448,1
2016-03-10,0.00333059,0.00692431,1
2016-03-11,0.00606321,0.00678595,1
2016-03-14,-0.00572257,0.00674436,1
2016-03-15,0.0015183,0.00671684,1
2016-03-16,0.0028156,0.00655988,1
2016-03-17,0.00865397,0.00642932,1
2016-03-18,-0.00421154,0.00655226,1
2016-03-21,0.0003782,0.00647646,1
2016-03-22,-0.00098561,0.00632524,1
2016-03-23,0.00161575,0.00618795,1
2016-03-24,0.00207259,0.0060578,1
2016-03-25,0.01391466,0.00594014,1
2016-03-28,0.00732759,0.00656378,1
2016-03-29,-0.00308359,0.00659824,1
2016-03-30,0.00348421,0.00648549,1
2016-03-31,0.00178787,0.00637372,1
2016-04-01,0.00111434,0.00623629,1
2016-04-04,0.01404031,0.00609935,1
2016-04-05,0.00097649,0.00671101,1
2016-04-06,0.01063182,0.00655042,1
2016-04-07,-0.01083377,0.00680013,1
2016-04-08,9.204e-05,0.0070854,1
2016-04-11,-0.01243148,0.00690585,1
2016-04-12,0.01170634,0.00731143,1
2016-04-13,0.01407722,0.0075644,1
2016-04-14,-0.00863353,0.00798157,1
2016-04-15,0.01035555,0.00801476,1
2016-04-18,0.00989154,0.00811145,1
2016-04-19,-0.01006868,0.0081725,1
2016-04-20,0.00957928,0.00827587,1
2016-04-21,0.00086301,0.00830668,1
2016-04-22,-0.00366769,0.00807383,1
2016-04-25,-0.00433668,0.00790005,1
2016-04-26,-0.00318687,0.00775351,1
2016-04-27,-0.01081108,0.00758397,1
2016-04-28,0.00207301,0.00778867,1
2016-04-29,-0.00803886,0.00758776,1
2016-05-02,0.00912111,0.00761713,1
2016-05-03,0.00295957,0.00767137,1
2016-05-04,-0.01620541,0.00748893,1
2016-05-05,-0.00968547,0.00817188,1
2016-05-06,-0.00084904,0.0082517,1
2016-05-09,0.00465721,0.00802435,1
2016-05-10,0.00173238,0.00786334,1
2016-05-11,-0.00026882,0.00765548,1
2016-05-12,0.01126746,0.00745119,1
2016-05-13,0.00573888,0.0076582,1
2016-05-16,0.00329127,0.00755127,1
2016-05-17,0.00374483,0.00738089,1
2016-05-18,0.00920008,0.00722894,1
2016-05-19,0.00788205,0.00731847,1
2016-05-20,0.0025768,0.00732702,1
2016-05-23,-0.00242869,0.00715447,1
2016-05-24,0.00974342,0.00699826,1
2016-05-25,0.01459414,0.00714187,1
2016-05-26,-0.00242623,0.00765846,1
2016-05-27,0.00216952,0.00747783,1
2016-05-30,0.00830623,0.00729236,1
2016-05-31,0.00222776,0.00732536,1
2016-06-01,0.0065684,0.00714776,1
2016-06-02,0.01060013,0.00710484,1
2016-06-03,-0.00678583,0.00729725,1
2016-06-06,-0.00493925,0.00728237,1
2016-06-07,-0.01082928,0.00718979,1
2016-06-08,0.00624245,0.00743422,1
2016-06-09,0.00083558,0.00735965,1
2016-06-10,-0.0098084,0.0071685,1
2016-06-13,0.013526,0.00734161,1
2016-06-14,0.00698171,0.00773774,1
2016-06-15,-0.01585477,0.00767553,1
2016-06-16,-0.00280508,0.00829691,1
2016-06-17,0.00388139,0.00809333,1
2016-06-20,0.01041161,0.00790937,1
2016-06-21,0.00121123,0.00801819,1
2016-06-22,-0.00341835,0.00779952,1
2016-06-23,0.01069273,0.00763318,1
2016-06-24,-0.01014073,0.00778379,1
2016-06-27,-0.00470846,0.00792444,1
2016-06-28,-0.00808889,0.00778814,1
2016-06-29,-0.00896685,0.00780564,1
2016-06-30,-0.00698601,0.00787126,1
2016-07-01,-0.00225365,0.00782777,1
2016-07-04,0.002844,0.00763616,1
2016-07-05,-0.00839272,0.00745337,1
2016-07-06,0.00154712,0.00751281,1
2016-07-07,0.00919139,0.00731909,1
2016-07-08,-3.569e-05,0.00740081,1
2016-07-11,0.00618163,0.00720719,1
2016-07-12,0.00847373,0.00714404,1
2016-07-13,-0.00013616,0.00719758,1
2016-07-14,-0.00561618,0.00701344,1
2016-07-15,0.00337661,0.00696385,1
2016-07-18,-0.0002327,0.0068245,1
2016-07-19,-0.00593554,0.00665791,1
2016-07-20,0.00681061,0.00664597,1
2016-07-21,-0.0039935,0.00664805,1
2016-07-22,0.00225623,0.00655931,1
2016-07-25,0.00850187,0.00641904,1
2016-07-26,-0.00095949,0.00653325,1
2016-07-27,-0.00123463,0.00638552,1
2016-07-28,0.00137411,0.00624807,1
2016-07-29,0.00151019,0.00611256,1
2016-08-01,-0.00238484,0.00598508,1
2016-08-02,-0.0048936,0.00588847,1
2016-08-03,-0.00981807,0.0058818,1
2016-08-04,0.00542928,0.00618811,1
2016-08-05,0.00262263,0.00615854,1
2016-08-08,-0.00313069,0.00604503,1
2016-08-09,-0.00915149,0.00596431,1
2016-08-10,0.00481134,0.00620881,1
2016-08-11,-4.159e-05,0.00615374,1
2016-08-12,-0.00196843,0.0060186,1
2016-08-15,0.0079043,0.00591145,1
2016-08-16,-0.00165695,0.00603244,1
2016-08-17,0.00505732,0.00591899,1
2016-08-18,-0.00222366,0.00589183,1
2016-08-19,0.00468231,0.00579674,1
2016-08-22,-0.00030962,0.00576283,1
2016-08-23,-0.00453456,0.00564837,1
2016-08-24,0.00445076,0.00564265,1
2016-08-25,0.0023013,0.00561,1
2016-08-26,0.00274852,0.0055199,1
2016-08-29,0.00331644,0.00544392,1
2016-08-30,0.00352516,0.00538671,1
2016-08-31,-0.00128607,0.00533906,1
2016-09-01,-0.00140762,0.00525699,1
2016-09-02,0.00176488,0.00518143,1
2016-09-05,-0.00348424,0.00510639,1
2016-09-06,-0.00049493,0.00509568,1
2016-09-07,0.00328526,0.00501796,1
2016-09-08,-0.00821992,0.00498628,1
2016-09-09,-0.00251489,0.00526802,1
2016-09-12,-0.00449302,0.00521589,1
2016-09-13,-0.00973078,0.00523926,1
2016-09-14,0.00085748,0.00561775,1
2016-09-15,0.00029826,0.00551049,1
2016-09-16,0.00522538,0.0054074,1
2016-09-19,-0.0104373,0.00542274,1
2016-09-20,-0.00404985,0.00584056,1
2016-09-21,-0.00031522,0.00580262,1
2016-09-22,0.00236243,0.00568616,1
2016-09-23,0.00708298,0.00559301,1
2016-09-26,-0.00924167,0.00569144,1
2016-09-27,0.0022303,0.00597304,1
2016-09-28,0.00478016,0.00586226,1
2016-09-29,-0.00219789,0.00582787,1
2016-09-30,-0.00184395,0.00573573,1
2016-10-03,-0.00173112,0.00564141,1
2016-10-04,-0.00504061,0.00555013,1
2016-10-05,-0.00484919,0.00557439,1
2016-10-06,0.00014816,0.00558788,1
2016-10-07,0.00840046,0.00548086,1
2016-10-10,-0.00375437,0.00567608,1
2016-10-11,0.0025364,0.00563778,1
2016-10-12,0.00219465,0.00555065,1
2016-10-13,-0.00416633,0.00546191,1
2016-10-14,8.056e-05,0.00545359,1
2016-10-17,-0.00285684,0.0053537,1
2016-10-18,0.00625724,0.00530604,1
2016-10-19,0.00305252,0.00538124,1
2016-10-20,-0.00558118,0.00532067,1
2016-10-21,0.00830538,0.00539048,1
2016-10-24,-0.00590505,0.00558816,1
2016-10-25,-0.00605153,0.00565391,1
2016-10-26,0.00152255,0.00572243,1
2016-10-27,-0.00966777,0.00561504,1
2016-10-28,-0.01636428,0.00594049,1
2016-10-31,0.00766523,0.00690682,1
2016-11-01,0.00052652,0.00693377,1
2016-11-02,-0.00571464,0.00676124,1
2016-11-03,0.00631339,0.00673225,1
2016-11-04,-0.01027872,0.00670511,1
2016-11-07,0.00430277,0.00695751,1
2016-11-08,0.00485103,0.00684248,1
2016-11-09,-0.00271417,0.00675113,1
2016-11-10,0.00021121,0.0066213,1
2016-11-11,-0.00942065,0.00646321,1
2016-11-14,0.00188837,0.00667634,1
2016-11-15,-0.0050111,0.0065253,1
2016-11-16,-0.00611828,0.00648146,1
2016-11-17,-0.00087512,0.00649064,1
2016-11-18,0.0042574,0.00634417,1
2016-11-21,-7.909e-05,0.00626212,1
2016-11-22,0.00627689,0.00612179,1
2016-11-23,0.00215976,0.00613507,1
2016-11-24,0.0069001,0.00601476,1
2016-11-25,0.00850058,0.00606819,1
2016-11-28,0.00747442,0.00621352,1
2016-11-29,-0.00692479,0.00628322,1
2016-11-30,0.00984531,0.00635022,1
2016-12-01,-0.00409899,0.00656187,1
2016-12-02,-0.00817067,0.00648164,1
2016-12-05,-0.0084896,0.00660745,1
2016-12-06,0.01035783,0.00674279,1
2016-12-07,-0.00275386,0.00695274,1
2016-12-08,-0.01253128,0.00681345,1
2016-12-09,0.00556758,0.00723917,1
2016-12-12,0.00804201,0.00715014,1
2016-12-13,-0.00393728,0.00717933,1
2016-12-14,-0.00449396,0.00705921,1
2016-12-15,0.00216367,0.00696371,1
2016-12-16,-0.00381795,0.00680239,1
2016-12-19,0.00302873,0.00669935,1
2016-12-20,-0.00173804,0.00656596,1
2016-12-21,0.00948799,0.00642664,1
2016-12-22,0.00621861,0.00660542,1
2016-12-23,0.00051437,0.00658246,1
2016-12-26,-0.00709898,0.00642636,1
2016-12-27,0.00019501,0.00649188,1
2016-12-28,0.00304918,0.00633995,1
2016-12-29,0.00011836,0.00622569,1
2016-12-30,-0.00153939,0.00608668,1
2017-01-02,0.00421732,0.00596854,1
2017-01-03,-0.00486779,0.00590738,1
2017-01-04,-0.00547489,0.00589827,1
2017-01-05,-7.286e-05,0.00591793,1
2017-01-06,-0.00968483,0.00579459,1
2017-01-09,0.00260511,0.00610014,1
2017-01-10,-0.0069469,0.00598937,1
2017-01-11,-0.00151351,0.00608172,1
2017-01-12,-0.00170821,0.00596344,1
2017-01-13,-0.01224116,0.00585448,1
2017-01-16,-0.00453334,0.00638277,1
2017-01-17,0.0045611,0.00632898,1
2017-01-18,-0.00671804,0.00625779,1
2017-01-19,0.00573319,0.00631517,1
2017-01-20,-0.00364295,0.00629012,1
2017-01-23,0.0019523,0.00621075,1
2017-01-24,0.0058286,0.00608357,1
2017-01-25,-0.00472604,0.00607843,1
2017-01-26,-0.01605986,0.00605178,1
2017-01-27,0.00233775,0.00696008,1
2017-01-30,0.01597547,0.00680142,1
2017-01-31,0.00865574,0.00750381,1
2017-02-01,-0.00361503,0.00754033,1
2017-02-02,0.0023208,0.00739209,1
2017-02-03,0.00682152,0.00721264,1
2017-02-06,0.00047313,0.00717685,1
2017-02-07,-0.0001203,0.00699308,1
2017-02-08,0.00467777,0.00681827,1
2017-02-09,-0.0046529,0.00672256,1
2017-02-10,-0.00174515,0.00665251,1
2017-02-13,-0.00497044,0.006509,1
2017-02-14,-0.00302151,0.00646454,1
2017-02-15,-0.00185404,0.0063574,1
2017-02-16,0.00347049,0.00623052,1
2017-02-17,0.01452096,0.00613226,1
2017-02-20,-0.00606817,0.00678853,1
2017-02-21,-0.00200831,0.00677391,1
2017-02-22,0.01192949,0.00662875,1
2017-02-23,0.00720517,0.00697329,1
2017-02-24,-0.01769862,0.00697187,1
2017-02-27,-0.00392036,0.00789949,1
2017-02-28,0.00293204,0.00774109,1
2017-03-01,0.00692306,0.00755487,1
2017-03-02,-0.00577648,0.0075016,1
2017-03-03,-0.00446783,0.00742839,1
2017-03-06,0.00053242,0.00731129,1
2017-03-07,0.00700475,0.0071215,1
2017-03-08,0.01437539,0.00710024,1
2017-03-09,-0.00570629,0.00760199,1
2017-03-10,-0.0065376,0.00751989,1
2017-03-13,0.01197154,0.0074785,1
2017-03-14,-0.00098519,0.00773461,1
2017-03-15,0.01609273,0.00753121,1
2017-03-16,-0.00674215,0.00813752,1
2017-03-17,-0.01332943,0.0080662,1
2017-03-20,0.01664471,0.00841411,1
2017-03-21,-0.01288547,0.00895538,1
2017-03-22,0.00523408,0.00918029,1
2017-03-23,0.00369978,0.0089775,1
2017-03-24,0.00647056,0.00874825,1
2017-03-27,-0.01098712,0.00860688,1
2017-03-28,-0.00601587,0.00873286,1
2017-03-29,-0.00601057,0.00859761,1
2017-03-30,0.01378376,0.0084697,1
2017-03-31,0.00142016,0.00876384,1
2017-04-03,-0.00655659,0.00851418,1
2017-04-04,-0.008257,0.00841234,1
2017-04-05,-0.00020886,0.00839493,1
2017-04-06,-0.01953512,0.0081581,1
2017-04-07,-0.00617351,0.00908666,1
2017-04-10,0.01083721,0.00893773,1
2017-04-11,-0.00019933,0.00899126,1
2017-04-12,-0.00297843,0.00872905,1
2017-04-13,-0.00261878,0.00850882,1
2017-04-14,-0.0038042,0.00829204,1
2017-04-17,0.0040011,0.00811092,1
2017-04-18,-0.0113012,0.00792886,1
2017-04-19,-0.00477599,0.00813607,1
2017-04-20,-0.007705,0.00799063,1
2017-04-21,-0.01030285,0.007974,1
2017-04-24,0.00121853,0.00810893,1
2017-04-25,0.00226628,0.00788633,1
2017-04-26,-0.00061737,0.00768335,1
2017-04-27,0.00392128,0.00747954,1
2017-04-28,0.01160936,0.00732688,1
2017-05-01,-0.00307337,0.00757103,1
2017-05-02,-0.00169539,0.0074079,1
2017-05-03,0.0016371,0.00722736,1
2017-05-04,-0.00459745,0.00704753,1
2017-05-05,0.00793688,0.0069563,1
2017-05-08,-0.00761572,0.00699421,1
2017-05-09,0.00412035,0.00704468,1
2017-05-10,-0.00314136,0.00691978,1
2017-05-11,0.00026451,0.00679144,1
2017-05-12,-0.00628114,0.00662534,1
2017-05-15,0.00905462,0.00663235,1
2017-05-16,-0.00344233,0.00676321,1
2017-05-17,0.00064804,0.00665127,1
2017-05-18,0.00237338,0.0064922,1
2017-05-19,-0.00011248,0.00635714,1
2017-05-22,0.00651919,0.00621231,1
2017-05-23,-0.00124781,0.00623099,1
2017-05-24,0.00912532,0.00610141,1
2017-05-25,0.00911849,0.00628615,1
2017-05-26,0.00354217,0.00645274,1
2017-05-29,-0.01565101,0.00634419,1
2017-05-30,-0.00232994,0.00715214,1
2017-05-31,-0.00313436,0.00699416,1
2017-06-01,0.00580581,0.00686176,1
2017-06-02,-0.00865717,0.00680467,1
2017-06-05,-0.00373531,0.00693353,1
2017-06-06,0.0033796,0.00682077,1
2017-06-07,-0.00322538,0.00668883,1
2017-06-08,-0.00030839,0.00657495,1
2017-06-09,0.01728903,0.00642047,1
2017-06-12,-0.00467344,0.00733268,1
2017-06-13,-0.00469806,0.00722781,1
2017-06-14,0.00306279,0.00712975,1
2017-06-15,-0.00169078,0.00697543,1
2017-06-16,-0.00731735,0.00681534,1
2017-06-19,0.01213182,0.00686284,1
2017-06-20,0.00270761,0.00719731,1
2017-06-21,0.00020961,0.00703314,1
2017-06-22,0.0020436,0.00685587,1
2017-06-23,0.00158295,0.00669811,1
2017-06-26,0.0103336,0.00654267,1
2017-06-27,0.01046136,0.0067708,1
2017-06-28,0.00243269,0.00698551,1
2017-06-29,-0.00032595,0.00682707,1
2017-06-30,0.00054387,0.00666077,1
2017-07-03,0.01140997,0.00650102,1
2017-07-04,0.00144996,0.00681736,1
2017-07-05,0.00655462,0.00665501,1
2017-07-06,0.00187459,0.00664416,1
2017-07-07,-0.00787789,0.00649452,1
2017-07-10,-0.00170194,0.00660077,1
2017-07-11,-0.00067725,0.00645915,1
2017-07-12,0.011016,0.00631252,1
2017-07-13,0.01204125,0.00661817,1
2017-07-14,-0.00143851,0.00697331,1
2017-07-17,0.00773991,0.00680986,1
2017-07-18,-0.00295497,0.00684804,1
2017-07-19,0.00627663,0.00671883,1
2017-07-20,0.00052102,0.00669094,1
2017-07-21,0.01919254,0.00652973,1
2017-07-24,-0.0102616,0.00764847,1
2017-07-25,-0.00319498,0.00780907,1
2017-07-26,0.00251033,0.00763699,1
2017-07-27,-0.00022481,0.00744884,1
2017-07-28,-0.01316482,0.00725362,1
2017-07-31,-0.00016537,0.00768095,1
2017-08-01,-0.00260943,0.00747516,1
2017-08-02,0.00593712,0.00730684,1
2017-08-03,-0.00475034,0.00722782,1
2017-08-04,0.00107133,0.00713161,1
2017-08-07,-0.00636108,0.00695193,1
2017-08-08,0.00550894,0.00694009,1
2017-08-09,-0.0012507,0.00686658,1
2017-08-10,0.00192437,0.00670594,1
2017-08-11,0.00246248,0.00655391,1
2017-08-14,0.00468791,0.00641723,1
2017-08-15,-0.0036316,0.00634514,1
2017-08-16,0.00779946,0.00626222,1
2017-08-17,-0.0074526,0.00634685,1
2017-08-18,0.00071928,0.00643955,1
2017-08-21,0.0079421,0.00629078,1
2017-08-22,0.00303482,0.00638152,1
2017-08-23,-0.00442579,0.00626475,1
2017-08-24,-0.00365481,0.00621421,1
2017-08-25,0.00096773,0.00613965,1
2017-08-28,-0.00274344,0.00600657,1
2017-08-29,0.00537628,0.00591748,1
2017-08-30,-0.00811554,0.00590371,1
2017-08-31,0.00560735,0.00607907,1
2017-09-01,0.00421575,0.00606438,1
2017-09-04,-0.0040028,0.00599741,1
2017-09-05,0.00683358,0.00594784,1
2017-09-06,0.00587811,0.0060029,1
2017-09-07,-0.00540719,0.00600568,1
2017-09-08,0.00203723,0.00601431,1
2017-09-11,0.00495061,0.00589838,1
2017-09-12,-0.00482663,0.0058683,1
2017-09-13,0.00281239,0.00586007,1
2017-09-14,-0.00183609,0.00576647,1
2017-09-15,0.00050732,0.00567033,1
2017-09-18,-0.00229241,0.00555915,1
2017-09-19,-0.00255106,0.00548424,1
2017-09-20,-0.00087518,0.00542014,1
2017-09-21,-0.00214371,0.00532828,1
2017-09-22,-0.0021296,0.00526325,1
2017-09-25,0.0010778,0.00520171,1
2017-09-26,-0.00136337,0.00511801,1
2017-09-27,0.00173697,0.00504963,1
2017-09-28,0.00208809,0.00498168,1
2017-09-29,-0.00282824,0.00492339,1
2017-10-02,0.00291432,0.00490227,1
2017-10-03,-0.0049752,0.00486742,1
2017-10-04,-0.00623175,0.00494214,1
2017-10-05,-0.01409719,0.00508411,1
2017-10-06,0.0106781,0.00595002,1
2017-10-09,0.00020494,0.00626975,1
2017-10-10,-0.01789349,0.00612851,1
2017-10-11,-0.01214774,0.00724428,1
2017-10-12,0.01530968,0.00758639,1
2017-10-13,0.01573092,0.00811105,1
2017-10-16,-0.01088881,0.00860753,1
2017-10-17,0.00567886,0.00872713,1
2017-10-18,0.00952594,0.00856026,1
2017-10-19,0.00635258,0.00856764,1
2017-10-20,0.00433689,0.00843195,1
2017-10-23,-0.00579035,0.00824232,1
2017-10-24,-0.00422236,0.00812619,1
2017-10-25,-0.0064174,0.00796461,1
2017-10-26,-0.01210447,0.00788992,1
2017-10-27,-0.00121726,0.00816007,1
2017-10-30,0.01048768,0.00793982,1
2017-10-31,-0.0032105,0.00805092,1
2017-11-01,0.0064477,0.00786742,1
2017-11-02,0.00464183,0.00777517,1
2017-11-03,0.01145677,0.00762654,1
2017-11-06,0.00049149,0.00783047,1
2017-11-07,-0.00249775,0.00761748,1
2017-11-08,0.00573827,0.00744013,1
2017-11-09,0.0150323,0.00734571,1
2017-11-10,-0.00714528,0.00787619,1
2017-11-13,0.00642643,0.00783987,1
2017-11-14,0.00842014,0.0077484,1
2017-11-15,-0.00253784,0.00775448,1
2017-11-16,0.01193012,0.00757135,1
2017-11-17,-0.00120106,0.00781508,1
2017-11-20,0.00751727,0.00761005,1
2017-11-21,-0.00507309,0.00758047,1
2017-11-22,-0.00051003,0.0074756,1
2017-11-23,0.00441733,0.00728048,1
2017-11-24,0.00603696,0.00715141,1
2017-11-27,-0.00601034,0.00708578,1
2017-11-28,-0.00772612,0.00704874,1
2017-11-29,0.00811112,0.00710125,1
2017-11-30,-0.00399001,0.00713782,1
2017-12-01,0.00163885,0.00702156,1
2017-12-04,-0.00190184,0.00685133,1
2017-12-05,-0.00400077,0.00670055,1
2017-12-06,0.00239217,0.00660903,1
2017-12-07,0.00018057,0.00646843,1
2017-12-08,0.00910533,0.00631763,1
2017-12-11,-0.00266427,0.00648038,1
2017-12-12,-0.00094045,0.00636357,1
2017-12-13,-0.00647789,0.00622393,1
2017-12-14,-0.00339927,0.00627078,1
2017-12-15,0.00161369,0.00618501,1
2017-12-18,0.00254215,0.00605498,1
2017-12-19,0.0110991,0.0059454,1
2017-12-20,-0.00127802,0.00630115,1
2017-12-21,0.0099585,0.00616844,1
2017-12-22,-0.00263823,0.00640707,1
2017-12-25,0.00318103,0.00629354,1
2017-12-26,-0.00208299,0.00618474,1
2017-12-27,-0.00426861,0.00607103,1
2017-12-28,0.00050683,0.00602669,1
2017-12-29,4.106e-05,0.00589751,1
2018-01-01,-0.00300788,0.00577489,1
2018-01-02,-0.0021281,0.00570631,1
2018-01-03,-0.000118,0.00561938,1
2018-01-04,0.00284127,0.00551142,1
2018-01-05,-0.00884152,0.00543805,1
2018-01-08,-0.00331121,0.0057167,1
2018-01-09,0.00866008,0.00566084,1
2018-01-10,-0.00566566,0.00585632,1
2018-01-11,-0.00896536,0.00588856,1
2018-01-12,-0.00081479,0.00612701,1
2018-01-15,0.00281483,0.00599788,1
2018-01-16,-0.00459026,0.00589683,1
2018-01-17,-0.00427277,0.00587658,1
2018-01-18,-0.00037655,0.00584486,1
2018-01-19,0.00673559,0.00572659,1
2018-01-22,0.00901101,0.00579389,1
2018-01-23,-0.00765532,0.00600111,1
2018-01-24,-0.00334505,0.00613651,1
2018-01-25,0.00035943,0.00605683,1
2018-01-26,0.00396899,0.00592599,1
2018-01-29,0.00189349,0.00585937,1
2018-01-30,0.01301049,0.00574943,1
2018-01-31,0.00569692,0.0063103,1
2018-02-01,0.00310305,0.00628401,1
2018-02-02,0.00141826,0.00617393,1
2018-02-05,-0.00691251,0.00604249,1
2018-02-06,-0.01290754,0.00612837,1
2018-02-07,-0.01166315,0.00668206,1
2018-02-08,0.01090897,0.00704842,1
2018-02-09,-0.00202834,0.00726843,1
2018-02-12,-0.00322834,0.00709951,1
2018-02-13,0.00391739,0.006964,1
2018-02-14,-0.0076537,0.00683789,1
2018-02-15,-0.00341707,0.00690267,1
2018-02-16,0.00070397,0.00678251,1
2018-02-19,-0.00335914,0.00661743,1
2018-02-20,-0.00018651,0.00651111,1
2018-02-21,-0.00677057,0.00635915,1
2018-02-22,-0.00387925,0.00641153,1
2018-02-23,0.00556886,0.00633273,1
2018-02-26,-0.00045843,0.00629955,1
2018-02-27,-0.00508367,0.00615915,1
2018-02-28,-0.0075876,0.00614238,1
2018-03-01,-0.0050904,0.00626088,1
2018-03-02,-0.00679875,0.00623759,1
2018-03-05,-0.00534113,0.00630108,1
2018-03-06,-0.00399399,0.00628613,1
2018-03-07,0.00469905,0.00621862,1
2018-03-08,0.00070877,0.00615888,1
2018-03-09,-0.00347014,0.0060237,1
2018-03-12,-0.01357004,0.00595447,1
2018-03-13,-0.00023264,0.00660248,1
2018-03-14,0.01463162,0.00644635,1
2018-03-15,-0.00263941,0.00706515,1
2018-03-16,0.0172064,0.00691767,1
2018-03-19,-0.00447666,0.00773277,1
2018-03-20,0.00749503,0.0075994,1
2018-03-21,-0.00681763,0.00756946,1
2018-03-22,-0.00305894,0.00753784,1
2018-03-23,0.00707981,0.00737603,1
2018-03-26,0.00194711,0.00734137,1
2018-03-27,-0.00342598,0.00715951,1
2018-03-28,0.00295524,0.007026,1
2018-03-29,-0.00802746,0.00687471,1
2018-03-30,-0.01323841,0.00695849,1
2018-04-02,-0.00432983,0.00742938,1
2018-04-03,-0.00933301,0.00730778,1
2018-04-04,0.00280432,0.00743675,1
2018-04-05,-0.0036094,0.00726274,1
2018-04-06,-0.0029549,0.00712876,1
2018-04-09,0.00494351,0.0069851,1
2018-04-10,-0.00391995,0.00688871,1
2018-04-11,-0.0004283,0.00678402,1
2018-04-12,0.00191066,0.00662026,1
2018-04-13,-0.01093722,0.00647222,1
2018-04-16,-0.00665684,0.00680229,1
2018-04-17,0.00310648,0.00681557,1
2018-04-18,0.00048975,0.00667789,1
2018-04-19,0.01036762,0.00651724,1
2018-04-20,0.01218409,0.00675048,1
2018-04-23,0.00215063,0.00710217,1
2018-04-24,-0.01068786,0.00693406,1
2018-04-25,-0.00026118,0.0071939,1
2018-04-26,-0.00444744,0.00701037,1
2018-04-27,-0.00738818,0.00691607,1
2018-04-30,0.01119966,0.00695982,1
2018-05-01,0.00119256,0.00721031,1
2018-05-02,-0.00774164,0.00702774,1
2018-05-03,0.00240502,0.00708275,1
2018-05-04,0.01318834,0.0069192,1
2018-05-07,0.00862454,0.00733686,1
2018-05-08,-0.00130835,0.00738419,1
2018-05-09,0.00596399,0.00719992,1
2018-05-10,-0.0024042,0.0071284,1
2018-05-11,0.00806091,0.006973,1
2018-05-14,-0.00806055,0.00701647,1
2018-05-15,0.00158332,0.00709081,1
2018-05-16,0.01293785,0.00691682,1
2018-05-17,0.0013428,0.00731294,1
2018-05-18,-0.00219474,0.00712671,1
2018-05-21,0.00495616,0.00696749,1
2018-05-22,-0.01387991,0.00687253,1
2018-05-23,-0.00510985,0.00741478,1
2018-05-24,-0.00265996,0.00732077,1
2018-05-25,0.00517149,0.00716102,1
2018-05-28,-0.00163287,0.00706238,1
2018-05-29,0.00398651,0.00689729,1
2018-05-30,-0.00395375,0.00677658,1
2018-05-31,-0.00393183,0.00667924,1
2018-06-01,-0.00495146,0.00658671,1
2018-06-04,0.00567589,0.00653657,1
2018-06-05,-0.01269439,0.00649468,1
2018-06-06,0.00232689,0.00697645,1
2018-06-07,0.00263119,0.00681684,1
2018-06-08,-0.00653121,0.00666995,1
2018-06-11,0.00898708,0.00668635,1
2018-06-12,0.00328941,0.00680816,1
2018-06-13,-0.00543716,0.00667483,1
2018-06-14,0.01506238,0.0066393,1
2018-06-15,0.0109466,0.00727263,1
2018-06-18,-0.00251305,0.0074737,1
2018-06-19,-0.01336279,0.00730356,1
2018-06-20,-0.00627126,0.0077422,1
2018-06-21,0.00015943,0.00767494,1
2018-06-22,-0.01101838,0.00746876,1
2018-06-25,-0.00176418,0.00769954,1
2018-06-26,0.01926831,0.00750641,1
2018-06-27,-0.00768249,0.00844937,1
2018-06-28,-0.00468799,0.00840121,1
2018-06-29,0.00680277,0.00823916,1
2018-07-02,0.00166089,0.00813918,1
2018-07-03,-0.0067304,0.00791843,1
2018-07-04,-0.01278277,0.00786027,1
2018-07-05,0.01360337,0.00818638,1
2018-07-06,0.00615351,0.00849557,1
2018-07-09,0.01706411,0.00835677,1
2018-07-10,0.00473141,0.00894421,1
2018-07-11,0.00183832,0.00873961,1
2018-07-12,7.929e-05,0.00849426,1
2018-07-13,0.01402224,0.00825253,1
2018-07-16,0.00657841,0.0085879,1
2018-07-17,-0.01001923,0.00845933,1
2018-07-18,0.00396726,0.00853671,1
2018-07-19,-0.00301315,0.00833346,1
2018-07-20,-0.00626158,0.00813229,1
2018-07-23,0.00207119,0.00804098,1
2018-07-24,5.448e-05,0.00782868,1
2018-07-25,0.01144875,0.00761585,1
2018-07-26,-0.00341242,0.00782021,1
2018-07-27,0.00126696,0.00765271,1
2018-07-30,-0.00224111,0.00745059,1
2018-07-31,0.00468411,0.00727656,1
2018-08-01,-0.00734495,0.00715562,1
2018-08-02,-0.00186415,0.00717921,1
2018-08-03,0.00442132,0.00701194,1
2018-08-06,0.00015217,0.00689745,1
2018-08-07,0.00714831,0.00672649,1
2018-08-08,0.00542674,0.00673969,1
2018-08-09,0.00866418,0.00667518,1
2018-08-10,-0.01153011,0.00677768,1
2018-08-13,0.00662703,0.00712172,1
2018-08-14,-0.00932749,0.00708309,1
2018-08-15,0.00817796,0.00723137,1
2018-08-16,-0.0060161,0.00726191,1
2018-08-17,-0.01140814,0.00721377,1
2018-08-20,-0.00173062,0.00749999,1
2018-08-21,-0.00298677,0.00731563,1
2018-08-22,0.00505303,0.00716326,1
2018-08-23,0.00393164,0.00706046,1
2018-08-24,-0.01349294,0.00692965,1
2018-08-27,0.00525204,0.00742771,1
2018-08-28,0.00359992,0.00731676,1
2018-08-29,0.00024493,0.00716464,1
2018-08-30,0.00073266,0.00698133,1
2018-08-31,0.00047702,0.0068071,1
2018-09-03,-0.00064019,0.00664038,1
2018-09-04,-0.00324946,0.00648476,1
2018-09-05,0.00965482,0.00638267,1
2018-09-06,0.00086159,0.00657742,1
2018-09-07,0.00919492,0.0064226,1
2018-09-10,0.00388623,0.00658166,1
2018-09-11,-0.00415499,0.00647527,1
2018-09-12,-0.00724292,0.00640206,1
2018-09-13,-0.00157552,0.00647782,1
2018-09-14,0.00168871,0.0063404,1
2018-09-17,-0.00726222,0.00620347,1
2018-09-18,-0.00095528,0.00629671,1
2018-09-19,-0.00767328,0.00616052,1
2018-09-20,-0.00752075,0.00628283,1
2018-09-21,0.00179415,0.00638506,1
2018-09-24,-0.00988881,0.00624714,1
2018-09-25,-0.00027568,0.00651809,1
2018-09-26,0.00206683,0.00636617,1
2018-09-27,0.00533715,0.00623275,1
2018-09-28,0.01313757,0.0061965,1
2018-10-01,0.00117432,0.0067044,1
2018-10-02,0.00513092,0.00654528,1
2018-10-03,0.00058131,0.00648142,1
2018-10-04,-0.00222709,0.00633025,1
2018-10-05,-0.00442606,0.00621179,1
2018-10-08,0.01181672,0.00616459,1
2018-10-09,0.0011989,0.00655543,1
2018-10-10,0.00115489,0.00640359,1
2018-10-11,0.00069987,0.00625876,1
2018-10-12,0.00200792,0.00611866,1
2018-10-15,0.00732551,0.00599693,1
2018-10-16,-0.01494326,0.00607566,1
2018-10-17,-0.0013469,0.00685183,1
2018-10-18,-0.0051073,0.00655476,2
2018-10-19,-0.00248793,0.00661496,2
2018-10-22,-0.00339005,0.00641655,2
2018-10-23,-0.00507597,0.00632299,2
2018-10-24,-0.00919818,0.00642801,2
2018-10-25,-0.00581488,0.00718246,2
2018-10-26,0.00653675,0.00720271,2
2018-10-29,-0.00220103,0.00723448,2
2018-10-30,-0.003397,0.00691437,2
2018-10-31,-0.00654956,0.0067303,2
2018-11-01,-0.00043583,0.00694802,2
2018-11-02,-0.00282129,0.00661069,2
2018-11-05,0.00072069,0.00643602,2
2018-11-06,0.00533829,0.00617774,2
2018-11-07,0.00234832,0.0062721,2
2018-11-08,0.00184226,0.00609103,2
2018-11-09,0.00503257,0.00591924,2
2018-11-12,0.00033333,0.00603237,2
2018-11-13,-0.00655649,0.00584053,2
2018-11-14,-0.00369978,0.00627225,2
2018-11-15,-0.00145869,0.00623479,2
2018-11-16,-0.00378603,0.00604666,2
2018-11-19,0.00445011,0.00606251,2
2018-11-20,-0.00225664,0.00608167,2
2018-11-21,-0.00359412,0.00596404,2
2018-11-22,0.00021433,0.0059775,2
2018-11-23,-0.00427301,0.0057953,2
2018-11-26,-0.00423716,0.00591652,2
2018-11-27,-0.0079534,0.00600767,2
2018-11-28,-0.00144371,0.00664014,2
2018-11-29,-0.00260721,0.00638195,2
2018-11-30,0.00658783,0.00623307,2
2018-12-03,0.00228077,0.00648162,2
2018-12-04,-0.00637345,0.00626081,2
2018-12-05,-0.00187416,0.00656036,2
2018-12-06,0.00061478,0.00633559,2
2018-12-07,-0.00610552,0.00609317,2
2018-12-10,-0.00025802,0.00639186,2
2018-12-11,-0.00321157,0.00614259,2
2018-12-12,-0.00122677,0.00608563,2
2018-12-13,0.00128723,0.00591418,2
2018-12-14,0.00639661,0.00575571,2
2018-12-17,-0.00509289,0.00608916,2
2018-12-18,-0.00086956,0.00624698,2
2018-12-19,-0.00270989,0.00603531,2
2018-12-20,0.00056344,0.0059581,2
2018-12-21,0.00224728,0.0057801,2
2018-12-24,-0.00393559,0.00568299,2
2018-12-25,-0.00711377,0.00579035,2
2018-12-26,0.00557092,0.00632986,2
2018-12-27,0.00041521,0.00642037,2
2018-12-28,0.00265097,0.0061627,2
2018-12-31,-0.00745077,0.00601765,2
2019-01-01,-0.00484144,0.00655598,2
2019-01-02,0.00721441,0.00658406,2
2019-01-03,0.00057431,0.0068448,2
2019-01-04,-0.00427938,0.00651861,2
2019-01-07,-0.00455338,0.00649149,2
2019-01-08,-0.00142186,0.0064996,2
2019-01-09,-0.00540965,0.00626423,2
2019-01-10,0.00160065,0.00642515,2
2019-01-11,0.01508976,0.00618706,2
2019-01-14,0.00677588,0.00827251,2
2019-01-15,-0.00103128,0.00812638,2
2019-01-16,-0.01212038,0.00762209,2
2019-01-17,-0.01122171,0.00863811,2
2019-01-18,0.01040592,0.00919815,2
2019-01-21,0.00091299,0.00938106,2
2019-01-22,-0.00510861,0.00868676,2
2019-01-23,0.01210662,0.00835199,2
2019-01-24,0.00124337,0.00903958,2
2019-01-25,0.00901691,0.00839671,2
2019-01-28,0.00582789,0.00853238,2
2019-01-29,-0.00305765,0.00823558,2
2019-01-30,-0.00962154,0.00780711,2
2019-01-31,-0.00551188,0.00827806,2
2019-02-01,-0.01020392,0.00805529,2
2019-02-04,-0.00438066,0.00857088,2
2019-02-05,0.01769307,0.00818867,2
2019-02-06,0.00241857,0.01019908,2
2019-02-07,0.00715245,0.00942816,2
2019-02-08,-0.0106495,0.00911897,2
2019-02-11,0.00219323,0.00946088,2
2019-02-12,-0.00252199,0.00878318,2
2019-02-13,-0.00430864,0.00824075,2
2019-02-14,-0.00468179,0.00790657,2
2019-02-15,-0.00824438,0.0076638,2
2019-02-18,-0.00476823,0.00793335,2
2019-02-19,0.01752941,0.00769438,2
2019-02-20,0.00548379,0.00984331,2
2019-02-21,-0.00184326,0.00930286,2
2019-02-22,0.00029961,0.00865585,2
2019-02-25,-0.00010571,0.00805847,2
2019-02-26,-0.0021989,0.00754823,2
2019-02-27,-0.00323467,0.00717756,2
2019-02-28,0.00753372,0.00693455,2
2019-03-01,0.00570014,0.00716375,2
2019-03-04,-0.00137486,0.00710139,2
2019-03-05,0.00125493,0.00676495,2
2019-03-06,-0.01189394,0.0064613,2
2019-03-07,-0.01224266,0.00779118,2
2019-03-08,0.0063126,0.00878407,2
2019-03-11,-0.00344021,0.00849415,2
2019-03-12,0.00733715,0.00805101,2
2019-03-13,-0.01854632,0.00801769,2
2019-03-14,0.00589389,0.01047398,2
2019-03-15,-0.00994351,0.00987203,2
2019-03-18,0.00965839,0.00993504,2
2019-03-19,0.00235721,0.00985398,2
2019-03-20,-0.00296893,0.00912774,2
2019-03-21,0.01289504,0.00855893,2
2019-03-22,0.00371205,0.00934877,2
2019-03-25,0.00595058,0.00875591,2
2019-03-26,0.01595725,0.00843339,2
2019-03-27,-0.00448329,0.00993328,2
2019-03-28,0.00383405,0.00934709,2
2019-03-29,-0.00368536,0.00876173,2
2019-04-01,-0.00037005,0.00829438,2
2019-04-02,-0.00531502,0.00775273,2
2019-04-03,0.00441718,0.00760349,2
2019-04-04,-0.00630905,0.00733438,2
2019-04-05,0.00199122,0.00738826,2
2019-04-08,-0.0014921,0.00700701,2
2019-04-09,-0.00170325,0.00669031,2
2019-04-10,0.00164835,0.00643507,2
2019-04-11,-0.00147763,0.00619684,2
2019-04-12,-0.00256196,0.0060162,2
2019-04-15,0.00111708,0.00593164,2
2019-04-16,0.00207288,0.00576608,2
2019-04-17,-0.00283184,0.005663,2
2019-04-18,0.0029951,0.00566806,2
2019-04-19,0.01119612,0.00563836,2
2019-04-22,-0.00578366,0.00694562,2
2019-04-23,-0.00318842,0.00701035,2
2019-04-24,0.00158379,0.00679274,2
2019-04-25,0.01285527,0.0064931,2
2019-04-26,0.00194066,0.00789769,2
2019-04-29,0.00099416,0.00743657,2
2019-04-30,-0.00384025,0.00702241,2
2019-05-01,0.00896416,0.00685731,2
2019-05-02,-0.00663478,0.00734018,2
2019-05-03,-0.00159045,0.00743749,2
2019-05-06,0.00693895,0.00705614,2
2019-05-07,0.00599063,0.00717235,2
2019-05-08,0.0071416,0.00714224,2
2019-05-09,0.00586011,0.00726845,2
2019-05-10,-0.00729141,0.00720427,2
2019-05-13,0.00225852,0.00742736,2
2019-05-14,-0.00168017,0.00705038,2
2019-05-15,-0.00238458,0.00673457,2
2019-05-16,-0.00371041,0.00650881,2
2019-05-17,0.00917606,0.00642684,2
2019-05-20,-0.00035212,0.00706123,2
2019-05-21,0.00450664,0.00670467,2
2019-05-22,0.00145387,0.00660428,2
2019-05-23,-0.00702566,0.00633189,2
2019-05-24,0.01132327,0.00671745,2
2019-05-27,0.00337653,0.00770235,2
2019-05-28,-0.00041002,0.00734035,2
2019-05-29,0.00311093,0.00694119,2
2019-05-30,-0.01026183,0.006688,2
2019-05-31,-0.00793044,0.00758395,2
2019-06-03,0.00151752,0.00782138,2
2019-06-04,-0.00275716,0.00735946,2
2019-06-05,0.00658884,0.00705204,2
2019-06-06,0.00641829,0.00712162,2
2019-06-07,-0.00170664,0.00715464,2
2019-06-10,-0.0029749,0.00682313,2
2019-06-11,-0.01350921,0.00662215,2
2019-06-12,0.00334364,0.00828773,2
2019-06-13,0.00982044,0.0078319,2
2019-06-14,-0.00076034,0.00822598,2
2019-06-17,-0.00087013,0.00770078,2
2019-06-18,-0.00585728,0.00725583,2
2019-06-19,0.00122414,0.00726667,2
2019-06-20,0.00222027,0.00688271,2
2019-06-21,-0.00994178,0.0065917,2
2019-06-24,0.00783452,0.00744946,2
2019-06-25,-0.00869887,0.00760992,2
2019-06-26,0.00620824,0.00796716,2
2019-06-27,-0.00465877,0.00781132,2
2019-06-28,0.0003137,0.00758299,2
2019-07-01,0.01152487,0.00714153,2
2019-07-02,-0.00026361,0.00804368,2
2019-07-03,0.00276434,0.00753713,2
2019-07-04,-0.00804545,0.00716642,2
2019-07-05,0.0071041,0.00751885,2
2019-07-08,-0.02211271,0.00756114,2
2019-07-09,0.00191605,0.01122881,2
2019-07-10,-0.0008647,0.01030828,2
2019-07-11,-0.00477841,0.009498,2
2019-07-12,0.00329416,0.00900212,2
2019-07-15,-0.01410399,0.00843654,2
2019-07-16,0.00603416,0.00964684,2
2019-07-17,0.01888046,0.00918593,2
2019-07-18,0.00744335,0.01114854,2
2019-07-19,-0.00902936,0.01058707,2
2019-07-22,-0.00979248,0.01037904,2
2019-07-23,-0.00510634,0.01031786,2
2019-07-24,0.00558111,0.00972373,2
2019-07-25,-0.00593692,0.00921001,2
2019-07-26,0.00020501,0.00887098,2
2019-07-29,0.0102268,0.00824359,2
2019-07-30,0.00401761,0.00861084,2
2019-07-31,0.01319209,0.00814803,2
2019-08-01,-0.01220336,0.0091128,2
2019-08-02,0.00372161,0.00974088,2
2019-08-05,0.01475164,0.00909197,2
2019-08-06,-0.00581859,0.01012218,2
2019-08-07,0.00561208,0.00962198,2
2019-08-08,0.00448494,0.00912681,2
2019-08-09,-0.00954181,0.00861777,2
2019-08-12,-0.00503276,0.00888493,2
2019-08-13,0.01496635,0.00850996,2
2019-08-14,-0.000452,0.00975709,2
2019-08-15,0.00668404,0.00901362,2
2019-08-16,0.00483687,0.00872409,2
2019-08-19,-0.00599615,0.00830513,2
2019-08-20,0.01442828,0.00813182,2
2019-08-21,0.0022099,0.00937243,2
2019-08-22,0.01123652,0.00870753,2
2019-08-23,0.00247123,0.00914319,2
2019-08-26,0.000416,0.00851971,2
2019-08-27,0.00344236,0.00794169,2
2019-08-28,-0.00239212,0.00754569,2
2019-08-29,-0.00262518,0.0071859,2
2019-08-30,0.00123795,0.00689878,2
2019-09-02,0.00145341,0.00657317,2
2019-09-03,0.00391125,0.00630593,2
2019-09-04,0.00244222,0.00622639,2
2019-09-05,-0.00746709,0.00605828,2
2019-09-06,0.01356622,0.00658873,2
2019-09-09,-0.00037526,0.00813191,2
2019-09-10,-0.0045547,0.00761385,2
2019-09-11,-0.0075339,0.00741025,2
2019-09-12,-0.01005971,0.00762463,2
2019-09-13,0.01261543,0.00822232,2
2019-09-16,-0.00517025,0.00904631,2
2019-09-17,-0.00177874,0.00865778,2
2019-09-18,-0.0044348,0.00810024,2
2019-09-19,0.00344901,0.00780089,2
2019-09-20,-0.00316976,0.00742768,2
2019-09-23,0.00691231,0.00713739,2
2019-09-24,0.00104976,0.00723272,2
2019-09-25,-0.00237678,0.00685085,2
2019-09-26,0.0008801,0.0066047,2
2019-09-27,0.00833072,0.00632045,2
2019-09-30,-0.00310605,0.00682879,2
2019-10-01,-0.00235367,0.00663672,2
2019-10-02,-0.00272183,0.00642597,2
2019-10-03,0.00134073,0.00627728,2
2019-10-04,-0.00255085,0.00605689,2
2019-10-07,0.0019029,0.00596387,2
2019-10-08,0.00201538,0.00581718,2
2019-10-09,0.00514308,0.00570202,2
2019-10-10,-0.00533479,0.00587612,2
2019-10-11,0.00218253,0.00611438,2
2019-10-14,-0.00112197,0.00595316,2
2019-10-15,-0.0036571,0.00580133,2
2019-10-16,0.00216372,0.00585432,2
2019-10-17,-0.00542553,0.00573929,2
2019-10-18,-0.00360937,0.00602236,2
2019-10-21,0.01260364,0.00602557,2
2019-10-22,-0.00885149,0.00753346,2
2019-10-23,0.00214218,0.00793504,2
2019-10-24,0.01427573,0.00747535,2
2019-10-25,-0.00189227,0.00888836,2
2019-10-28,-0.0004028,0.008302,2
2019-10-29,-0.0081464,0.00775968,2
2019-10-30,0.00576261,0.00799196,2
2019-10-31,0.00068258,0.00778287,2
2019-11-01,0.00152157,0.00731303,2
2019-11-04,0.00576497,0.00692879,2
2019-11-05,0.01095451,0.00692,2
2019-11-06,0.00676629,0.00776769,2
2019-11-07,-0.01044212,0.00771631,2
2019-11-08,-0.00350936,0.00836314,2
2019-11-11,-0.00012793,0.00794547,2
2019-11-12,0.01180108,0.00745197,2
2019-11-13,-0.00371527,0.00832266,2
2019-11-14,-0.01376031,0.00792665,2
2019-11-15,0.00836715,0.00921516,2
2019-11-18,0.00266039,0.0090938,2
2019-11-19,-0.00268861,0.0084849,2
2019-11-20,0.00068804,0.00799591,2
2019-11-21,-0.00512405,0.00749468,2
2019-11-22,-0.00345164,0.00737219,2
2019-11-25,-0.00116521,0.00711271,2
2019-11-26,0.01084569,0.00676716,2
2019-11-27,0.00990135,0.00763658,2
2019-11-28,0.00803164,0.00809208,2
2019-11-29,-0.00781693,0.00814568,2
2019-12-02,-0.01237542,0.00824405,2
2019-12-03,0.01069772,0.00913627,2
2019-12-04,-0.01420583,0.00938052,2
2019-12-05,0.00024041,0.01034206,2
2019-12-06,-0.01028083,0.00951667,2
2019-12-09,-0.00955383,0.00970807,2
2019-12-10,-0.0123911,0.00974485,2
2019-12-11,0.00692681,0.01025326,2
2019-12-12,-0.00659015,0.00978216,2
2019-12-13,0.00208271,0.00941667,2
2019-12-16,0.00265429,0.0087416,2
2019-12-17,-0.00428717,0.00818315,2
2019-12-18,-0.00060338,0.00785668,2
2019-12-19,-0.00270987,0.00738271,2
2019-12-20,0.00227992,0.00706841,2
2019-12-23,0.01594114,0.00674966,2
2019-12-24,0.01086267,0.00883986,2
2019-12-25,-0.01347201,0.00917878,2
2019-12-26,0.00080263,0.01004242,2
2019-12-27,-0.00292295,0.00925841,2
2019-12-30,-0.01794858,0.0086679,2
2019-12-31,-0.00080727,0.01072649,2
2020-01-01,-0.00467813,0.00986053,2
2020-01-02,0.01495929,0.00930061,2
2020-01-03,-0.01737815,0.01031675,2
2020-01-06,0.01279288,0.0117058,2
2020-01-07,-0.00258021,0.01174868,2
2020-01-08,0.00682573,0.01080136,2
2020-01-09,-0.01092808,0.01023344,2
2020-01-10,0.00255076,0.01037734,2
2020-01-13,0.00221006,0.00958703,2
2020-01-14,0.00236757,0.00889248,2
2020-01-15,-0.01228003,0.00830073,2
2020-01-16,-0.00288986,0.00915753,2
2020-01-17,-0.01515386,0.00857989,2
2020-01-20,0.00568856,0.00998574,2
2020-01-21,0.0141813,0.00944073,2
2020-01-22,0.00462608,0.01025697,2
2020-01-23,0.00716958,0.00959018,2
2020-01-24,0.00684159,0.00925505,2
2020-01-27,0.00767064,0.00894112,2
2020-01-28,0.00044041,0.00878088,2
2020-01-29,-0.00418785,0.00816615,2
2020-01-30,0.00712954,0.0078339,2
2020-01-31,-0.00092321,0.00781616,2
2020-02-03,-0.00520097,0.00735516,2
2020-02-04,-0.00220431,0.00726758,2
2020-02-05,-0.00140952,0.00694226,2
2020-02-06,0.00355446,0.00663282,2
2020-02-07,0.00615442,0.00646407,2
2020-02-10,-0.00664433,0.00660064,2
2020-02-11,-0.00068951,0.00686209,2
2020-02-12,-0.00966919,0.00654351,2
2020-02-13,-0.01261863,0.00735947,2
2020-02-14,-0.00642297,0.00856522,2
2020-02-17,0.00552317,0.00839465,2
2020-02-18,-0.01396488,0.00809125,2
2020-02-19,-0.01369552,0.00937538,2
2020-02-20,-0.00686344,0.01023227,2
2020-02-21,0.01134184,0.00982124,2
2020-02-24,0.00258778,0.01002266,2
2020-02-25,-0.02364171,0.0092816,2
2020-02-26,-0.00206375,0.01264513,2
2020-02-27,-0.01760431,0.01156536,2
2020-02-28,-0.02119984,0.01265269,2
2020-03-02,0.0005298,0.01422705,2
2020-03-03,0.00029269,0.01292034,2
2020-03-04,-0.01579732,0.01177064,2
2020-03-05,0.02351551,0.01243813,2
2020-03-06,0.01506329,0.0144779,2
2020-03-09,0.01839672,0.01433112,2
2020-03-10,-0.012902,0.01477932,2
2020-03-11,0.00461654,0.01434875,2
2020-03-12,0.01774054,0.01313408,2
2020-03-13,-0.01634579,0.01373424,2
2020-03-16,0.02192815,0.01405225,2
2020-03-17,0.01179864,0.01526889,2
2020-03-18,-0.03013343,0.01453768,2
2020-03-19,-0.02932559,0.01769193,2
2020-03-20,0.01526345,0.01967371,2
2020-03-23,0.00811285,0.01866091,2
2020-03-24,0.02837044,0.01710964,2
2020-03-25,-0.00905477,0.01890461,2
2020-03-26,0.01312,0.01743657,2
2020-03-27,-0.00846002,0.01651908,2
2020-03-30,-0.0204396,0.01532367,2
2020-03-31,0.00773791,0.0160428,2
2020-04-01,0.02825922,0.01480526,2
2020-04-02,-0.03332105,0.0172515,2
2020-04-03,-0.0114441,0.02031373,2
2020-04-06,0.04428613,0.01886284,2
2020-04-07,0.02578248,0.02408033,2
2020-04-08,0.05542001,0.02379692,2
2020-04-09,-0.02398225,0.03022858,2
2020-04-10,-0.00634825,0.02871337,2
2020-04-13,-0.04349261,0.02590745,2
2020-04-14,0.00424485,0.02880322,2
2020-04-15,0.0089884,0.02590434,2
2020-04-16,0.01654809,0.02351917,2
2020-04-17,-0.03211176,0.02207082,2
2020-04-20,0.01377307,0.02350053,2
2020-04-21,0.00423443,0.02177266,2
2020-04-22,-0.01054284,0.01966115,2
2020-04-23,0.00364428,0.01821768,2
2020-04-24,0.01371963,0.01649802,2
2020-04-27,0.00188533,0.01580382,2
2020-04-28,-0.00231209,0.0143243,2
2020-04-29,-0.00460048,0.01304499,2
2020-04-30,-0.01372315,0.01203078,2
2020-05-01,-0.0069707,0.01225924,2
2020-05-04,-0.00274402,0.01153953,2
2020-05-05,0.00970678,0.01062631,2
2020-05-06,-0.0155905,0.01042151,2
2020-05-07,0.01609785,0.01139133,2
2020-05-08,-0.01112884,0.01209321,2
2020-05-11,-0.03353085,0.01189913,2
2020-05-12,0.03975346,0.01702793,2
2020-05-13,-0.04603829,0.02168978,2
2020-05-14,0.02075994,0.0265225,2
2020-05-15,0.00724616,0.02511067,2
2020-05-18,0.0191426,0.02273046,2
2020-05-19,-0.01111944,0.02171625,2
2020-05-20,0.03106296,0.02004587,2
2020-05-21,0.00963819,0.0216431,2
2020-05-22,-0.00370509,0.01981967,2
2020-05-25,-0.00547096,0.01793492,2
2020-05-26,0.00500535,0.01635007,2
2020-05-27,-0.02019728,0.01490573,2
2020-05-28,0.00740624,0.01567691,2
2020-05-29,0.00023157,0.0144633,2
2020-06-01,0.02072828,0.01312823,2
2020-06-02,0.00488922,0.01433449,2
2020-06-03,0.00712149,0.01313549,2
2020-06-04,0.02632042,0.01224797,2
2020-06-05,0.00841888,0.01505223,2
2020-06-08,0.00485909,0.01400511,2
2020-06-09,-0.01067163,0.01284649,2
2020-06-10,-0.01522471,0.01245321,2
2020-06-11,-0.01248671,0.01285373,2
2020-06-12,-0.01028574,0.01271612,2
2020-06-15,0.01821522,0.01229506,2
2020-06-16,-0.00623893,0.01319386,2
2020-06-17,-0.00168159,0.01227502,2
2020-06-18,-0.01997363,0.01123075,2
2020-06-19,-0.00138669,0.01294438,2
2020-06-22,0.02461058,0.01180984,2
2020-06-23,0.04452256,0.0143258,2
2020-06-24,0.02486569,0.02150646,2
2020-06-25,0.03803978,0.02157645,2
2020-06-26,-0.02664453,0.0243121,2
2020-06-29,0.00730739,0.02422321,2
2020-06-30,0.00866054,0.02194941,2
2020-07-01,-0.02939432,0.02002264,2
2020-07-02,-0.01441104,0.02140065,2
2020-07-03,-0.03513313,0.02009608,2
2020-07-06,-0.01035145,0.02272461,2
2020-07-07,-0.00200368,0.02086011,2
2020-07-08,-0.03807628,0.01881254,2
2020-07-09,-0.00686116,0.02256192,2
2020-07-10,-0.01499776,0.02049206,2
2020-07-13,0.00943451,0.01939182,2
2020-07-14,-0.0184797,0.01784237,2
2020-07-15,-0.0042461,0.01767998,2
2020-07-16,0.00118147,0.01606752,2
2020-07-17,0.00344088,0.01454816,2
2020-07-20,-0.00081172,0.01325892,2
2020-07-21,0.0105167,0.01207578,2
2020-07-22,-0.01169662,0.01171822,2
2020-07-23,0.00478121,0.01168081,2
2020-07-24,0.00580744,0.01082429,2
2020-07-27,-0.00429328,0.01016277,2
2020-07-28,-0.00278132,0.00952839,2
2020-07-29,-0.00614502,0.00889137,2
2020-07-30,0.00423522,0.00862994,2
2020-07-31,0.00304791,0.00817946,2
2020-08-03,-0.00937032,0.0077237,2
2020-08-04,-0.00552269,0.00817017,2
2020-08-05,-0.00323417,0.00796787,2
2020-08-06,0.00396961,0.00759362,2
2020-08-07,0.01346192,0.00729043,2
2020-08-10,-0.00166187,0.00857355,2
2020-08-11,0.00014965,0.00802383,2
2020-08-12,-0.00554221,0.00751724,2
2020-08-13,-0.00622176,0.0074382,2
2020-08-14,-0.01015598,0.00745932,2
2020-08-17,-0.00232028,0.00811864,2
2020-08-18,-0.00142133,0.00766549,2
2020-08-19,-0.00028027,0.00724239,2
2020-08-20,0.00151329,0.00685655,2
2020-08-21,0.0024237,0.00654451,2
2020-08-24,-0.00062645,0.00631989,2
2020-08-25,0.00339111,0.00608946,2
2020-08-26,0.01231973,0.0060082,2
2020-08-27,0.00802075,0.00745318,2
2020-08-28,-0.00270982,0.00764077,2
2020-08-31,0.00706324,0.0072845,2
2020-09-01,0.00320014,0.0073697,2
2020-09-02,-0.00449266,0.00705064,2
2020-09-03,0.00940189,0.00694368,2
2020-09-04,0.01067134,0.00748321,2
2020-09-07,-0.00548856,0.00811994,2
2020-09-08,0.00670389,0.00792293,2
2020-09-09,-0.00356382,0.00783389,2
2020-09-10,-0.00180823,0.00750568,2
2020-09-11,-0.00243779,0.00712284,2
2020-09-14,0.01162515,0.00683463,2
2020-09-15,-0.00972124,0.00784912,2
2020-09-16,0.00236732,0.00832771,2
2020-09-17,-0.00478309,0.00781803,2
2020-09-18,-0.00945922,0.00760085,2
2020-09-21,-0.02030743,0.0080935,2
2020-09-22,-0.00558416,0.01100471,2
2020-09-23,-0.00092228,0.01034778,2
2020-09-24,0.00536395,0.00953338,2
2020-09-25,-0.00713506,0.00903077,2
2020-09-28,-0.00314551,0.00886204,2
2020-09-29,0.0011198,0.00834322,2
2020-09-30,-0.00339053,0.00779669,2
2020-10-01,0.0071701,0.00746148,2
2020-10-02,0.0085306,0.00752454,2
2020-10-05,0.00969323,0.00777537,2
2020-10-06,0.00311536,0.00816088,2
2020-10-07,0.00768906,0.00771161,2
2020-10-08,0.00206059,0.00779518,2
2020-10-09,0.01043978,0.0073537,2
2020-10-12,0.00067576,0.00798021,2
2020-10-13,-0.01889665,0.00748119,2
2020-10-14,0.01151886,0.01024945,2
2020-10-15,-0.00421696,0.01038848,2
2020-10-16,-0.00052312,0.0097158,2
2020-10-19,-0.00136533,0.00897881,2
2020-10-20,-0.00489648,0.00836129,2
2020-10-21,-0.00377122,0.00806099,2
2020-10-22,0.00157086,0.00771167,2
2020-10-23,-0.00342328,0.00726761,2
2020-10-26,0.01224836,0.00702381,2
2020-10-27,0.00664674,0.00811675,2
2020-10-28,0.00054496,0.0079842,2
2020-10-29,-0.00024811,0.00748378,2
2020-10-30,-0.00507352,0.0070605,2
2020-11-02,0.00710742,0.00701511,2
2020-11-03,0.00808284,0.00716383,2
2020-11-04,-0.00956256,0.00742579,2
2020-11-05,-0.00559258,0.0079815,2
2020-11-06,0.00057813,0.00782124,2
2020-11-09,0.00205419,0.007345,2
2020-11-10,0.00015163,0.00697286,2
2020-11-11,0.00168941,0.00662571,2
2020-11-12,-0.00357301,0.00635685,2
2020-11-13,0.00134541,0.00629108,2
2020-11-16,-0.00017267,0.00606845,2
2020-11-17,0.00318504,0.00587319,2
2020-11-18,-0.00031119,0.00581756,2
2020-11-19,1.868e-05,0.00566844,2
2020-11-20,-2.565e-05,0.00554228,2
2020-11-23,-0.00622927,0.00543961,2
2020-11-24,-0.00297415,0.00592167,2
2020-11-25,-0.00067458,0.00588736,2
2020-11-26,0.0055789,0.00573335,2
2020-11-27,-0.00915682,0.00595626,2
2020-11-30,-0.00670418,0.00684078,2
2020-12-01,-0.00230633,0.00705662,2
2020-12-02,0.00049379,0.00677168,2
2020-12-03,-5.651e-05,0.00645679,2
2020-12-04,0.00024009,0.00619445,2
2020-12-07,-0.00875029,0.00597474,2
2020-12-08,-0.01502196,0.00677083,2
2020-12-09,-0.00845387,0.00876868,2
2020-12-10,0.01092904,0.00883212,2
2020-12-11,0.00891326,0.00918431,2
2020-12-14,0.0118383,0.00914382,2
2020-12-15,-0.00641832,0.00958423,2
2020-12-16,-0.01036928,0.00923343,2
2020-12-17,0.00263211,0.00950158,2
2020-12-18,-0.00094488,0.00883402,2
2020-12-21,-0.00581167,0.00822583,2
2020-12-22,-0.01824105,0.00804577,2
2020-12-23,-0.01701439,0.01040928,2
2020-12-24,-0.01110288,0.01168977,2
2020-12-25,0.01544999,0.01156825,2
2020-12-28,-0.01879882,0.01210322,2
2020-12-29,0.00405223,0.01330057,2
2020-12-30,0.00049325,0.01219163,2
2020-12-31,-0.01458924,0.01113168,2
2021-01-01,0.01532183,0.01172113,2
2021-01-04,0.00241188,0.01219657,2
2021-01-05,0.02334816,0.01116575,2
2021-01-06,0.00710881,0.0135802,2
2021-01-07,0.00819894,0.01262899,2
2021-01-08,0.01756602,0.01191437,2
2021-01-11,0.0096279,0.01277807,2
2021-01-12,-0.00490024,0.01219322,2
2021-01-13,0.02311601,0.01131354,2
2021-01-14,0.00022229,0.01361919,2
2021-01-15,-0.00588461,0.01238494,2
2021-01-18,-0.00779963,0.01155192,2
2021-01-19,-0.0058478,0.01102715,2
2021-01-20,-0.00821122,0.01038979,2
2021-01-21,-0.00018479,0.01011061,2
2021-01-22,-0.00686677,0.00931744,2
2021-01-25,0.01349408,0.009064,2
2021-01-26,0.00893861,0.00984061,2
2021-01-27,-0.01068739,0.00967801,2
2021-01-28,-0.00444269,0.00990149,2
2021-01-29,-0.00572543,0.00931695,2
2021-02-01,0.01355578,0.00893814,2
2021-02-02,0.01550285,0.00976062,2
2021-02-03,-0.00800403,0.01076498,2
2021-02-04,-0.00090597,0.01039477,2
2021-02-05,0.00402772,0.00957388,2
2021-02-08,-0.00051128,0.00896726,2
2021-02-09,-0.00599362,0.00833235,2
2021-02-10,0.00112483,0.00815377,2
2021-02-11,0.01612598,0.00763474,2
2021-02-12,-0.01675088,0.00944461,2
2021-02-15,-0.00318285,0.0109531,2
2021-02-16,-0.0181275,0.01013883,2
2021-02-17,0.02083475,0.01175468,2
2021-02-18,0.00903042,0.01337122,2
2021-02-19,-0.00036107,0.01262793,2
2021-02-22,0.00606299,0.01151682,2
2021-02-23,-0.01401721,0.01077458,2
2021-02-24,0.0091052,0.0113411,2
2021-02-25,-0.00926514,0.01093281,2
2021-02-26,0.01162435,0.01069321,2
2021-03-01,-0.0042402,0.01075695,2
2021-03-02,-0.00717134,0.01003303,2
2021-03-03,0.0026035,0.00969033,2
2021-03-04,0.00435655,0.00899543,2
2021-03-05,0.00683698,0.00849721,2
2021-03-08,-0.0033461,0.00831696,2
2021-03-09,0.01385963,0.00789504,2
2021-03-10,-0.00891055,0.00907991,2
2021-03-11,0.00230286,0.00914773,2
2021-03-12,0.00736985,0.00851742,2
2021-03-15,0.00416059,0.00839849,2
2021-03-16,0.00568304,0.00797893,2
2021-03-17,0.0108258,0.00776384,2
2021-03-18,0.00164763,0.00835707,2
2021-03-19,-0.00666773,0.00781952,2
2021-03-22,-0.00189869,0.00782294,2
2021-03-23,0.00081235,0.00739485,2
2021-03-24,0.00091293,0.00698473,2
2021-03-25,0.00358084,0.00663969,2
2021-03-26,0.00593857,0.00647171,2
2021-03-29,-0.00343509,0.0065784,2
2021-03-30,0.00142463,0.00645856,2
2021-03-31,-0.00589518,0.00620968,2
2021-04-01,-0.00369831,0.0064502,2
2021-04-02,-0.00563235,0.00637825,2
2021-04-05,0.00230175,0.00654405,2
2021-04-06,0.00015306,0.00631353,2
2021-04-07,-0.00104822,0.00607386,2
2021-04-08,0.00116244,0.00589797,2
2021-04-09,-0.00264522,0.00573938,2
2021-04-12,-0.01096786,0.00571432,2
2021-04-13,-0.00293216,0.0070829,2
2021-04-14,0.01071599,0.00683381,2
2021-04-15,-0.00452026,0.00765733,2
2021-04-16,0.00225659,0.00744265,2
2021-04-19,0.00185114,0.00706319,2
2021-04-20,-0.00921659,0.00672843,2
2021-04-21,-0.01465731,0.00740286,2
2021-04-22,0.00751077,0.00907745,2
2021-04-23,0.00348054,0.00887239,2
2021-04-26,-0.00595642,0.00833623,2
2021-04-27,0.01353054,0.00815265,2
2021-04-28,0.01013347,0.00918856,2
2021-04-29,0.02531553,0.00932997,2
2021-04-30,0.02285668,0.01298095,2
2021-05-03,0.00828031,0.01470118,2
2021-05-04,-0.02026821,0.01369133,2
2021-05-05,-0.00367367,0.01477903,2
2021-05-06,-0.00362854,0.0134946,2
2021-05-07,0.01102487,0.01236925,2
2021-05-10,-0.00209673,0.01202714,2
2021-05-11,-0.00521324,0.01102649,2
2021-05-12,0.01465182,0.01033567,2
2021-05-13,0.00290725,0.01101622,2
2021-05-14,0.00212424,0.01015408,2
2021-05-17,0.00315144,0.00937995,2
2021-05-18,1.86e-06,0.00875251,2
2021-05-19,0.00724375,0.00814238,2
2021-05-20,0.00285879,0.00807905,2
2021-05-21,0.00980752,0.00762883,2
2021-05-24,-0.00066999,0.00806958,2
2021-05-25,0.00485214,0.00756542,2
2021-05-26,-0.00300149,0.00734144,2
2021-05-27,-0.00568474,0.00705354,2
2021-05-28,0.00937629,0.0070834,2
2021-05-31,0.00640766,0.00758264,2
2021-06-01,0.0050737,0.00752281,2
2021-06-02,0.00805947,0.00732751,2
2021-06-03,-0.00130164,0.00754886,2
2021-06-04,0.00510142,0.00713954,2
2021-06-07,-0.01128666,0.00701687,2
2021-06-08,-0.0015136,0.00803286,2
2021-06-09,0.00725286,0.00755743,2
2021-06-10,0.00505643,0.00761204,2
2021-06-11,0.00499621,0.00739919,2
2021-06-14,-0.00022226,0.00721849,2
2021-06-15,0.00118501,0.00683566,2
2021-06-16,0.00775708,0.00651908,2
2021-06-17,-0.01473146,0.0068804,2
2021-06-18,0.01125089,0.00876149,2
2021-06-21,0.00542783,0.00918691,2
2021-06-22,-0.00433384,0.00874435,2
2021-06-23,0.00694073,0.00833017,2
2021-06-24,0.01133479,0.00819319,2
2021-06-25,-0.01262393,0.00877312,2
2021-06-28,-0.00788952,0.00957227,2
2021-06-29,-0.00892707,0.00940015,2
2021-06-30,-0.00117554,0.00940538,2
2021-07-01,0.00183658,0.00872327,2
2021-07-02,-0.00314798,0.00813821,2
2021-07-05,-0.00260808,0.00773096,2
2021-07-06,0.01268629,0.00735409,2
2021-07-07,0.00431235,0.0084427,2
2021-07-08,-0.00465014,0.00802734,2
2021-07-09,-0.00474022,0.00776055,2
2021-07-12,-0.0049876,0.00754927,2
2021-07-13,0.0081655,0.00740182,2
2021-07-14,0.00792631,0.00762296,2
2021-07-15,-0.00242047,0.00775962,2
2021-07-16,-0.00148289,0.00736746,2
2021-07-19,0.01389715,0.00699288,2
2021-07-20,0.00350523,0.0084766,2
2021-07-21,0.00685844,0.00800145,2
2021-07-22,-0.00900862,0.00791647,2
2021-07-23,0.00123445,0.00825433,2
2021-07-26,0.00685834,0.00772257,2
2021-07-27,-0.00061689,0.0076917,2
2021-07-28,-0.00176898,0.00724265,2
2021-07-29,-0.0091441,0.00689977,2
2021-07-30,0.00760258,0.00751426,2
2021-08-02,0.00393215,0.00762696,2
2021-08-03,-0.00434955,0.00731541,2
2021-08-04,-0.00175209,0.00714527,2
2021-08-05,-0.00272359,0.0068173,2
2021-08-06,0.01175108,0.00659938,2
2021-08-09,-0.00321978,0.00771431,2
2021-08-10,0.00025439,0.00738016,2
2021-08-11,0.00480572,0.00696949,2
2021-08-12,0.00219022,0.00684866,2
2021-08-13,0.00696744,0.00656196,2
2021-08-16,-0.0013975,0.00679085,2
2021-08-17,0.00120614,0.00650575,2
2021-08-18,-0.00322607,0.00624363,2
2021-08-19,0.00623148,0.00616858,2
2021-08-20,0.00237401,0.0063811,2
2021-08-23,-0.00230013,0.00618223,2
2021-08-24,0.00962059,0.00604897,2
2021-08-25,0.01077256,0.00687772,2
2021-08-26,0.00017451,0.00770024,2
2021-08-27,0.00741336,0.00724136,2
2021-08-30,-0.001844,0.00738511,2
2021-08-31,-0.01546047,0.00702292,2
2021-09-01,-0.0048677,0.00903969,2
2021-09-02,0.0049506,0.0086243,2
2021-09-03,-0.0011657,0.00823086,2
2021-09-06,0.00466302,0.00771491,2
2021-09-07,-0.00645511,0.0074479,2
2021-09-08,0.00521401,0.00749812,2
2021-09-09,0.00738045,0.00732117,2
2021-09-10,0.01577706,0.00744309,2
2021-09-13,0.00387386,0.00923312,2
2021-09-14,0.00206208,0.00866697,2
2021-09-15,-0.00250476,0.00809684,2
2021-09-16,0.00258384,0.00765683,2
2021-09-17,0.00825981,0.00725838,2
2021-09-20,-0.00189862,0.00752669,2
2021-09-21,-0.00610596,0.00714464,2
2021-09-22,-0.00758743,0.00721056,2
2021-09-23,-0.00637589,0.00747833,2
2021-09-24,-0.00457935,0.00751169,2
2021-09-27,0.00532235,0.00732882,2
2021-09-28,-0.01016592,0.00719395,2
2021-09-29,0.00085116,0.0079267,2
2021-09-30,0.01457984,0.00743718,2
2021-10-01,0.01381895,0.00893512,2
2021-10-04,0.00364675,0.00981241,2
2021-10-05,-0.00921517,0.00914915,2
2021-10-06,0.00752308,0.00924912,2
2021-10-07,0.00326389,0.0090146,2
2021-10-08,-0.00716555,0.00844559,2
2021-10-11,-0.00089839,0.00839182,2
2021-10-12,-0.00038198,0.0078456,2
2021-10-13,-0.00333059,0.00736971,2
2021-10-14,0.00338652,0.00710121,2
2021-10-15,0.00663295,0.00683892,2
2021-10-18,0.00249734,0.00695935,2
2021-10-19,0.00749734,0.00666861,2
2021-10-20,-0.00487603,0.00695316,2
2021-10-21,-0.00103358,0.00690622,2
2021-10-22,0.01330351,0.00658965,2
2021-10-25,-0.0051662,0.00806861,2
2021-10-26,-0.00237354,0.00784626,2
2021-10-27,-0.00162233,0.00743796,2
2021-10-28,-0.00477523,0.00705783,2
2021-10-29,-0.00217052,0.00697954,2
2021-11-01,-0.01131927,0.00669976,2
2021-11-02,-0.00458829,0.00782052,2
2021-11-03,0.00901657,0.00758371,2
2021-11-04,-0.01099417,0.00789981,2
2021-11-05,0.02049711,0.00860577,2
2021-11-08,0.00108715,0.01119982,2
2021-11-09,-0.00255538,0.01026848,2
2021-11-10,0.0028784,0.00951716,2
2021-11-11,-0.00236946,0.00885767,2
2021-11-12,-7.911e-05,0.00829672,2
2021-11-15,-0.01433539,0.00775177,2
2021-11-16,-0.00279233,0.00923045,2
2021-11-17,-0.00846264,0.00863686,2
2021-11-18,0.00301204,0.00872891,2
2021-11-19,0.01199105,0.00818892,2
2021-11-22,-0.0116413,0.00889656,2
2021-11-23,-0.00067597,0.00947144,2
2021-11-24,-0.00279358,0.0087698,2
2021-11-25,0.01408505,0.00824397,2
2021-11-26,-0.00135417,0.00937415,2
2021-11-29,0.00942749,0.00870116,2
2021-11-30,0.00426651,0.00883543,2
2021-12-01,-0.00762098,0.00835534,2
2021-12-02,0.00765608,0.00838217,2
2021-12-03,0.00080086,0.00832619,2
2021-12-06,0.00869906,0.00777804,2
2021-12-07,0.00040157,0.00799875,2
2021-12-08,-0.00781965,0.0074957,2
2021-12-09,-0.01006472,0.00773549,2
2021-12-10,-0.01149893,0.00830568,2
2021-12-13,-0.00499406,0.00900387,2
2021-12-14,0.0049711,0.0086058,2
2021-12-15,-0.01147536,0.0082171,2
2021-12-16,0.00727644,0.00893395,2
2021-12-17,-0.0068434,0.00872657,2
2021-12-20,-0.0046549,0.00857768,2
2021-12-21,0.00323706,0.00821851,2
2021-12-22,-0.0077817,0.00776718,2
2021-12-23,0.00140747,0.00794106,2
2021-12-24,0.0037051,0.0074587,2
2021-12-27,-0.00949129,0.00715856,2
2021-12-28,-0.01187684,0.00777023,2
2021-12-29,-0.00498421,0.00869152,2
2021-12-30,0.00381738,0.008344,2
2021-12-31,0.01324866,0.00790909,2
2022-01-03,-0.01653007,0.00895506,2
2022-01-04,-0.01153522,0.01056609,2
2022-01-05,0.00187786,0.01073893,2
2022-01-06,0.01367119,0.00988095,2
2022-01-07,0.01061415,0.01048451,2
2022-01-10,0.0143776,0.01043538,2
2022-01-11,-0.01400996,0.01103832,2
2022-01-12,0.00450292,0.01154088,2
2022-01-13,-0.01162179,0.01068659,2
2022-01-14,-0.00999909,0.01084813,2
2022-01-17,0.0021561,0.01072643,2
2022-01-18,0.00888855,0.00987733,2
2022-01-19,-0.01068828,0.00970123,2
2022-01-20,0.0041876,0.0099198,2
2022-01-21,-0.0175048,0.00927302,2
2022-01-24,-0.0096091,0.01101557,2
2022-01-25,0.00069567,0.01080754,2
2022-01-26,-0.01105068,0.00992299,2
2022-01-27,0.01287698,0.01015373,2
2022-01-28,-0.00630521,0.01054541,2
2022-01-31,0.0091383,0.01002541,2
2022-02-01,0.00221954,0.00985517,2
2022-02-02,-0.00489967,0.00912427,2
2022-02-03,-0.01030479,0.00869812,2
2022-02-04,-0.00912224,0.00907717,2
2022-02-07,-0.00426037,0.00917784,2
2022-02-08,0.00251175,0.00868941,2
2022-02-09,-0.0180715,0.00813255,2
2022-02-10,0.01797421,0.01041814,2
2022-02-11,-0.00838563,0.01177653,2
2022-02-14,0.0009159,0.0112812,2
2022-02-15,0.01124568,0.01033776,2
2022-02-16,-0.00204567,0.01041473,2
2022-02-17,0.01609131,0.00962281,2
2022-02-18,2.608e-05,0.01079276,2
2022-02-21,0.00289664,0.0099095,2
2022-02-22,0.01327352,0.00919619,2
2022-02-23,0.01386178,0.00989458,2
2022-02-24,-0.01144353,0.01053141,2
2022-02-25,-0.02426465,0.0106965,2
2022-02-28,-0.00555237,0.01367645,2
2022-03-01,0.0062857,0.01264017,2
2022-03-02,-0.00339556,0.01175557,2
2022-03-03,-0.00064968,0.0108445,2
2022-03-04,-0.00138032,0.00996082,2
2022-03-07,-0.02551169,0.00920857,2
2022-03-08,0.00498598,0.01314438,2
2022-03-09,0.00737303,0.01210428,2
2022-03-10,-0.00735264,0.01138925,2
2022-03-11,0.00882734,0.01084235,2
2022-03-14,0.00173364,0.01048582,2
2022-03-15,1.478e-05,0.00965765,2
2022-03-16,0.00755918,0.00892348,2
2022-03-17,0.00432597,0.00875255,2
2022-03-18,0.01956299,0.00828957,2
2022-03-21,0.01855016,0.01075328,2
2022-03-22,-0.02403851,0.01214358,2
2022-03-23,0.01284611,0.0145543,2
2022-03-24,0.00554283,0.01407384,2
2022-03-25,0.01487384,0.01294532,2
2022-03-28,0.00285948,0.01307382,2
2022-03-29,0.00373706,0.01194665,2
2022-03-30,0.02525084,0.01099772,2
2022-03-31,-0.02630302,0.01396931,2
2022-04-01,0.00374152,0.01634844,2
2022-04-04,-0.03432949,0.0148524,2
2022-04-05,-0.01374602,0.01900935,2
2022-04-06,0.00482349,0.01799105,2
2022-04-07,-0.02229242,0.01634049,2
2022-04-08,-0.01017838,0.01718057,2
2022-04-11,0.0064193,0.01605014,2
2022-04-12,-0.00777105,0.01472082,2
2022-04-13,0.00760472,0.01371617,2
2022-04-14,-0.018299,0.01278712,2
2022-04-15,0.01202076,0.01370025,2
2022-04-18,0.02232967,0.0132576,2
2022-04-19,-0.02229329,0.0147786,2
2022-04-20,-0.01106657,0.01600919,2
2022-04-21,-0.02014776,0.01514646,2
2022-04-22,-0.01491804,0.01585083,2
2022-04-25,0.00967266,0.01551571,2
2022-04-26,0.00744299,0.01451781,2
2022-04-27,0.00152535,0.01346354,2
2022-04-28,-0.0088026,0.01225719,2
2022-04-29,0.00248553,0.01173114,2
2022-05-02,-0.00975263,0.0107616,2
2022-05-03,-0.00333098,0.01062111,2
2022-05-04,0.01285137,0.00986022,2
2022-05-05,0.01406831,0.01031551,2
2022-05-06,0.00455716,0.01088865,2
2022-05-09,0.00735708,0.01012762,2
2022-05-10,-0.0059486,0.00972241,2
2022-05-11,0.01072968,0.0092993,2
2022-05-12,-0.01315941,0.00951306,2
2022-05-13,-0.012254,0.01022605,2
2022-05-16,0.00291936,0.01059708,2
2022-05-17,-0.00107696,0.0097912,2
2022-05-18,-0.01029142,0.0090542,2
2022-05-19,0.00416485,0.00934931,2
2022-05-20,0.0144062,0.00878454,2
2022-05-23,0.00570379,0.00982763,2
2022-05-24,-0.01060069,0.00930838,2
2022-05-25,-0.00761973,0.00959898,2
2022-05-26,0.00147313,0.00938726,2
2022-05-27,0.00403817,0.00870075,2
2022-05-30,-0.00524515,0.00822548,2
2022-05-31,0.00484815,0.00798368,2
2022-06-01,0.00939254,0.00768727,2
2022-06-02,-0.00489213,0.00804217,2
2022-06-03,0.0025873,0.00779647,2
2022-06-06,-0.00454234,0.00737649,2
2022-06-07,-0.00925248,0.00721439,2
2022-06-08,0.01116071,0.00776694,2
2022-06-09,0.0033096,0.00842339,2
2022-06-10,-0.00360336,0.0079449,2
2022-06-13,0.00044093,0.00760149,2
2022-06-14,0.00757685,0.00715745,2
2022-06-15,0.00962516,0.00734344,2
2022-06-16,-0.00390055,0.00782207,2
2022-06-17,0.01568901,0.00752293,2
2022-06-20,0.01886658,0.00926277,2
2022-06-21,0.00824801,0.01119584,2
2022-06-22,-0.00039604,0.01071228,2
2022-06-23,0.00736325,0.00984251,2
2022-06-24,0.0145521,0.00948596,2
2022-06-27,0.01004321,0.01036606,2
2022-06-28,0.00888942,0.01025688,2
2022-06-29,-0.00781662,0.01001148,2
2022-06-30,-0.00233366,0.00975016,2
2022-07-01,0.00780176,0.00906052,2
2022-07-04,-0.00895098,0.00889471,2
2022-07-05,0.01908061,0.0090072,2
2022-07-06,-0.0096252,0.01108199,2
2022-07-07,-0.00817362,0.01086392,2
2022-07-08,-0.01754939,0.01049715,2
2022-07-11,0.00547861,0.01187191,2
2022-07-12,-0.01306351,0.01103524,2
2022-07-13,-0.00040514,0.011367,2
2022-07-14,0.00406856,0.01041353,2
2022-07-15,0.00534469,0.00968935,2
2022-07-18,0.01371923,0.00916101,2
2022-07-19,-0.00367502,0.00995745,2
2022-07-20,-0.00822112,0.00931078,2
2022-07-21,-0.00445723,0.00923277,2
2022-07-22,0.00522305,0.00875156,2
2022-07-25,-0.00621611,0.00836106,2
2022-07-26,0.00031745,0.00820334,2
2022-07-27,-0.01053812,0.00767046,2
2022-07-28,0.00929597,0.00834796,2
2022-07-29,0.00934284,0.00853756,2
2022-08-01,0.0145369,0.00869355,2
2022-08-02,0.00017392,0.0097911,2
2022-08-03,-0.00262302,0.00903852,2
2022-08-04,0.00651648,0.0084639,2
2022-08-05,-0.00103485,0.00825268,2
2022-08-08,-0.0160981,0.00772998,2
2022-08-09,-0.0104491,0.00965074,2
2022-08-10,0.00268714,0.00984078,2
2022-08-11,-0.01359405,0.00912839,2
2022-08-12,-0.00549642,0.01003089,2
2022-08-15,-0.00673803,0.00951497,2
2022-08-16,-0.00639318,0.00921183,2
2022-08-17,-0.00129567,0.00892222,2
2022-08-18,0.00661187,0.00831064,2
2022-08-19,0.00745052,0.00813814,2
2022-08-22,0.0102818,0.00810265,2
2022-08-23,-0.01684117,0.0085128,2
2022-08-24,0.00387336,0.01034636,2
2022-08-25,-0.00924292,0.00962045,2
2022-08-26,-0.00587033,0.00962822,2
2022-08-29,0.00577035,0.00921266,2
2022-08-30,-0.01287041,0.008797,2
2022-08-31,-0.01282248,0.00963995,2
2022-09-01,-0.00275006,0.01025538,2
2022-09-02,0.01185319,0.00951492,2
2022-09-05,-0.01844493,0.0098716,2
2022-09-06,-0.00027537,0.01164752,2
2022-09-07,0.02261163,0.01065746,2
2022-09-08,0.0007163,0.01305896,2
2022-09-09,-0.00831631,0.01189349,2
2022-09-12,0.00098496,0.01137103,2
2022-09-13,-0.01415707,0.01041684,2
2022-09-14,-0.01045065,0.01109772,2
2022-09-15,0.0190912,0.01099382,2
2022-09-16,0.00554105,0.01243614,2
2022-09-19,-0.00379818,0.0115259,2
2022-09-20,0.00638803,0.01066754,2
2022-09-21,0.01262502,0.01007952,2
2022-09-22,0.02138239,0.01044334,2
2022-09-23,-0.00578188,0.01260638,2
2022-09-26,0.02243685,0.01173392,2
2022-09-27,0.01492168,0.01373514,2
2022-09-28,-0.01841237,0.01371102,2
2022-09-29,0.02121348,0.01441932,2
2022-09-30,0.02149952,0.01539284,2
2022-10-03,0.01472786,0.01618532,2
2022-10-04,-0.00293316,0.01567788,2
2022-10-05,-0.00642348,0.01425499,2
2022-10-06,-0.00150283,0.01320396,2
2022-10-07,-0.02675007,0.01204007,2
2022-10-10,-0.01199667,0.01518969,2
2022-10-11,-0.00126812,0.01456923,2
2022-10-12,0.01311567,0.01323551,2
2022-10-13,-0.01050091,0.01302994,2
2022-10-14,0.01235278,0.01258262,2
2022-10-17,0.00936966,0.01238742,2
2022-10-18,0.00442482,0.01183628,2
2022-10-19,0.00014123,0.01093755,2
2022-10-20,0.00184674,0.01003533,2
2022-10-21,-0.00679724,0.00926958,2
2022-10-24,0.00088231,0.00901641,2
2022-10-25,0.00583427,0.00837182,2
2022-10-26,0.0047652,0.00810334,2
2022-10-27,-0.00381644,0.00777959,2
2022-10-28,0.00223707,0.0074806,2
2022-10-31,-0.00206712,0.00709439,2
2022-11-01,-0.00367076,0.00679005,2
2022-11-02,-0.00520018,0.00665198,2
2022-11-03,0.00341141,0.0067035,2
2022-11-04,0.00049189,0.00651165,2
2022-11-07,0.01707545,0.00623914,2
2022-11-08,-0.00338477,0.00885177,2
2022-11-09,0.01220113,0.00834983,2
2022-11-10,0.00525421,0.00905656,2
2022-11-11,0.00351404,0.00861967,2
2022-11-14,0.01034885,0.00812333,2
2022-11-15,-0.00260691,0.00854036,2
2022-11-16,0.00615223,0.00803851,2
2022-11-17,0.00017234,0.0078633,2
2022-11-18,-0.01128587,0.00738022,2
2022-11-21,-0.00058125,0.00828908,2
2022-11-22,-0.00496795,0.00775136,2
2022-11-23,-0.0158833,0.00756502,2
2022-11-24,0.01671832,0.00949044,2
2022-11-25,0.00878826,0.01083924,2
2022-11-28,0.00283586,0.01047849,2
2022-11-29,-0.00760122,0.00968523,2
2022-11-30,0.00275454,0.00945554,2
2022-12-01,-0.00544599,0.00879941,2
2022-12-02,-0.00487875,0.00847916,2
2022-12-05,-0.00033753,0.00815719,2
2022-12-06,0.00472461,0.00763497,2
2022-12-07,-0.01401162,0.00738721,2
2022-12-08,-0.00354634,0.00890955,2
2022-12-09,0.00129455,0.00840971,2
2022-12-12,0.00066582,0.00785665,2
2022-12-13,-0.00573208,0.00737574,2
2022-12-14,-0.00161745,0.00734705,2
2022-12-15,0.01031501,0.00698103,2
2022-12-16,0.00119949,0.00768329,2
2022-12-19,-0.00425858,0.00723517,2
2022-12-20,0.01022519,0.00707073,2
2022-12-21,-0.0085232,0.00773127,2
2022-12-22,0.00128721,0.0080309,2
2022-12-23,-0.01313106,0.00753276,2
2022-12-26,-0.00269144,0.00880074,2
2022-12-27,-0.00851189,0.00826467,2
2022-12-28,-8.495e-05,0.00844341,2
2022-12-29,0.00391585,0.00787751,2
2022-12-30,0.00715552,0.00752365,2
2023-01-02,-0.00767489,0.00757192,2
2023-01-03,0.00113204,0.00777219,2
2023-01-04,0.00555554,0.00730954,2
2023-01-05,0.00871323,0.00720324,2
2023-01-06,-0.00828692,0.00755822,2
2023-01-09,-0.00476934,0.00785886,2
2023-01-10,-0.00419865,0.00763309,2
2023-01-11,0.00050042,0.00739236,2
2023-01-12,0.00549837,0.00698023,2
2023-01-13,-0.00132485,0.00693053,2
2023-01-16,-0.001619,0.00661981,2
2023-01-17,0.00637939,0.00637259,2
2023-01-18,0.00612867,0.00655986,2
2023-01-19,0.00195937,0.00667244,2
2023-01-20,0.00422504,0.00640548,2
2023-01-23,0.00119252,0.00633522,2
2023-01-24,0.00185848,0.00610143,2
2023-01-25,-0.00168618,0.00592843,2
2023-01-26,0.0086771,0.00580593,2
2023-01-27,0.00349862,0.0065187,2
2023-01-30,-0.01222715,0.00636627,2
2023-01-31,0.00231033,0.00780788,2
2023-02-01,0.00460414,0.00737405,2
2023-02-02,0.00606257,0.00716101,2
2023-02-03,-0.00256622,0.00714179,2
2023-02-06,-0.00938731,0.00685831,2
2023-02-07,0.00427665,0.00753032,2
2023-02-08,-0.00099285,0.007262,2
2023-02-09,0.00188649,0.00688767,2
2023-02-10,0.00587933,0.00658252,2
2023-02-13,-0.00272561,0.0066583,2
2023-02-14,-0.00549431,0.00646835,2
2023-02-15,-0.00209204,0.00659604,2
2023-02-16,-0.00236586,0.00637687,2
2023-02-17,-0.00017717,0.0062127,2
2023-02-20,-0.00351337,0.00599268,2
2023-02-21,-0.01813559,0.00599258,2
2023-02-22,-0.00697234,0.00920378,2
2023-02-23,-0.01832516,0.00898335,2
2023-02-24,-0.0012433,0.01102701,2
2023-02-27,0.00041991,0.01013081,2
2023-02-28,0.00322194,0.00933321,2
2023-03-01,0.00581413,0.00871594,2
2023-03-02,-0.00494508,0.0083866,2
2023-03-03,0.01278732,0.00808669,2
2023-03-06,-0.00496192,0.00898363,2
2023-03-07,-0.01030191,0.0085859,2
2023-03-08,-0.0065854,0.00899079,2
2023-03-09,0.01055242,0.00876235,2
2023-03-10,0.00563486,0.00906586,2
2023-03-13,0.0143595,0.00866146,2
2023-03-14,-0.01154147,0.00972971,2
2023-03-15,-0.00488277,0.01008795,2
2023-03-16,-0.01077922,0.00951013,2
2023-03-17,0.0108167,0.00978603,2
2023-03-20,0.00553521,0.00990976,2
2023-03-21,0.00799958,0.00936343,2
2023-03-22,0.00922274,0.00916687,2
2023-03-23,0.00200213,0.00917429,2
2023-03-24,-0.00400267,0.00853045,2
2023-03-27,0.00433153,0.00812354,2
2023-03-28,0.00766512,0.00776089,2
2023-03-29,-0.00641203,0.00783083,2
2023-03-30,0.00312052,0.00779841,2
2023-03-31,0.00817309,0.00740577,2
2023-04-03,0.00172413,0.0076272,2
2023-04-04,0.00221285,0.00720025,2
2023-04-05,0.00381846,0.00685738,2
2023-04-06,0.0107029,0.00666903,2
2023-04-07,-0.00160567,0.00753749,2
2023-04-10,0.00842862,0.00714113,2
2023-04-11,-0.00378339,0.00746377,2
2023-04-12,0.00030263,0.00721577,2
2023-04-13,-0.00187483,0.00683036,2
2023-04-14,-0.0061736,0.00655992,2
2023-04-17,-0.00367628,0.00676108,2
2023-04-18,0.00986158,0.00662883,2
2023-04-19,-0.00056158,0.00733939,2
2023-04-20,0.01763896,0.00694296,2
2023-04-21,-0.01172904,0.00941593,2
2023-04-24,0.00975966,0.00988091,2
2023-04-25,-0.00506045,0.0098249,2
2023-04-26,0.00496375,0.00930232,2
2023-04-27,0.00107452,0.00880279,2
2023-04-28,-0.00747486,0.00819032,2
2023-05-01,-0.00194917,0.00822996,2
2023-05-02,0.00999032,0.00774239,2
2023-05-03,-0.002614,0.00818786,2
2023-05-04,-0.00609766,0.00773993,2
2023-05-05,6.888e-05,0.00768536,2
2023-05-08,-0.00607541,0.00722909,2
2023-05-09,0.00529548,0.00727356,2
2023-05-10,-0.00188166,0.00714612,2
2023-05-11,-0.00694869,0.00682404,2
2023-05-12,0.00108709,0.00708065,2
2023-05-15,0.00379219,0.0067232,2
2023-05-16,-0.00594467,0.00655671,2
2023-05-17,-0.00201444,0.0067262,2
2023-05-18,0.01077978,0.0064805,2
2023-05-19,0.00696122,0.00742101,2
2023-05-22,0.00255555,0.00746411,2
2023-05-23,0.00124326,0.0070946,2
2023-05-24,0.00606137,0.00673797,2
2023-05-25,0.0023105,0.00680435,2
2023-05-26,0.00434295,0.00653036,2
2023-05-29,-0.0023279,0.00644735,2
2023-05-30,-0.00612839,0.00626822,2
2023-05-31,-0.00269906,0.00652925,2
2023-06-01,0.00388983,0.00636035,2
2023-06-02,-0.00629805,0.00626867,2
2023-06-05,0.01502696,0.00655493,2
2023-06-06,-0.01092257,0.00847975,2
2023-06-07,0.00191144,0.00902313,2
2023-06-08,0.02697712,0.0083978,2
2023-06-09,-0.01280938,0.01296799,2
2023-06-12,0.01943915,0.01285742,2
2023-06-13,0.03756721,0.0138635,2
2023-06-14,-0.01303471,0.01915944,2
2023-06-15,0.00507909,0.01803717,2
2023-06-16,-0.00310733,0.016392,2
2023-06-19,-0.00230178,0.01488958,2
2023-06-20,0.00645656,0.0135416,2
2023-06-21,-0.01537545,0.01254534,2
2023-06-22,0.01019118,0.01295247,2
2023-06-23,-0.00175888,0.01240518,2
2023-06-26,-0.0164613,0.01134666,2
2023-06-27,0.00282227,0.0122531,2
2023-06-28,-0.00343463,0.01122787,2
2023-06-29,0.0018623,0.01038962,2
2023-06-30,-0.00504177,0.00957713,2
2023-07-03,-0.00152829,0.00909161,2
2023-07-04,0.01066718,0.00846329,2
2023-07-05,-0.0148092,0.00885571,2
2023-07-06,-0.00154859,0.01009862,2
2023-07-07,-0.00025098,0.00933264,2
2023-07-10,-0.01423317,0.00864431,2
2023-07-11,0.00665133,0.00982147,2
2023-07-12,-0.00704243,0.00939255,2
2023-07-13,0.00595798,0.00914673,2
2023-07-14,0.00367923,0.00875968,2
2023-07-17,-0.0006167,0.00825218,2
2023-07-18,0.00197593,0.00772042,2
2023-07-19,-0.00375366,0.00728733,2
2023-07-20,0.00105242,0.00706746,2
2023-07-21,-0.00337595,0.00671149,2
2023-07-24,-0.00142443,0.00656218,2
2023-07-25,-0.00723362,0.00631631,2
2023-07-26,0.00076457,0.00674017,2
2023-07-27,0.0017957,0.00643244,2
2023-07-28,-0.0021514,0.00619973,2
2023-07-31,0.00198724,0.00605398,2
2023-08-01,-0.00843924,0.00589471,2
2023-08-02,0.00508016,0.00665238,2
