date,returns,true_volatility
2014-01-02,0.00413201,0.01224745
2014-01-03,-0.01186627,0.01179467
2014-01-06,0.00928361,0.01183769
2014-01-07,0.01134183,0.01163325
2014-01-08,-0.02220428,0.01158579
2014-01-09,-0.01630276,0.01282677
2014-01-10,0.00208409,0.01317335
2014-01-13,-0.00359576,0.0126351
2014-01-14,0.00019557,0.01216778
2014-01-15,-0.00955665,0.01167191
2014-01-16,0.01055707,0.01155003
2014-01-17,0.00930734,0.01145208
2014-01-20,0.0011447,0.01127803
2014-01-21,0.01260812,0.01083009
2014-01-22,0.00552467,0.01096165
2014-01-23,-0.00873216,0.01062753
2014-01-24,0.00428418,0.01053334
2014-01-27,-0.00936331,0.01018197
2014-01-28,0.00933552,0.01017191
2014-01-29,-0.00010433,0.01010164
2014-01-30,-0.00139592,0.00971492
2014-01-31,-0.00597473,0.00936181
2014-02-03,0.01163851,0.00919274
2014-02-04,-0.00105377,0.00940773
2014-02-05,-0.00348361,0.00906691
2014-02-06,-0.00270031,0.00880436
2014-02-07,0.0049421,0.00853283
2014-02-10,0.00344454,0.00833107
2014-02-11,0.00373782,0.00808713
2014-02-12,0.00378974,0.00786809
2014-02-13,0.01681604,0.00766514
2014-02-14,-0.00315527,0.00874788
2014-02-17,-0.00395103,0.00849408
2014-02-18,-0.00634354,0.00828676
2014-02-19,0.00546559,0.00822363
2014-02-20,0.00950867,0.00806811
2014-02-21,-0.0005353,0.00820813
2014-02-24,-0.00626217,0.00792967
2014-02-25,-0.00610616,0.00789122
2014-02-26,0.00550428,0.00784559
2014-02-27,0.00613789,0.00771996
2014-02-28,0.00454964,0.00763989
2014-03-03,-0.00457988,0.0074828
2014-03-04,0.00211292,0.00737814
2014-03-05,0.00123553,0.00716047
2014-03-06,0.00191849,0.00694361
2014-03-07,0.00628191,0.00674973
2014-03-10,0.00191198,0.00676213
2014-03-11,0.00486712,0.00657981
2014-03-12,0.00084053,0.00651873
2014-03-13,0.00223277,0.00633916
2014-03-14,0.00430874,0.00619169
2014-03-17,-0.00853617,0.00613261
2014-03-18,-0.00167448,0.00648942
2014-03-19,-0.00258109,0.00633772
2014-03-20,-0.00357763,0.00622597
2014-03-21,-0.00129698,0.00616764
2014-03-24,0.00941271,0.00602881
2014-03-25,-0.005149,0.00640887
2014-03-26,0.00662569,0.00642965
2014-03-27,-0.01053483,0.00649773
2014-03-28,-0.0019558,0.00703465
2014-03-31,0.0015155,0.00685394
2014-04-01,0.00430391,0.00665944
2014-04-02,0.00506795,0.00656323
2014-04-03,0.00556848,0.00651478
2014-04-04,-0.00186697,0.00650074
2014-04-07,-0.00253757,0.00635353
2014-04-08,0.00575288,0.00623896
2014-04-09,-0.00079796,0.00626209
2014-04-10,-0.00739102,0.00610731
2014-04-11,-0.00679422,0.0063481
2014-04-14,-0.00558083,0.00650477
2014-04-15,0.003655,0.00654718
2014-04-16,0.00131591,0.00643081
2014-04-17,0.00472315,0.00626102
2014-04-18,-0.0022568,0.00621832
2014-04-21,0.00136764,0.00610345
2014-04-22,0.00412604,0.00595604
2014-04-23,-0.0014273,0.00590697
2014-04-24,0.00304453,0.00578957
2014-04-25,-0.00337715,0.0057063
2014-04-28,-0.00166247,0.00568091
2014-04-29,-0.00173256,0.00558645
2014-04-30,-0.00617859,0.00550123
2014-05-01,0.00317626,0.00570105
2014-05-02,-0.00224259,0.00562969
2014-05-05,0.00046945,0.00555875
2014-05-06,0.00301639,0.00544234
2014-05-07,0.00280469,0.00538526
2014-05-08,0.00394305,0.0053248
2014-05-09,-0.00012398,0.00532034
2014-05-12,-0.00181091,0.00522306
2014-05-13,-1.205e-05,0.00516877
2014-05-14,-0.0081748,0.00508186
2014-05-15,-0.00764199,0.00555727
2014-05-16,-0.0074003,0.00589726
2014-05-19,-0.00574867,0.00616565
2014-05-20,0.00290037,0.00625447
2014-05-21,-0.00515213,0.00613171
2014-05-22,-0.00193667,0.00617901
2014-05-23,0.00826873,0.00605646
2014-05-26,-0.0018485,0.00631132
2014-05-27,0.00495545,0.00617676
2014-05-28,-0.00534602,0.00615457
2014-05-29,-0.00087654,0.00621378
2014-05-30,-0.00536049,0.00606353
2014-06-02,-0.00167925,0.00613287
2014-06-03,0.00544695,0.00600607
2014-06-04,-0.01001619,0.00603026
2014-06-05,0.00325767,0.00657807
2014-06-06,0.00193206,0.00644437
2014-06-09,-0.00333323,0.00628331
2014-06-10,-0.00857742,0.0062082
2014-06-11,0.0008731,0.00655901
2014-06-12,-0.00297659,0.00637704
2014-06-13,0.00186084,0.00627843
2014-06-16,0.00053389,0.00612713
2014-06-17,0.00996578,0.00597197
2014-06-18,-0.00113775,0.00642456
2014-06-19,-0.00601214,0.00626493
2014-06-20,0.00154099,0.00636445
2014-06-23,0.00176442,0.006202
2014-06-24,0.00862863,0.00605408
2014-06-25,0.00569951,0.00634587
2014-06-26,0.0026681,0.00635551
2014-06-27,0.00949943,0.00621842
2014-06-30,-0.00742352,0.00658123
2014-07-01,-0.00393008,0.00676838
2014-07-02,-0.00579407,0.00668491
2014-07-03,-0.00222175,0.00672572
2014-07-04,-0.00864998,0.00657374
2014-07-07,0.0047718,0.00688309
2014-07-08,-0.00110951,0.0067928
2014-07-09,-0.00931975,0.00660845
2014-07-10,-0.00669446,0.00698563
2014-07-11,0.00261541,0.00706637
2014-07-14,0.00616618,0.00687984
2014-07-15,0.01412267,0.00687257
2014-07-16,0.02288518,0.00771662
2014-07-17,0.00446319,0.00980478
2014-07-18,-0.00900335,0.00950276
2014-07-21,-0.01991037,0.00952623
2014-07-22,0.00329676,0.01082047
2014-07-23,-0.00807631,0.01042672
2014-07-24,-0.00387999,0.01030436
2014-07-25,-0.00570838,0.00997943
2014-07-28,-0.00097306,0.00975249
2014-07-29,0.01041124,0.00939158
2014-07-30,0.00188809,0.00947532
2014-07-31,-0.00104852,0.00913118
2014-08-01,-0.00871977,0.00880581
2014-08-04,-0.01445823,0.00887227
2014-08-05,-0.00423383,0.00952858
2014-08-06,-9.83e-05,0.009265
2014-08-07,0.01617668,0.00892382
2014-08-08,0.00166225,0.00968915
2014-08-11,0.00956944,0.00933049
2014-08-12,-0.00426912,0.00935142
2014-08-13,-0.01038381,0.0091007
2014-08-14,-0.00855906,0.00928288
2014-08-15,-0.00633866,0.0092918
2014-08-18,0.01987288,0.00914877
2014-08-19,-0.0081362,0.01039242
2014-08-20,0.00901694,0.01027675
2014-08-21,-0.00878799,0.01017579
2014-08-22,0.00983058,0.01012329
2014-08-25,0.00428538,0.01009319
2014-08-26,-0.00113002,0.00976789
2014-08-27,1.65e-05,0.00940808
2014-08-28,-0.00553144,0.00905857
2014-08-29,0.00436445,0.00888746
2014-09-01,-0.00353069,0.00863919
2014-09-02,-0.00990197,0.00840561
2014-09-03,-0.01061445,0.00861893
2014-09-04,0.00193211,0.00887725
2014-09-05,0.01392876,0.00856743
2014-09-08,0.00185704,0.00910698
2014-09-09,-0.00064201,0.00878308
2014-09-10,0.00282172,0.00847269
2014-09-11,0.01111359,0.00820335
2014-09-12,0.0022605,0.00848062
2014-09-15,-0.00296923,0.00819908
2014-09-16,0.00922142,0.00797388
2014-09-17,0.00387229,0.0080985
2014-09-18,0.01250694,0.00788337
2014-09-19,0.00193064,0.00835347
2014-09-22,-0.00948623,0.00807389
2014-09-23,-0.01093508,0.00828491
2014-09-24,0.01462492,0.00861632
2014-09-25,0.0163145,0.00923294
2014-09-26,-0.00138923,0.00996677
2014-09-29,-0.00327845,0.0095996
2014-09-30,0.0139876,0.00929737
2014-10-01,-0.01038624,0.00974327
2014-10-02,-0.00842089,0.00985875
2014-10-03,0.00670893,0.00980673
2014-10-06,-0.00338905,0.00960212
2014-10-07,0.00035235,0.00930329
2014-10-08,-0.00106427,0.0089589
2014-10-09,0.00331782,0.00864348
2014-10-10,0.01218988,0.00837657
2014-10-13,0.00119215,0.00874483
2014-10-14,0.00583126,0.00843444
2014-10-15,-0.01658021,0.00828234
2014-10-16,-5.439e-05,0.00932682
2014-10-17,-0.00717393,0.00898204
2014-10-20,-0.01046763,0.00891657
2014-10-21,-0.00761471,0.00912678
2014-10-22,-0.00263373,0.00907966
2014-10-23,0.00845041,0.00878959
2014-10-24,-0.01123818,0.00877431
2014-10-27,0.00067805,0.00907718
2014-10-28,-0.00383436,0.00874562
2014-10-29,-0.00239074,0.00851684
2014-10-30,0.00867693,0.00825417
2014-10-31,0.00486928,0.00830543
2014-11-03,0.01125436,0.00811602
2014-11-04,-0.00090067,0.00841825
2014-11-05,-0.00525918,0.00813168
2014-11-06,-0.00139416,0.00801468
2014-11-07,0.00228168,0.00775961
2014-11-10,0.00172813,0.00752168
2014-11-11,-0.00750377,0.00728869
2014-11-12,0.00107012,0.00740549
2014-11-13,0.00203692,0.00717228
2014-11-14,0.01793691,0.00696607
2014-11-17,0.0161322,0.00838226
2014-11-18,-0.00747756,0.00923249
2014-11-19,-0.00223441,0.00916689
2014-11-20,-0.01256812,0.00886139
2014-11-21,-0.00509106,0.00929574
2014-11-24,0.00326742,0.00908548
2014-11-25,0.01100017,0.0087906
2014-11-26,-0.00615401,0.00898938
2014-11-27,-0.00539474,0.00885847
2014-11-28,-0.01826985,0.00869462
2014-12-01,-0.00121177,0.00990847
2014-12-02,-0.00973755,0.00954199
2014-12-03,-0.0046941,0.00962168
2014-12-04,-0.0078173,0.00937127
2014-12-05,-0.00047831,0.00931766
2014-12-08,-0.0153772,0.0089759
2014-12-09,-0.01387861,0.00973291
2014-12-10,0.02211562,0.01019873
2014-12-11,-0.01449622,0.01157058
2014-12-12,-0.01262735,0.01187775
2014-12-15,0.02240164,0.01197751
2014-12-16,0.03836368,0.01306809
2014-12-17,-0.01892924,0.01649862
2014-12-18,-0.00575202,0.01670616
2014-12-19,0.00589156,0.01607809
2014-12-22,0.02713351,0.01546454
2014-12-23,-0.01600389,0.01662236
2014-12-24,-0.0036635,0.01656691
2014-12-25,0.01275409,0.01589282
2014-12-26,0.00718513,0.01560639
2014-12-29,-0.00526514,0.01506061
2014-12-30,-0.00154147,0.01450778
2014-12-31,-0.0187172,0.01390447
2015-01-01,-0.003024,0.01437608
2015-01-02,-0.00327681,0.0138025
2015-01-05,0.0034796,0.01326442
2015-01-06,-0.0066762,0.01274239
2015-01-07,0.00623758,0.01237987
2015-01-08,0.01253966,0.01198724
2015-01-09,0.00226548,0.01200213
2015-01-12,0.00445459,0.0115267
2015-01-13,0.00099125,0.01112305
2015-01-14,0.0004009,0.01068247
2015-01-15,-0.0070059,0.01026376
2015-01-16,0.00359254,0.0100872
2015-01-19,-0.00054778,0.00974214
2015-01-20,0.02002889,0.0093776
2015-01-21,0.01707669,0.01059945
2015-01-22,0.00473087,0.01122434
2015-01-23,-0.00787654,0.01084655
2015-01-26,-0.01147936,0.01067893
2015-01-27,0.01326023,0.01079655
2015-01-28,0.00328792,0.01099115
2015-01-29,0.00548363,0.01058773
2015-01-30,-0.01752587,0.01027514
2015-02-02,0.01069764,0.01110331
2015-02-03,0.00542276,0.01105311
2015-02-04,-0.01149219,0.01070953
2015-02-05,-0.00470436,0.01082523
2015-02-06,0.00316869,0.01049872
2015-02-09,0.00093097,0.0101201
2015-02-10,-0.00244355,0.0097325
2015-02-11,-0.0005727,0.00939912
2015-02-12,-0.00188131,0.00905363
2015-02-13,0.00173444,0.00874685
2015-02-16,0.01282206,0.00844181
2015-02-17,-0.02236888,0.00887102
2015-02-18,-0.00213536,0.0107045
2015-02-19,0.00221977,0.01030959
2015-02-20,0.00333746,0.00992405
2015-02-23,-0.00316366,0.00958192
2015-02-24,-0.01589742,0.00927718
2015-02-25,0.00369743,0.01005328
2015-02-26,0.01717774,0.00971299
2015-02-27,-0.01567782,0.01048193
2015-03-02,0.00994763,0.0110527
2015-03-03,-0.00319822,0.01095263
2015-03-04,-0.00024812,0.0105688
2015-03-05,-0.01029509,0.01015776
2015-03-06,-0.00301972,0.01022471
2015-03-09,0.0132416,0.00987782
2015-03-10,0.00632714,0.01017263
2015-03-11,0.01759091,0.00992368
2015-03-12,0.01301307,0.01071254
2015-03-13,0.00518297,0.010893
2015-03-16,0.01879899,0.01055028
2015-03-17,0.00540284,0.01139616
2015-03-18,0.00953366,0.01103115
2015-03-19,-0.00283396,0.01090451
2015-03-20,0.00109966,0.01051396
2015-03-23,-0.00664824,0.01010611
2015-03-24,0.01021714,0.00992047
2015-03-25,-0.01131025,0.00993823
2015-03-26,0.00831488,0.0101168
2015-03-27,-0.00150317,0.00998248
2015-03-30,0.01166293,0.00961619
2015-03-31,0.0077492,0.00978759
2015-04-01,0.01795731,0.00964345
2015-04-02,0.00809181,0.01052555
2015-04-03,-0.01586507,0.01034647
2015-04-06,-0.00033368,0.01095807
2015-04-07,-0.01193758,0.01052688
2015-04-08,-0.0051463,0.01070136
2015-04-09,0.01611774,0.01040064
2015-04-10,0.00737514,0.01094082
2015-04-13,-0.00707302,0.01069208
2015-04-14,-0.01023193,0.01048806
2015-04-15,0.00074482,0.01051867
2015-04-16,-0.01189834,0.01010911
2015-04-17,-0.00652923,0.01032456
2015-04-20,0.00355645,0.01011652
2015-04-21,0.01168605,0.00976883
2015-04-22,0.00644275,0.0099263
2015-04-23,-0.02182489,0.00969973
2015-04-24,0.00382508,0.01125312
2015-04-27,0.0011814,0.01084778
2015-04-28,0.00471385,0.01042269
2015-04-29,0.01671046,0.01009179
2015-04-30,-0.02177005,0.01074527
2015-05-01,-0.00673964,0.0120785
2015-05-04,0.00735008,0.01176172
2015-05-05,-0.01771957,0.01145652
2015-05-06,0.01830739,0.0121328
2015-05-07,0.00507552,0.01269292
2015-05-08,0.01076363,0.0122417
2015-05-11,-0.0065097,0.01210224
2015-05-12,0.00998039,0.01177294
2015-05-13,0.01281316,0.01161768
2015-05-14,0.00312228,0.01168974
2015-05-15,0.00303578,0.01124475
2015-05-18,0.00332571,0.01082221
2015-05-19,-0.00860384,0.01042901
2015-05-20,-0.00112577,0.01034219
2015-05-21,-0.00111774,0.00995092
2015-05-22,0.00407325,0.00958087
2015-05-25,0.00967798,0.00927961
2015-05-26,-0.00945904,0.00931384
2015-05-27,-0.00077413,0.00939236
2015-05-28,0.01380592,0.00904916
2015-05-29,-0.00666976,0.00950762
2015-06-01,-0.00730277,0.00936792
2015-06-02,0.00227727,0.00927934
2015-06-03,0.00795895,0.00895202
2015-06-04,0.00050156,0.00888803
2015-06-05,0.0117848,0.00856669
2015-06-08,0.00799858,0.00886862
2015-06-09,0.0078201,0.00881435
2015-06-10,0.00524987,0.00875243
2015-06-11,0.02030004,0.0085494
2015-06-12,-0.00164848,0.00998473
2015-06-15,-0.01887531,0.00962071
2015-06-16,0.0176374,0.0107448
2015-06-17,-0.00482521,0.01141624
2015-06-18,0.00159297,0.01105825
2015-06-19,0.01431413,0.01062512
2015-06-22,-0.01713146,0.01094171
2015-06-23,-0.01414467,0.01162043
2015-06-24,-0.01863468,0.01188718
2015-06-25,-0.00961598,0.01261242
2015-06-26,0.00586074,0.01242103
2015-06-29,0.00669642,0.01201176
2015-06-30,0.00362151,0.01166055
2015-07-01,-0.01546213,0.01122771
2015-07-02,-0.02657431,0.01167667
2015-07-03,0.00113685,0.01355665
2015-07-06,-0.0057292,0.01299175
2015-07-07,0.00617622,0.01257379
2015-07-08,0.0089408,0.01216719
2015-07-09,0.00204764,0.01191858
2015-07-10,0.00909962,0.01144486
2015-07-13,0.00298055,0.01125837
2015-07-14,0.00614273,0.01083402
2015-07-15,-0.00702254,0.01053331
2015-07-16,-0.00145681,0.01033792
2015-07-17,0.00235819,0.00995137
2015-07-20,0.00826698,0.0095877
2015-07-21,-0.00333747,0.0094922
2015-07-22,0.0051939,0.00919838
2015-07-23,-0.00198269,0.00896291
2015-07-24,-0.00061834,0.0086636
2015-07-27,0.00733459,0.00835977
2015-07-28,-0.01614877,0.0083032
2015-07-29,-0.01163327,0.00928155
2015-07-30,-0.01377622,0.00956441
2015-07-31,-0.02303188,0.01004102
2015-08-03,-0.00754387,0.01171206
2015-08-04,0.00898994,0.0114619
2015-08-05,-0.0028099,0.01126741
2015-08-06,0.00254721,0.010856
2015-08-07,0.01177776,0.01044581
2015-08-10,0.01439754,0.01054281
2015-08-11,-0.00035205,0.01087758
2015-08-12,0.01454598,0.01045074
2015-08-13,0.00139606,0.0108119
2015-08-14,-0.00830071,0.01039018
2015-08-17,-0.00571383,0.01028571
2015-08-18,-0.01446186,0.01003816
2015-08-19,-0.00895141,0.01052928
2015-08-20,-0.00334438,0.01045867
2015-08-21,0.00852221,0.01010747
2015-08-24,0.01758566,0.00998719
2015-08-25,-0.0144798,0.01076544
2015-08-26,0.00478627,0.01116588
2015-08-27,-0.01083089,0.01079329
2015-08-28,0.00554781,0.01084441
2015-08-31,-0.00097882,0.01051842
2015-09-01,-0.0181213,0.01011592
2015-09-02,0.01065611,0.01104831
2015-09-03,-0.00625485,0.01099974
2015-09-04,-0.00532912,0.01073069
2015-09-07,-0.01076394,0.01043601
2015-09-08,-0.00648022,0.01051566
2015-09-09,0.00480361,0.01029145
2015-09-10,-0.00148707,0.00997161
2015-09-11,0.00355702,0.00960567
2015-09-14,0.00376143,0.00928774
2015-09-15,0.01227879,0.00899458
2015-09-16,-0.00278643,0.00929568
2015-09-17,-0.01288721,0.00899695
2015-09-18,0.01048421,0.00944902
2015-09-21,-0.00276017,0.0095333
2015-09-22,0.01067622,0.00921971
2015-09-23,0.00398208,0.0093435
2015-09-24,-0.00078729,0.00905375
2015-09-25,0.00344467,0.00872959
2015-09-28,0.01690756,0.00846102
2015-09-29,0.01993309,0.00940456
2015-09-30,0.00113593,0.01060703
2015-10-01,0.00203305,0.01019444
2015-10-02,0.01096068,0.00981257
2015-10-05,-0.00797345,0.00990166
2015-10-06,0.00366898,0.0098147
2015-10-07,0.00015462,0.00948755
2015-10-08,0.00326702,0.0091333
2015-10-09,-0.00696329,0.00883557
2015-10-12,-0.0135374,0.00876805
2015-10-13,-0.01893546,0.00932736
2015-10-14,-0.01135,0.01051563
2015-10-15,-0.00447948,0.01063821
2015-10-16,-0.00262415,0.01031459
2015-10-19,0.0196798,0.00995225
2015-10-20,0.01258451,0.0110168
2015-10-21,-0.01030577,0.0111276
2015-10-22,0.00426173,0.01110624
2015-10-23,-0.00396429,0.01072101
2015-10-26,-0.00254998,0.01037397
2015-10-27,0.00225446,0.01000649
2015-10-28,0.00636764,0.00963811
2015-10-29,-0.00279843,0.00942772
2015-10-30,0.01010387,0.00912145
2015-11-02,-0.01011241,0.00920576
2015-11-03,0.00045928,0.00935199
2015-11-04,0.02379185,0.00900492
2015-11-05,0.00283418,0.01091169
2015-11-06,0.01545374,0.01050348
2015-11-09,0.00140265,0.01095551
2015-11-10,0.00651339,0.01052623
2015-11-11,-0.00018274,0.01026252
2015-11-12,-0.0012815,0.00986751
2015-11-13,-0.0070084,0.00950425
2015-11-16,0.00443869,0.00938572
2015-11-17,-0.0073564,0.0091087
2015-11-18,0.0064203,0.00904512
2015-11-19,0.01003711,0.00887978
2015-11-20,0.00369234,0.00898242
2015-11-23,-0.002092,0.00870571
2015-11-24,0.00422424,0.00842408
2015-11-25,-0.00213128,0.00820051
2015-11-26,0.00783796,0.00795038
2015-11-27,-0.01418766,0.00796528
2015-11-30,-0.00253075,0.00873267
2015-12-01,-0.01644365,0.00846069
2015-12-02,-0.01373109,0.00945185
2015-12-03,0.01395463,0.00993842
2015-12-04,0.00962001,0.01029956
2015-12-07,-0.00696666,0.01023886
2015-12-08,-0.01471795,0.01006184
2015-12-09,-0.03096145,0.0105789
2015-12-10,-0.00693264,0.01349163
2015-12-11,0.03209205,0.01309364
2015-12-14,0.00710716,0.01542285
2015-12-15,-0.00792909,0.01488474
2015-12-16,0.0071182,0.01444525
2015-12-17,-0.02139739,0.01396411
2015-12-18,-0.00397941,0.01472945
2015-12-21,0.00180846,0.01415856
2015-12-22,-0.00076819,0.01356767
2015-12-23,0.01068424,0.01300475
2015-12-24,0.00481178,0.01280093
2015-12-25,0.00864437,0.01233584
2015-12-28,-0.00790096,0.01205882
2015-12-29,0.01099803,0.01180424
2015-12-30,0.01948604,0.01171687
2015-12-31,-0.01170051,0.01247283
2016-01-01,-0.01064401,0.01244122
2016-01-04,0.01687466,0.01233333
2016-01-05,-0.00203266,0.01271354
2016-01-06,0.0175393,0.01220903
2016-01-07,-0.00520896,0.0126746
2016-01-08,0.01823272,0.01225578
2016-01-11,0.00208192,0.01279165
2016-01-12,0.00356924,0.01227299
2016-01-13,0.01887252,0.01180565
2016-01-14,-0.00411313,0.01247512
2016-01-15,-0.01092289,0.01203127
2016-01-18,-0.00497305,0.01197833
2016-01-19,0.0056435,0.0115921
2016-01-20,-0.01717438,0.01122419
2016-01-21,0.00796559,0.01186814
2016-01-22,-0.00584266,0.01158685
2016-01-25,0.01332448,0.01126009
2016-01-26,-0.02692417,0.01141236
2016-01-27,-0.01014553,0.01340705
2016-01-28,-0.02184401,0.0131897
2016-01-29,-0.01126696,0.01412072
2016-02-01,0.00384815,0.0139226
2016-02-02,-0.00199685,0.01337327
2016-02-03,-0.00285181,0.01283386
2016-02-04,-0.00156405,0.01233816
2016-02-05,0.00280943,0.01184644
2016-02-08,-0.01108457,0.01138737
2016-02-09,0.00846098,0.01140409
2016-02-10,0.00781022,0.01118243
2016-02-11,0.00461235,0.01094009
2016-02-12,0.00628541,0.01057513
2016-02-15,0.00345238,0.01029754
2016-02-16,0.02062224,0.00993686
2016-02-17,-0.00057011,0.01113865
2016-02-18,-0.00288563,0.01069947
2016-02-19,-0.00737775,0.01032178
2016-02-22,-0.01009106,0.01016317
2016-02-23,-0.0123094,0.01021269
2016-02-24,-0.00889354,0.01045631
2016-02-25,-0.00033421,0.01038768
2016-02-26,0.00373853,0.00998677
2016-02-29,0.0008936,0.00965148
2016-03-01,-0.00671112,0.00928908
2016-03-02,0.0086536,0.00916878
2016-03-03,0.00715462,0.00913512
2016-03-04,-0.00103763,0.00900499
2016-03-07,-0.00527162,0.0086866
2016-03-08,0.0050774,0.00852874
2016-03-09,0.00196643,0.00833325
2016-03-10,-0.01126524,0.0080554
2016-03-11,-0.00017457,0.00845196
2016-03-14,0.00253736,0.00815677
2016-03-15,-0.00670761,0.00790002
2016-03-16,0.00189886,0.00789524
2016-03-17,-0.01071816,0.00764228
2016-03-18,0.01113425,0.0080335
2016-03-21,0.01079975,0.00833347
2016-03-22,-0.00176266,0.0085644
2016-03-23,0.00341079,0.00828382
2016-03-24,-0.01898017,0.00804182
2016-03-25,-0.01059429,0.00950778
2016-03-28,-0.00243967,0.00966602
2016-03-29,-0.00960985,0.00933639
2016-03-30,0.0071335,0.00942543
2016-03-31,0.01891899,0.00927203
2016-04-01,-0.01178063,0.01035227
2016-04-04,-0.00841899,0.0105306
2016-04-05,0.00285404,0.01042282
2016-04-06,0.01657867,0.0100419
2016-04-07,-0.01266307,0.01068663
2016-04-08,0.00311755,0.01091225
2016-04-11,0.01954107,0.01050957
2016-04-12,-0.01852839,0.01145954
2016-04-13,-0.01527229,0.01223376
2016-04-14,-0.0049136,0.01254371
2016-04-15,-0.00591056,0.01212198
2016-04-18,0.00995985,0.0117645
2016-04-19,0.00320532,0.01160855
2016-04-20,-0.01942559,0.01116959
2016-04-21,0.00663786,0.01210271
2016-04-22,-0.00638223,0.01174333
2016-04-25,0.01496856,0.01143128
2016-04-26,-0.00695625,0.01172147
2016-04-27,-0.00688241,0.01143926
2016-04-28,0.00644573,0.01117239
2016-04-29,0.00868793,0.01086335
2016-05-02,0.00519249,0.01069516
2016-05-03,-0.01707087,0.0103648
2016-05-04,0.00638354,0.0111211
2016-05-05,-0.01078355,0.01081259
2016-05-06,0.00295462,0.01085798
2016-05-09,-0.01448515,0.01045501
2016-05-10,0.00526256,0.01089472
2016-05-11,-0.0081135,0.01055481
2016-05-12,-0.01297118,0.01042478
2016-05-13,0.00804482,0.01070973
2016-05-16,0.00294073,0.01051432
2016-05-17,-0.00581961,0.01013004
2016-05-18,0.01476424,0.00989832
2016-05-19,-0.00416166,0.01035207
2016-05-20,0.00072217,0.0100342
2016-05-23,0.00299514,0.00965048
2016-05-24,-0.00537284,0.00931605
2016-05-25,0.00469597,0.00911832
2016-05-26,-0.00433053,0.00886777
2016-05-27,-0.00316133,0.0086516
2016-05-30,0.01185174,0.00840406
2016-05-31,-0.00868731,0.00873288
2016-06-01,-0.02084148,0.00880374
2016-06-02,0.01715114,0.01039838
2016-06-03,0.0285978,0.01106088
2016-06-06,-0.00498324,0.01328312
2016-06-07,-0.02443235,0.01282108
2016-06-08,-0.00399549,0.01415689
2016-06-09,-0.00349753,0.0136171
2016-06-10,-0.00208686,0.01309399
2016-06-13,-0.0135958,0.01257046
2016-06-14,0.00775302,0.01268722
2016-06-15,0.00687303,0.01234115
2016-06-16,-0.01749851,0.01197701
2016-06-17,0.0091795,0.01255655
2016-06-20,0.02563577,0.01229403
2016-06-21,0.00277023,0.01378361
2016-06-22,-0.00406033,0.01322265
2016-06-23,-0.00140849,0.01273556
2016-06-24,0.0079192,0.01222124
2016-06-27,-0.02021893,0.01191383
2016-06-28,0.00250956,0.01283262
2016-06-29,-0.00440939,0.01231711
2016-06-30,0.02237341,0.0118915
2016-07-01,-0.00186296,0.01299259
2016-07-04,0.02120013,0.01247094
2016-07-05,-0.01431079,0.01332812
2016-07-06,0.00828906,0.01343369
2016-07-07,0.00457305,0.01306527
2016-07-08,-0.01053175,0.012579
2016-07-11,0.00260892,0.01245193
2016-07-12,0.01489893,0.01195769
2016-07-13,-0.00354488,0.0121834
2016-07-14,-0.01946317,0.01173972
2016-07-15,0.0001789,0.01258891
2016-07-18,-0.01049361,0.01207151
2016-07-19,-0.00370238,0.01198333
2016-07-20,-0.00054276,0.01155519
2016-07-21,-0.01852248,0.01109399
2016-07-22,-0.01886258,0.01192244
2016-07-25,0.00650791,0.01267025
2016-07-26,-0.00601416,0.01227076
2016-07-27,-0.03014216,0.01190846
2016-07-28,0.01164203,0.01432391
2016-07-29,0.00423567,0.01408259
2016-08-01,-0.00926101,0.0135332
2016-08-02,-0.01705141,0.01325259
2016-08-03,0.01178935,0.01362675
2016-08-04,0.00509813,0.01344819
2016-08-05,0.0312676,0.01295542
2016-08-08,0.00677887,0.01518096
2016-08-09,0.0060779,0.01464498
2016-08-10,-0.0019563,0.01411565
2016-08-11,0.01145708,0.01353747
2016-08-12,0.00874085,0.01334354
2016-08-15,0.01667682,0.01300351
2016-08-16,-0.00652728,0.01328788
2016-08-17,-0.0052101,0.01288471
2016-08-18,-0.00556656,0.0124536
2016-08-19,0.00993832,0.01206159
2016-08-22,0.01820273,0.01188137
2016-08-23,-0.00531835,0.01246262
2016-08-24,-0.00472296,0.01206044
2016-08-25,0.00406224,0.01166032
2016-08-26,-0.00236194,0.01123829
2016-08-29,0.01069991,0.01081862
2016-08-30,-0.02390416,0.01079332
2016-08-31,-0.00988464,0.01244052
2016-09-01,-0.00920811,0.01228004
2016-09-02,-0.02764779,0.01208771
2016-09-05,-0.01313893,0.0140498
2016-09-06,-0.0124055,0.01399269
2016-09-07,-0.00239233,0.01388497
2016-09-08,0.01523065,0.01332534
2016-09-09,-0.00289404,0.01344172
2016-09-12,-0.01291254,0.01291459
2016-09-13,-0.00033701,0.01294039
2016-09-14,0.01341679,0.01240671
2016-09-15,-0.0117556,0.01245504
2016-09-16,-0.01091779,0.01242928
2016-09-19,0.00729374,0.01234223
2016-09-20,-0.00225772,0.01199678
2016-09-21,0.00786814,0.01153407
2016-09-22,0.00024619,0.01127047
2016-09-23,0.00799268,0.01082097
2016-09-26,-0.0105868,0.01061446
2016-09-27,0.00027115,0.01066225
2016-09-28,-0.00175845,0.01024468
2016-09-29,-0.01159859,0.00986815
2016-09-30,-0.01536195,0.01008134
2016-10-03,0.00771735,0.01067059
2016-10-04,-0.00327072,0.01045932
2016-10-05,-0.00993108,0.01010592
2016-10-06,-0.000576,0.01014773
2016-10-07,0.01141103,0.00976139
2016-10-10,-0.02216762,0.00989488
2016-10-11,-0.01675207,0.01146039
2016-10-12,-0.01069597,0.01202312
2016-10-13,0.01786674,0.01195387
2016-10-14,0.00392885,0.01248765
2016-10-17,0.00962068,0.01201678
2016-10-18,-0.01307651,0.01181983
2016-10-19,-0.01299537,0.01196511
2016-10-20,0.00581344,0.01208859
2016-10-21,0.00108165,0.01169728
2016-10-24,0.00656078,0.01122716
2016-10-25,-0.00164932,0.01091976
2016-10-26,0.00332177,0.01050454
2016-10-27,0.00200159,0.01012903
2016-10-28,0.00798348,0.00975032
2016-10-31,0.00816631,0.00962358
2016-11-01,-0.01501888,0.00951858
2016-11-02,-0.02240379,0.01014733
2016-11-03,0.01211666,0.01169625
2016-11-04,0.01430057,0.01170352
2016-11-07,-0.01174511,0.01189971
2016-11-08,-0.02177491,0.01192305
2016-11-09,0.00169203,0.01304618
2016-11-10,0.01204546,0.01251072
2016-11-11,0.02276404,0.01244109
2016-11-14,0.00737217,0.01350417
2016-11-15,-0.00446564,0.01308965
2016-11-16,-0.010873,0.0126219
2016-11-17,0.00054332,0.01251562
2016-11-18,-0.00319173,0.01200186
2016-11-21,-0.01133327,0.01155909
2016-11-22,0.02412501,0.0115802
2016-11-23,0.0235771,0.01298315
2016-11-24,0.0163802,0.01406648
2016-11-25,-0.01268733,0.01421222
2016-11-28,0.01246185,0.01410711
2016-11-29,0.00931444,0.01393695
2016-11-30,0.006413,0.01358729
2016-12-01,0.01680786,0.0131298
2016-12-02,0.00892236,0.0134132
2016-12-05,0.01007785,0.01307792
2016-12-06,0.00857208,0.0128309
2016-12-07,0.00466545,0.0125163
2016-12-08,-0.02111557,0.01206292
2016-12-09,0.00149333,0.01307484
2016-12-12,-0.00657265,0.01253641
2016-12-13,-0.0151913,0.01218221
2016-12-14,0.02140567,0.01248987
2016-12-15,0.02351662,0.01336997
2016-12-16,0.01995192,0.01438466
2016-12-19,0.00418868,0.01484513
2016-12-20,0.01965256,0.01425455
2016-12-21,0.00057717,0.01469891
2016-12-22,0.00325444,0.01407534
2016-12-23,-0.01436942,0.01350691
2016-12-26,0.0057992,0.0136003
2016-12-27,0.00119231,0.01312071
2016-12-28,-0.01598494,0.01257814
2016-12-29,-0.00026151,0.01292084
2016-12-30,-0.00058767,0.0123878
2017-01-02,0.02176185,0.01188379
2017-01-03,0.01193919,0.01290429
2017-01-04,0.00054643,0.01279398
2017-01-05,0.00345164,0.01226605
2017-01-06,0.00092156,0.01179661
2017-01-09,-0.00189712,0.01132066
2017-01-10,-0.01138531,0.01088785
2017-01-11,-0.00125805,0.01097669
2017-01-12,-0.0074735,0.0105529
2017-01-13,-0.01258164,0.01038269
2017-01-16,0.00583629,0.01063392
2017-01-17,0.00444287,0.01033282
2017-01-18,-0.01746401,0.00999829
2017-01-19,-0.00093269,0.01086272
2017-01-20,0.01079642,0.01044131
2017-01-23,0.01147666,0.01045733
2017-01-24,0.01119954,0.01052754
2017-01-25,0.00081124,0.01056811
2017-01-26,-0.00818239,0.01015612
2017-01-27,-0.01050484,0.01006262
2017-01-30,0.00390001,0.0101566
2017-01-31,0.00412298,0.00981592
2017-02-01,0.01263232,0.00950208
2017-02-02,0.01115698,0.00977925
2017-02-03,-0.00090755,0.00988857
2017-02-06,-0.01144416,0.00951945
2017-02-07,-0.00271333,0.00975638
2017-02-08,0.00244815,0.00942844
2017-02-09,-0.00143808,0.00909563
2017-02-10,-0.00467281,0.0087781
2017-02-13,0.00257067,0.00858363
2017-02-14,-0.0037839,0.00830209
2017-02-15,-0.00468779,0.00810073
2017-02-16,0.0028777,0.00795529
2017-02-17,-0.00270296,0.00771894
2017-02-20,0.00223468,0.00751598
2017-02-21,0.00239224,0.00729213
2017-02-22,-0.00767363,0.00708568
2017-02-23,-0.0030837,0.00723899
2017-02-24,0.01058262,0.0070822
2017-02-27,-0.00825248,0.00744569
2017-02-28,-0.01571135,0.0076117
2017-03-01,-0.01572294,0.00865966
2017-03-02,0.00067698,0.00951507
2017-03-03,0.00068318,0.00915939
2017-03-06,-0.00063771,0.00882328
2017-03-07,0.01073346,0.00851058
2017-03-08,-0.02289412,0.00871514
2017-03-09,0.00462792,0.01067835
2017-03-10,0.01652858,0.01032931
2017-03-13,-0.01192343,0.01092715
2017-03-14,-0.00380035,0.01105919
2017-03-15,-0.00764608,0.01068689
2017-03-16,-0.00900595,0.01051713
2017-03-17,-0.00300991,0.01045145
2017-03-20,0.01480502,0.01009119
2017-03-21,0.01973779,0.01052462
2017-03-22,-0.00346278,0.01149846
2017-03-23,0.0215289,0.01109094
2017-03-24,0.00083449,0.0122128
2017-03-27,0.02094469,0.01171511
2017-03-28,-0.00078073,0.01265538
2017-03-29,0.00199091,0.01213903
2017-03-30,0.00465894,0.01165317
2017-03-31,0.03615692,0.01124837
2017-04-03,0.01299566,0.01479605
2017-04-04,-0.00993216,0.01460863
2017-04-05,0.01424837,0.01429144
2017-04-06,-0.00475158,0.01423746
2017-04-07,-0.00631663,0.01371441
2017-04-10,0.01246308,0.01327654
2017-04-11,0.00080951,0.0131736
2017-04-12,0.00391755,0.01262689
2017-04-13,0.0005699,0.0121482
2017-04-14,0.0043223,0.01165328
2017-04-17,0.00517605,0.01123867
2017-04-18,-0.02066445,0.01087497
2017-04-19,0.00841602,0.01202572
2017-04-20,-0.01114626,0.01175767
2017-04-21,-0.01654111,0.01174591
2017-04-24,-0.00031541,0.01224784
2017-04-25,0.00138673,0.01174945
2017-04-26,-0.00742166,0.01127843
2017-04-27,0.00958465,0.0110521
2017-04-28,-0.01426625,0.01092722
2017-05-01,-0.00419262,0.01128564
2017-05-02,-0.00598264,0.01091285
2017-05-03,-9.552e-05,0.01063631
2017-05-04,0.00325027,0.01022101
2017-05-05,-0.00953768,0.00985985
2017-05-08,0.00756519,0.00989281
2017-05-09,0.00101299,0.00972969
2017-05-10,-0.01731542,0.0093636
2017-05-11,-0.01980227,0.01031469
2017-05-12,0.00025902,0.01144413
2017-05-15,-0.00202745,0.01098556
2017-05-16,-0.00069348,0.0105732
2017-05-17,0.00011556,0.01016498
2017-05-18,0.00260465,0.00977414
2017-05-19,0.0093313,0.00942468
2017-05-22,-0.01006516,0.0094187
2017-05-23,-0.01077925,0.00953884
2017-05-24,-0.01021698,0.00971074
2017-05-25,0.00323564,0.00981474
2017-05-26,0.01219766,0.00947643
2017-05-29,-0.00378989,0.00971367
2017-05-30,-0.02317018,0.00942166
2017-05-31,-0.01878207,0.01125713
2017-06-01,-0.00967437,0.01209355
2017-06-02,-0.00626271,0.01194615
2017-06-05,-0.00434361,0.01161542
2017-06-06,0.0008332,0.01122833
2017-06-07,-0.00296114,0.01078164
2017-06-08,0.01131442,0.01040123
2017-06-09,-0.00667331,0.01046321
2017-06-12,-0.00844153,0.01025321
2017-06-13,0.00526997,0.01016959
2017-06-14,-0.01476403,0.00987472
2017-06-15,0.00446159,0.01042257
2017-06-16,0.00143407,0.0100833
2017-06-19,-0.00103033,0.00970092
2017-06-20,0.01524013,0.00934355
2017-06-21,-0.00577721,0.00992789
2017-06-22,0.02040135,0.00970799
2017-06-23,-0.00206193,0.01092096
2017-06-26,-0.01302497,0.01051276
2017-06-27,0.00115465,0.01079305
2017-06-28,-0.01076141,0.0103707
2017-06-29,-0.00746072,0.01045648
2017-06-30,0.00448657,0.01029275
2017-07-03,0.00593473,0.00996203
2017-07-04,-0.00564051,0.00970881
2017-07-05,0.00977757,0.00949718
2017-07-06,0.01141847,0.00951913
2017-07-07,0.01430109,0.00967839
2017-07-10,0.00575205,0.0101094
2017-07-11,0.01381392,0.00983837
2017-07-12,-0.01877832,0.0101969
2017-07-13,-0.00316202,0.01120462
2017-07-14,-0.00896846,0.01080554
2017-07-17,0.00167729,0.0107132
2017-07-18,-0.00548547,0.01029921
2017-07-19,-0.0012682,0.01003983
2017-07-20,0.0185948,0.0096669
2017-07-21,-0.00140433,0.01063121
2017-07-24,0.00463225,0.01022795
2017-07-25,-0.00190086,0.00990601
2017-07-26,0.00112313,0.00955096
2017-07-27,0.00045532,0.00919526
2017-07-28,0.00437073,0.00885682
2017-07-31,0.01043415,0.00861074
2017-08-01,0.01485831,0.00877647
2017-08-02,0.00330973,0.00939774
2017-08-03,0.00575633,0.0090855
2017-08-04,-0.00982343,0.00888326
2017-08-07,-0.00039416,0.00903724
2017-08-08,0.00859033,0.00871044
2017-08-09,0.00794486,0.00871262
2017-08-10,0.0022342,0.00866786
2017-08-11,0.00782347,0.00837491
2017-08-14,0.00449828,0.00835076
2017-08-15,0.01017367,0.00814265
2017-08-16,0.0028119,0.00833532
2017-08-17,-0.00247192,0.00807403
2017-08-18,0.00303336,0.00784109
2017-08-21,-0.0219195,0.00761603
2017-08-22,0.00411491,0.00970239
2017-08-23,-0.03387726,0.00939512
2017-08-24,-0.02245253,0.01325966
2017-08-25,0.00684105,0.01425741
2017-08-28,0.00697879,0.01377673
2017-08-29,-0.01509474,0.01332962
2017-08-30,-0.00921719,0.01350536
2017-08-31,0.01852425,0.01322416
2017-09-01,-0.00621757,0.01367181
2017-09-04,0.03007945,0.0132325
2017-09-05,0.0003708,0.01520887
2017-09-06,0.00634098,0.01455994
2017-09-07,0.02310752,0.01404408
2017-09-08,0.0023533,0.01490757
2017-09-11,-0.01391772,0.01428424
2017-09-12,-0.00116559,0.014268
2017-09-13,-8.69e-05,0.01367297
2017-09-14,-0.01747986,0.01310128
2017-09-15,-0.00306339,0.01353775
2017-09-18,-0.00925523,0.01300907
2017-09-19,0.01220006,0.01276568
2017-09-20,0.00083909,0.01268603
2017-09-21,-0.00303997,0.01216415
2017-09-22,-0.00084326,0.01170881
2017-09-25,0.00290832,0.01124194
2017-09-26,0.00707216,0.01081713
2017-09-27,-0.01015825,0.01056129
2017-09-28,-0.0106192,0.01057923
2017-09-29,0.01214608,0.01063302
2017-10-02,-0.00402995,0.01074353
2017-10-03,-0.01433142,0.01039736
2017-10-04,0.00520543,0.0108276
2017-10-05,0.00526059,0.01048966
2017-10-06,-0.01517423,0.01017448
2017-10-09,0.00286207,0.01072883
2017-10-10,0.00799943,0.01033117
2017-10-11,0.00420416,0.01016106
2017-10-12,0.00661185,0.00982917
2017-10-13,-0.01310615,0.00961792
2017-10-16,0.00371491,0.01001361
2017-10-17,-0.00252818,0.0096761
2017-10-18,-0.00411316,0.00934807
2017-10-19,0.00831445,0.00909127
2017-10-20,0.01377281,0.00904011
2017-10-23,0.01743944,0.00949606
2017-10-24,0.01398692,0.01033377
2017-10-25,-0.00076878,0.01065102
2017-10-26,0.00401161,0.01023931
2017-10-27,0.00798927,0.00989703
2017-10-30,0.00158261,0.00975927
2017-10-31,0.00162865,0.00939592
2017-11-01,0.00785752,0.0090531
2017-11-02,-0.000132,0.00897393
2017-11-03,-0.00590765,0.00864906
2017-11-06,-0.00313535,0.00852975
2017-11-07,0.00565452,0.00828905
2017-11-08,0.00042436,0.00813839
2017-11-09,0.0030739,0.00785955
2017-11-10,0.00551569,0.00763446
2017-11-13,-0.00242086,0.00752548
2017-11-14,0.00594039,0.00732615
2017-11-15,0.00315275,0.0072662
2017-11-16,-0.00834472,0.00708181
2017-11-17,0.01092547,0.00729767
2017-11-20,-0.00344061,0.0076698
2017-11-21,-0.01200897,0.00749743
2017-11-22,-0.00802354,0.00806046
2017-11-23,-0.00791385,0.00814249
2017-11-24,0.00082821,0.00820748
2017-11-27,-0.00177042,0.00792558
2017-11-28,-0.0021881,0.00768364
2017-11-29,0.00502751,0.00746731
2017-11-30,0.00289653,0.00734543
2017-12-01,0.0026592,0.00714829
2017-12-04,0.0032514,0.00695755
2017-12-05,0.00458796,0.00679715
2017-12-06,-0.01373213,0.0067042
2017-12-07,-0.00238452,0.00764058
2017-12-08,-0.0158048,0.00743268
2017-12-11,0.00070763,0.00853114
2017-12-12,0.00036187,0.00823029
2017-12-13,0.00870796,0.00794616
2017-12-14,0.00993667,0.00802997
2017-12-15,0.00206539,0.00821298
2017-12-18,-0.00357477,0.00794381
2017-12-19,0.00416395,0.00775814
2017-12-20,-0.00359983,0.00757661
2017-12-21,0.00038967,0.00741745
2017-12-22,0.00748145,0.00718101
2017-12-25,-0.00363903,0.00724138
2017-12-26,0.00612674,0.00710798
2017-12-27,0.00519473,0.00707813
2017-12-28,-0.00627877,0.006995
2017-12-29,0.00725851,0.00704236
2018-01-01,0.00535905,0.0070989
2018-01-02,0.00111585,0.00702327
2018-01-03,-0.00479432,0.0068138
2018-01-04,-0.00542158,0.00677554
2018-01-05,-0.00324611,0.0067814
2018-01-08,0.00401598,0.00666424
2018-01-09,-0.00586361,0.00655447
2018-01-10,0.00329331,0.00661311
2018-01-11,-0.00764432,0.00647819
2018-01-12,-0.00096691,0.00669827
2018-01-15,0.00111463,0.00651753
2018-01-16,0.01590221,0.00634003
2018-01-17,-0.01002619,0.00756993
2018-01-18,0.01202267,0.00789576
2018-01-19,0.00164504,0.00830897
2018-01-22,0.00370091,0.00802804
2018-01-23,0.00132448,0.00781158
2018-01-24,0.00376048,0.00755627
2018-01-25,-0.00073313,0.00737305
2018-01-26,0.01079133,0.00714647
2018-01-29,-0.00303459,0.00752422
2018-01-30,0.00871729,0.00734591
2018-01-31,-0.00442802,0.00749266
2018-02-01,-4.461e-05,0.00737917
2018-02-02,-0.00726039,0.00714614
2018-02-05,0.00370216,0.00725712
2018-02-06,0.01064901,0.00709212
2018-02-07,-0.0001772,0.00746155
2018-02-08,-0.00102236,0.00722431
2018-02-09,-0.00741468,0.00701109
2018-02-12,-0.00123935,0.00714961
2018-02-13,-0.01066177,0.00694488
2018-02-14,-0.00638113,0.00742829
2018-02-15,0.00208787,0.00744259
2018-02-16,0.00992385,0.00722044
2018-02-19,0.02145951,0.00749659
2018-02-20,-0.00510644,0.00938729
2018-02-21,0.01356382,0.00917148
2018-02-22,0.00273683,0.00958689
2018-02-23,-0.00099913,0.0092506
2018-02-26,0.00425782,0.00891788
2018-02-27,0.00093643,0.00866381
2018-02-28,0.00132251,0.00835638
2018-03-01,-0.00289494,0.00806923
2018-03-02,-0.01057502,0.0078499
2018-03-05,-0.01225501,0.00819824
2018-03-06,0.00607512,0.00868758
2018-03-07,-0.0019602,0.00852983
2018-03-08,-0.00452109,0.00825563
2018-03-09,0.00046882,0.00809066
2018-03-12,0.00661207,0.00781459
2018-03-13,0.00179894,0.00775622
2018-03-14,-0.00452702,0.00751007
2018-03-15,0.00947516,0.00740048
2018-03-16,0.01241912,0.00761096
2018-03-19,0.00441079,0.00810988
2018-03-20,0.00810596,0.0079144
2018-03-21,0.01027736,0.00795304
2018-03-22,0.00964082,0.008177
2018-03-23,0.00550763,0.00831727
2018-03-26,0.00528077,0.00815709
2018-03-27,0.00455584,0.00799721
2018-03-28,-0.00817618,0.00781544
2018-03-29,0.0059604,0.00793523
2018-03-30,-0.01021302,0.00782778
2018-04-02,-0.00606857,0.00814067
2018-04-03,0.01092208,0.00807177
2018-04-04,0.00741203,0.00834547
2018-04-05,0.01273842,0.0082953
2018-04-06,-0.00197304,0.00873487
2018-04-09,-0.00933508,0.00844876
2018-04-10,-0.00166886,0.00860459
2018-04-11,0.00124887,0.00831973
2018-04-12,0.0010346,0.00803405
2018-04-13,0.00920112,0.00776331
2018-04-16,-0.00245704,0.00790832
2018-04-17,0.00310554,0.00768543
2018-04-18,-0.00698734,0.00747232
2018-04-19,0.00379015,0.00752836
2018-04-20,0.00042284,0.00734811
2018-04-23,-0.00493556,0.00711585
2018-04-24,-0.00126515,0.00706085
2018-04-25,-0.00086386,0.00686224
2018-04-26,-0.00140175,0.00666933
2018-04-27,0.01191188,0.00649896
2018-04-30,-0.00029985,0.00710895
2018-05-01,-0.00128143,0.00689405
2018-05-02,-0.01366647,0.00670646
2018-05-03,-0.00642521,0.00763269
2018-05-04,-0.00160767,0.00763161
2018-05-07,-0.00467819,0.0074042
2018-05-08,0.01050171,0.00731103
2018-05-09,-0.00085942,0.00763572
2018-05-10,0.00992784,0.00739484
2018-05-11,0.00087205,0.00765013
2018-05-14,0.00067552,0.00740102
2018-05-15,-0.00023631,0.00716599
2018-05-16,0.00042637,0.0069471
2018-05-17,0.01198354,0.00673934
2018-05-18,-0.01657683,0.00731883
2018-05-21,-0.01673648,0.00856162
2018-05-22,-0.00480133,0.00957586
2018-05-23,0.00053559,0.0093332
2018-05-24,0.00660213,0.00898723
2018-05-25,0.00458029,0.00883619
2018-05-28,-0.00290427,0.00859937
2018-05-29,0.00890564,0.00834669
2018-05-30,0.00906129,0.00840743
2018-05-31,0.00195988,0.00847494
2018-06-01,0.00828293,0.00818872
2018-06-04,0.00263987,0.00821531
2018-06-05,-0.00406789,0.00795729
2018-06-06,0.00583746,0.0077921
2018-06-07,0.00125048,0.0076888
2018-06-08,0.00040997,0.00744009
2018-06-11,0.01100863,0.00720229
2018-06-12,-0.01821821,0.00759657
2018-06-13,-0.01241771,0.0090413
2018-06-14,-0.01080079,0.00943565
2018-06-15,-0.00309477,0.00962057
2018-06-18,-0.00197076,0.00931141
2018-06-19,-0.01315327,0.0089916
2018-06-20,-0.00893396,0.00947458
2018-06-21,-0.00777385,0.00949518
2018-06-22,0.02356885,0.00942811
2018-06-25,0.02057089,0.01119521
2018-06-26,-0.00461087,0.01216972
2018-06-27,-0.00387549,0.01175932
2018-06-28,-0.01264226,0.01134895
2018-06-29,-0.02154887,0.01150282
2018-07-02,-0.00108049,0.01266675
2018-07-03,-0.01172634,0.01215244
2018-07-04,-0.00063104,0.01215131
2018-07-05,-0.01825805,0.01165978
2018-07-06,-0.0090271,0.01237193
2018-07-09,0.00220751,0.01216135
2018-07-10,0.00467618,0.01167686
2018-07-11,0.00510542,0.01127122
2018-07-12,-0.01399745,0.01090312
2018-07-13,0.01000379,0.01123664
2018-07-16,-0.00850277,0.01112551
2018-07-17,0.0073464,0.01097624
2018-07-18,0.00028592,0.01072357
2018-07-19,-0.01378057,0.01030274
2018-07-20,-0.00297874,0.01068552
2018-07-23,0.00416728,0.01031104
2018-07-24,0.00651075,0.00996917
2018-07-25,-0.00097365,0.00974305
2018-07-26,0.01477218,0.00938267
2018-07-27,0.01038077,0.00990637
2018-07-30,-0.00215075,0.00993847
2018-07-31,0.00759116,0.00958666
2018-08-01,0.018671,0.00944827
2018-08-02,0.0209095,0.01046145
2018-08-03,-0.01385449,0.0116079
2018-08-06,-0.01057743,0.01184785
2018-08-07,0.01789928,0.01178467
2018-08-08,-0.01266355,0.01234412
2018-08-09,-0.01600249,0.01240226
2018-08-10,-0.00580723,0.01276698
2018-08-13,0.00559636,0.01236562
2018-08-14,-0.00082366,0.01195019
2018-08-15,-0.00706234,0.01147058
2018-08-16,-0.00715862,0.01121104
2018-08-17,-0.00741775,0.0109748
2018-08-20,-0.00907242,0.01077012
2018-08-21,0.02478616,0.01068803
2018-08-22,0.00408034,0.01237043
2018-08-23,0.01096095,0.01190961
2018-08-24,-0.00537642,0.01181084
2018-08-27,-0.00172927,0.01145036
2018-08-28,-0.00745472,0.01100788
2018-08-29,-0.02824625,0.01080294
2018-08-30,-0.01774315,0.0131662
2018-08-31,-0.02426574,0.01362282
2018-09-03,-0.03289763,0.01480037
2018-09-04,-0.0199399,0.01701573
2018-09-05,0.02327511,0.01726481
2018-09-06,-0.00038817,0.01773721
2018-09-07,0.02229565,0.01696596
2018-09-10,0.00753965,0.01737214
2018-09-11,0.01349958,0.01673941
2018-09-12,-0.0144092,0.01643828
2018-09-13,0.00892838,0.01627706
2018-09-14,0.01188544,0.01576123
2018-09-17,-0.00849818,0.01543088
2018-09-18,0.00878408,0.01498387
2018-09-19,0.00863279,0.01454075
2018-09-20,-0.00735875,0.01411831
2018-09-21,-0.01498246,0.01370048
2018-09-24,-0.01597523,0.01382893
2018-09-25,0.0016141,0.01403495
2018-09-26,0.00479788,0.01344877
2018-09-27,-0.00986125,0.01294753
2018-09-28,0.00073887,0.01274655
2018-10-01,0.00737272,0.01222133
2018-10-02,0.00774862,0.0118873
2018-10-03,0.0183918,0.01159355
2018-10-04,0.01602463,0.0122356
2018-10-05,-0.01215678,0.01254059
2018-10-08,0.02151047,0.01253899
2018-10-09,-0.00672831,0.0134249
2018-10-10,0.01400633,0.013022
2018-10-11,0.00128806,0.01306222
2018-10-12,-0.0047614,0.01252313
2018-10-15,-0.0214683,0.01209733
2018-10-16,-0.00185614,0.01315036
2018-10-17,-0.01928009,0.01262043
2018-10-18,0.01328452,0.0133201
2018-10-19,0.02053611,0.01327545
2018-10-22,-0.01070865,0.01393963
2018-10-23,0.00454259,0.0137185
2018-10-24,-0.00917221,0.01319592
2018-10-25,-0.00772888,0.01293409
2018-10-26,0.01016665,0.01261035
2018-10-29,-7.8e-05,0.01240322
2018-10-30,0.02109469,0.01189591
2018-10-31,-0.00578571,0.01282724
2018-11-01,0.01281314,0.01242138
2018-11-02,0.00160978,0.012419
2018-11-05,0.00988171,0.01191502
2018-11-06,-0.00485068,0.01174235
2018-11-07,-0.00016327,0.01136569
2018-11-08,-0.00086036,0.0109123
2018-11-09,-0.00836817,0.01048753
2018-11-12,0.00727226,0.01037978
2018-11-13,0.0070096,0.01016472
2018-11-14,0.00630632,0.00995075
2018-11-15,0.01533284,0.00971579
2018-11-16,0.01526834,0.01025866
2018-11-19,-0.00362003,0.01072166
2018-11-20,0.00426611,0.01036344
2018-11-21,-0.00584942,0.01002151
2018-11-22,0.00062885,0.00979879
2018-11-23,-0.00525418,0.00942756
2018-11-26,0.01533081,0.00921615
2018-11-27,0.00397513,0.00982992
2018-11-28,-0.00167361,0.0095107
2018-11-29,0.01134989,0.00917369
2018-11-30,-0.01992449,0.00936347
2018-12-03,-0.02113589,0.01069255
2018-12-04,0.00990501,0.01194338
2018-12-05,0.00111172,0.01177005
2018-12-06,0.00322912,0.01129631
2018-12-07,-0.01402435,0.01087484
2018-12-10,0.00013945,0.01121444
2018-12-11,0.02197383,0.01076802
2018-12-12,0.01029895,0.01201038
2018-12-13,0.00241234,0.01185774
2018-12-14,-0.00460166,0.0113919
2018-12-17,-0.00395099,0.0110271
2018-12-18,-0.02230045,0.0106615
2018-12-19,0.00351481,0.01208976
2018-12-20,0.01023395,0.01163116
2018-12-21,-0.01772612,0.01150413
2018-12-24,-0.00765242,0.0121745
2018-12-25,-0.01337169,0.01189815
2018-12-26,-0.01124431,0.01206225
2018-12-27,0.00104345,0.01203122
2018-12-28,-0.02366161,0.01154365
2018-12-31,0.0083874,0.01300306
2019-01-01,0.00994948,0.01266753
2019-01-02,-0.00272438,0.01244266
2019-01-03,-0.02928228,0.01196524
2019-01-04,-0.01377105,0.01422199
2019-01-07,0.01790663,0.01419953
2019-01-08,-0.03980889,0.01447407
2019-01-09,-0.00583109,0.01792998
2019-01-10,-0.01994113,0.01723824
2019-01-11,0.01445153,0.01746464
2019-01-14,-0.01119267,0.01717143
2019-01-15,0.00716634,0.01675028
2019-01-16,0.00952624,0.01613949
2019-01-17,0.02915337,0.01565895
2019-01-18,-0.00306059,0.01705213
2019-01-21,0.00654534,0.01634207
2019-01-22,-0.0229654,0.01573369
2019-01-23,0.0199766,0.01644521
2019-01-24,-0.01228624,0.01668125
2019-01-25,-0.00877301,0.01635835
2019-01-28,4.701e-05,0.01586643
2019-01-29,-0.02333304,0.01518541
2019-01-30,0.0040632,0.01601261
2019-01-31,0.01525937,0.01535906
2019-02-01,0.00487943,0.01529162
2019-02-04,-0.0229462,0.01469333
2019-02-05,-0.0015243,0.01554243
2019-02-06,0.01144657,0.01488698
2019-02-07,-0.02700438,0.01459241
2019-02-08,-0.01677455,0.0159798
2019-02-11,0.01446489,0.01604585
2019-02-12,0.00468442,0.01586262
2019-02-13,0.00667422,0.01522975
2019-02-14,0.02771113,0.01468739
2019-02-15,0.00791843,0.01604607
2019-02-18,0.01059887,0.01550244
2019-02-19,0.04137781,0.0151168
2019-02-20,-0.00356425,0.01854146
2019-02-21,-0.01377454,0.0177652
2019-02-22,0.00786834,0.0174577
2019-02-25,0.00778894,0.01683164
2019-02-26,-0.00815283,0.01623805
2019-02-27,-0.0158351,0.01572564
2019-02-28,0.03674799,0.01573612
2019-03-01,0.00636015,0.01823549
2019-03-04,-0.01242957,0.01751991
2019-03-05,0.01610466,0.01714613
2019-03-06,-0.0014547,0.01699299
2019-03-07,-0.0037131,0.01626494
2019-03-08,0.00917564,0.01560744
2019-03-11,-0.0191638,0.01514364
2019-03-12,0.00587208,0.01551804
2019-03-13,0.02896857,0.01493426
2019-03-14,0.00805657,0.01642414
2019-03-15,-0.00556821,0.01586394
2019-03-18,-0.00734668,0.01527627
2019-03-19,-0.00566779,0.01478724
2019-03-20,-0.00322223,0.01426283
2019-03-21,-0.00477566,0.01369925
2019-03-22,0.01250163,0.0132069
2019-03-25,-0.02232686,0.01311259
2019-03-26,0.01256875,0.01411688
2019-03-27,-0.00489791,0.01395338
2019-03-28,0.00547019,0.01345063
2019-03-29,-0.01421583,0.01296894
2019-04-01,0.01780688,0.01310136
2019-04-02,0.01720165,0.01348842
2019-04-03,0.01361474,0.01377123
2019-04-04,-0.02037197,0.01371309
2019-04-05,0.01233308,0.01439245
2019-04-08,0.0061454,0.01419125
2019-04-09,-0.02157564,0.01368967
2019-04-10,4.733e-05,0.01451464
2019-04-11,0.00546721,0.0139005
2019-04-12,0.00784784,0.01339358
2019-04-15,0.00270563,0.01300695
2019-04-16,0.00403608,0.01248518
2019-04-17,0.01810838,0.012017
2019-04-18,0.01581093,0.01256974
2019-04-19,-0.03634735,0.01281711
2019-04-22,-0.00470891,0.01609418
2019-04-23,-0.00214703,0.01546928
2019-04-24,-0.02557487,0.01482501
2019-04-25,0.00190539,0.01598362
2019-04-26,0.01950903,0.01530243
2019-04-29,-0.01656585,0.01561416
2019-04-30,0.00568039,0.01569672
2019-05-01,-0.0134269,0.01509778
2019-05-02,-0.00966126,0.01497407
2019-05-03,0.02199427,0.01461646
2019-05-06,-0.00788566,0.01527149
2019-05-07,0.00724357,0.01480611
2019-05-08,-0.02637462,0.01430866
2019-05-09,0.0295595,0.01565764
2019-05-10,0.01070904,0.01710612
2019-05-13,-0.00263348,0.01662184
2019-05-14,0.00956649,0.01592658
2019-05-15,-0.02139751,0.01546121
2019-05-16,0.01935907,0.01603263
2019-05-17,-0.00486579,0.01625321
2019-05-20,-0.00278839,0.01562402
2019-05-21,-0.00696587,0.01498177
2019-05-22,-0.0080163,0.01449459
2019-05-23,0.01018355,0.01408373
2019-05-24,0.00392425,0.01377161
2019-05-27,0.00902383,0.01323185
2019-05-28,0.00028642,0.0129141
2019-05-29,0.00675343,0.01238004
2019-05-30,-0.00462969,0.01200836
2019-05-31,0.02628281,0.01160804
2019-06-03,-0.02050193,0.0133309
2019-06-04,0.01815058,0.01407729
2019-06-05,0.02008273,0.01438893
2019-06-06,-0.0122654,0.01486272
2019-06-07,0.03311434,0.01467489
2019-06-10,0.01714937,0.01682525
2019-06-11,0.0166953,0.01677958
2019-06-12,0.00086803,0.01670201
2019-06-13,-0.00307133,0.01598026
2019-06-14,-0.00280915,0.0153248
2019-06-17,0.00614009,0.01469819
2019-06-18,0.02025187,0.0141679
2019-06-19,0.00306286,0.01468644
2019-06-20,-0.01243637,0.01408356
2019-06-21,0.01191773,0.01397058
2019-06-24,0.01308796,0.01377403
2019-06-25,0.00935299,0.0136758
2019-06-26,0.0103492,0.01334569
2019-06-27,-0.00314799,0.01309568
2019-06-28,-0.01129822,0.01259242
2019-07-01,-0.01046962,0.01251981
2019-07-02,-0.01986856,0.01239316
2019-07-03,0.00352676,0.01319593
2019-07-04,-0.000658,0.01267844
2019-07-05,-0.00495025,0.01215999
2019-07-08,-0.03436436,0.01176212
2019-07-09,-0.01827152,0.01496934
2019-07-10,0.01752004,0.01527429
2019-07-11,-0.00983727,0.01540306
2019-07-12,0.00581831,0.01502616
2019-07-15,-0.01971998,0.01446767
2019-07-16,0.02194988,0.01497866
2019-07-17,-0.00184434,0.01558267
2019-07-18,0.00472995,0.01492879
2019-07-19,0.03376586,0.0143461
2019-07-22,0.02567729,0.01666883
2019-07-23,-0.00495796,0.01747738
2019-07-24,-0.00955769,0.01678583
2019-07-25,-0.00490786,0.01630454
2019-07-26,0.00839202,0.01567375
2019-07-29,-0.00119638,0.01517123
2019-07-30,-0.00534336,0.01453118
2019-07-31,0.02095573,0.01401035
2019-08-01,-0.00127046,0.01462624
2019-08-02,0.03262682,0.01401416
2019-08-05,0.00187245,0.01622672
2019-08-06,0.02813182,0.01553327
2019-08-07,0.0064067,0.01681045
2019-08-08,0.01597332,0.01617234
2019-08-09,-0.01125943,0.01609061
2019-08-12,-0.01304451,0.01574743
2019-08-13,0.00754578,0.01554424
2019-08-14,0.01524353,0.0150154
2019-08-15,0.0010029,0.01497655
2019-08-16,-0.01804706,0.01434014
2019-08-19,-0.01958494,0.01469202
2019-08-20,-0.02123796,0.0151618
2019-08-21,-0.0274448,0.01575269
2019-08-22,0.00226235,0.01701001
2019-08-23,0.01871706,0.0162812
2019-08-26,0.00017974,0.01641833
2019-08-27,-0.03511118,0.01571003
2019-08-28,-0.00304942,0.01808248
2019-08-29,-0.00241976,0.01732051
2019-08-30,0.03516681,0.01658723
2019-09-02,-0.0268049,0.01867009
2019-09-03,-0.00719473,0.01943989
2019-09-04,0.03231412,0.0187086
2019-09-05,0.00941633,0.02003726
2019-09-06,0.01128465,0.01932255
2019-09-09,0.00254593,0.01872796
2019-09-10,0.00631178,0.01791755
2019-09-11,0.01378847,0.01721747
2019-09-12,-0.01328012,0.01689975
2019-09-13,0.01499715,0.01662435
2019-09-16,-0.02216249,0.01643295
2019-09-17,0.00597224,0.01696949
2019-09-18,0.00331535,0.01631045
2019-09-19,-0.00923209,0.01562907
2019-09-20,5.506e-05,0.01520546
2019-09-23,-0.00866233,0.01455702
2019-09-24,-0.01479041,0.01417411
2019-09-25,-0.00463555,0.01424022
2019-09-26,-0.01473962,0.01371356
2019-09-27,0.00486083,0.01381929
2019-09-30,-0.01489559,0.01329952
2019-10-01,0.00998329,0.01346011
2019-10-02,-0.01517206,0.01318014
2019-10-03,-0.0071761,0.01337837
2019-10-04,-0.00771899,0.01299863
2019-10-07,0.01718972,0.01267008
2019-10-08,0.00470816,0.01304357
2019-10-09,-0.00225983,0.01256214
2019-10-10,0.00641925,0.01206941
2019-10-11,-0.02426035,0.01170294
2019-10-14,-0.00017025,0.01322056
2019-10-15,0.02571243,0.01267197
2019-10-16,0.00226643,0.01410263
2019-10-17,0.00131812,0.013519
2019-10-18,0.00750206,0.01295693
2019-10-21,0.01166854,0.01258204
2019-10-22,-0.02452583,0.01247872
2019-10-23,-0.02296603,0.01388912
2019-10-24,0.00352425,0.01485677
2019-10-25,-0.00978892,0.0142527
2019-10-28,0.01870555,0.01395213
2019-10-29,-0.00411756,0.01433352
2019-10-30,-0.02627212,0.01378739
2019-10-31,-0.01888865,0.0152117
2019-11-01,-0.04236029,0.01555103
2019-11-04,-0.00409036,0.01917928
2019-11-05,-0.00306264,0.01838074
2019-11-06,-0.00707228,0.0176041
2019-11-07,0.01870854,0.01696996
2019-11-08,0.02082335,0.01704047
2019-11-11,-0.00254685,0.01729488
2019-11-12,-0.03496044,0.01656464
2019-11-13,0.01196841,0.0187409
2019-11-14,0.01051637,0.01821586
2019-11-15,0.0058618,0.01765337
2019-11-18,0.01704122,0.01695524
2019-11-19,-0.01927358,0.01688968
2019-11-20,0.03472867,0.01708952
2019-11-21,-0.01784285,0.0190143
2019-11-22,0.01455871,0.01889785
2019-11-25,-0.03082846,0.01850743
2019-11-26,-0.01799985,0.01977915
2019-11-27,0.03013745,0.01961097
2019-11-28,-0.00496098,0.02054804
2019-11-29,0.01694501,0.01969826
2019-12-02,0.00499778,0.01940357
2019-12-03,-0.00155178,0.01859583
2019-12-04,0.02466301,0.01779008
2019-12-05,-0.00394189,0.01834663
2019-12-06,-0.03091837,0.0175873
2019-12-09,-0.0148709,0.01901163
2019-12-10,0.01069812,0.01868337
2019-12-11,0.007559,0.01810073
2019-12-12,-0.02691132,0.0174284
2019-12-13,-0.01290868,0.01837347
2019-12-16,-0.01005273,0.01796862
2019-12-17,-0.00597274,0.01743714
2019-12-18,-0.02268248,0.01677611
2019-12-19,-0.01048792,0.01732722
2019-12-20,-0.01188298,0.01685809
2019-12-23,0.01312884,0.01649811
2019-12-24,0.01350058,0.01619112
2019-12-25,-0.00192287,0.01593075
2019-12-26,-0.00558268,0.01526039
2019-12-27,0.00245781,0.01470659
2019-12-30,-0.01110928,0.01409457
2019-12-31,-0.01552714,0.01388794
2020-01-01,-0.01280701,0.01404671
2020-01-02,-0.00846482,0.01396446
2020-01-03,-0.01543532,0.01361038
2020-01-06,0.00263461,0.01378881
2020-01-07,0.01005099,0.01322569
2020-01-08,-0.02017895,0.0129664
2020-01-09,0.00074489,0.01372499
2020-01-10,-0.00249223,0.01315033
2020-01-13,0.00471352,0.01263078
2020-01-14,0.0002425,0.01217238
2020-01-15,-0.01657252,0.01167621
2020-01-16,-0.0149892,0.01219053
2020-01-17,0.00076712,0.0124772
2020-01-20,0.01271017,0.01196578
2020-01-21,-0.02616259,0.01199654
2020-01-22,0.00515183,0.01374446
2020-01-23,0.01614687,0.01323687
2020-01-24,-0.00165751,0.01344554
2020-01-27,0.00749635,0.0128977
2020-01-28,-0.00840684,0.01252628
2020-01-29,-0.00106432,0.01226747
2020-01-30,-0.01868403,0.01177363
2020-01-31,-0.02895382,0.01252113
2020-02-03,0.01416245,0.01459796
2020-02-04,-0.01389342,0.01451116
2020-02-05,-0.00619283,0.01447295
2020-02-06,-0.01898995,0.0139854
2020-02-07,-0.02001127,0.01447639
2020-02-10,-0.00221066,0.01501781
2020-02-11,-0.01010393,0.01439728
2020-02-12,0.00573131,0.01410507
2020-02-13,0.00655221,0.01359489
2020-02-14,0.00461664,0.01314211
2020-02-17,0.00341897,0.01265279
2020-02-18,0.01958879,0.01216198
2020-02-19,-0.01333668,0.01286695
2020-02-20,-0.00031045,0.01293267
2020-02-21,0.0144445,0.01239925
2020-02-24,0.01625395,0.01253732
2020-02-25,-0.01784327,0.01283143
2020-02-26,-0.00376679,0.0133399
2020-02-27,0.01783619,0.01283846
2020-02-28,0.00713686,0.01325947
2020-03-02,0.00290912,0.01284994
2020-03-03,-0.00228613,0.01233952
2020-03-04,-0.00415152,0.01185906
2020-03-05,0.00370055,0.01145152
2020-03-06,-0.00238421,0.01103206
2020-03-09,-5.236e-05,0.01062417
2020-03-10,0.00120244,0.01020935
2020-03-11,-0.0062576,0.00981843
2020-03-12,0.00552535,0.00963178
2020-03-13,0.02774167,0.00938208
2020-03-16,-0.02073095,0.01189145
2020-03-17,0.00457337,0.01288027
2020-03-18,-0.00902953,0.01240418
2020-03-19,0.00743932,0.01219136
2020-03-20,0.00095228,0.01186241
2020-03-23,0.00907232,0.01138317
2020-03-24,0.01356523,0.01119962
2020-03-25,0.00258979,0.01138018
2020-03-26,0.01278738,0.01094241
2020-03-27,-0.02557159,0.01107862
2020-03-30,0.02096249,0.01292871
2020-03-31,0.00553483,0.01369062
2020-04-01,0.01462482,0.01319748
2020-04-02,-0.01579201,0.01327349
2020-04-03,-0.0108324,0.01352048
2020-04-06,0.00234676,0.01333958
2020-04-07,0.00018199,0.0127958
2020-04-08,0.00387265,0.01226786
2020-04-09,0.01320555,0.01180763
2020-04-10,-0.02059729,0.01189499
2020-04-13,0.01292891,0.01286575
2020-04-14,0.00050628,0.01283308
2020-04-15,-0.00210715,0.01230313
2020-04-16,-0.01699072,0.01182146
2020-04-17,0.00661961,0.01236384
2020-04-20,-0.02853925,0.01198755
2020-04-21,0.00955285,0.01411619
2020-04-22,-0.02014206,0.01376716
2020-04-23,0.00117049,0.014413
2020-04-24,-0.00124516,0.01380529
2020-04-27,0.01587816,0.01323442
2020-04-28,-0.00199726,0.01341835
2020-04-29,-0.00853816,0.01287662
2020-04-30,-0.00598351,0.01260063
2020-05-01,0.01595033,0.01221663
2020-05-04,0.00711248,0.01251634
2020-05-05,-0.00428607,0.01215171
2020-05-06,-0.0023739,0.01173163
2020-05-07,-0.01728619,0.01128538
2020-05-08,0.00503607,0.01193405
2020-05-11,-0.01988168,0.01152489
2020-05-12,0.00976814,0.01246101
2020-05-13,0.00197436,0.01224021
2020-05-14,0.0284441,0.01174892
2020-05-15,-0.01476558,0.01378519
2020-05-18,-0.00102559,0.01388626
2020-05-19,0.02433387,0.01330925
2020-05-20,0.01760395,0.01444024
2020-05-21,-0.00980685,0.01466055
2020-05-22,0.00361003,0.01433256
2020-05-25,0.00042751,0.01375713
2020-05-26,0.00411632,0.01318049
2020-05-27,-0.00845686,0.01267655
2020-05-28,-0.00070847,0.01240999
2020-05-29,-0.01862592,0.01190569
2020-06-01,0.00210624,0.01262724
2020-06-02,0.00585305,0.01211734
2020-06-03,-0.00226667,0.01172579
2020-06-04,-0.0178142,0.01127779
2020-06-05,0.0122534,0.01199092
2020-06-08,0.00476795,0.01198257
2020-06-09,-0.00799438,0.01156226
2020-06-10,-0.00278443,0.01134863
2020-06-11,-0.01600551,0.01093213
2020-06-12,-0.01137154,0.01147984
2020-06-15,-0.00579094,0.01151136
2020-06-16,0.01414249,0.01118712
2020-06-17,-0.00690537,0.0114235
2020-06-18,0.00754408,0.01115891
2020-06-19,-0.0054698,0.01090401
2020-06-22,0.00302933,0.01060438
2020-06-23,-0.00104463,0.01021691
2020-06-24,0.00898342,0.00983146
2020-06-25,-0.00482235,0.00976485
2020-06-26,-0.01455577,0.00951065
2020-06-29,-0.01353686,0.01008493
2020-06-30,-0.005168,0.01046858
2020-07-01,-0.01232008,0.01018372
2020-07-02,0.00467917,0.01043161
2020-07-03,-0.00430379,0.01009899
2020-07-06,0.02367607,0.00980207
2020-07-07,-0.01958564,0.0115011
2020-07-08,0.00292558,0.01240261
2020-07-09,-0.01304067,0.01191599
2020-07-10,-0.00554469,0.01204839
2020-07-13,0.0020518,0.01168016
2020-07-14,-0.02568835,0.011219
2020-07-15,0.00349225,0.01305704
2020-07-16,0.02427428,0.01254621
2020-07-17,-0.00585579,0.01379635
2020-07-20,0.00386471,0.01333565
2020-07-21,0.01353718,0.01281774
2020-07-22,-0.00170484,0.01283802
2020-07-23,-0.00675869,0.01232217
2020-07-24,-0.02688705,0.01199043
2020-07-27,0.00927946,0.01385271
2020-07-28,-0.00112855,0.01350683
2020-07-29,-0.01271425,0.01294999
2020-07-30,0.00204023,0.01295638
2020-07-31,-0.00685444,0.01242879
2020-08-03,-0.00599117,0.01209472
2020-08-04,0.00751933,0.01174243
2020-08-05,-0.01492023,0.01144682
2020-08-06,0.01277047,0.0118116
2020-08-07,-0.01617893,0.0118617
2020-08-10,-0.00775758,0.01230958
2020-08-11,0.02353234,0.01202964
2020-08-12,0.0153559,0.01326637
2020-08-13,0.00170786,0.01339967
2020-08-14,-0.01168237,0.01284634
2020-08-17,-0.00636464,0.01278102
2020-08-18,0.00130877,0.01240215
2020-08-19,0.00084641,0.0118969
2020-08-20,-0.00063734,0.01141551
2020-08-21,6.201e-05,0.01096229
2020-08-24,-0.00185721,0.01052927
2020-08-25,-0.01421993,0.0101388
2020-08-26,-0.00506972,0.01058976
2020-08-27,0.00981412,0.01029289
2020-08-28,-0.01362117,0.01024689
2020-08-31,-0.00161301,0.01061962
2020-09-01,-0.00797797,0.01022011
2020-09-02,0.00152549,0.01010768
2020-09-03,-0.00337938,0.0097248
2020-09-04,0.01431443,0.00941822
2020-09-07,0.00540746,0.00988477
2020-09-08,-0.01221112,0.00961357
2020-09-09,0.00705587,0.00991595
2020-09-10,-0.00713131,0.00972218
2020-09-11,-0.00513591,0.00959435
2020-09-14,0.00333917,0.00936582
2020-09-15,-0.00405337,0.00905622
2020-09-16,0.00827134,0.00881591
2020-09-17,-0.00640433,0.00878534
2020-09-18,-0.00497592,0.0086856
2020-09-21,-0.00518734,0.00851247
2020-09-22,-0.00433038,0.00836289
2020-09-23,0.00939282,0.0081813
2020-09-24,0.00561861,0.00829936
2020-09-25,0.01432937,0.0081461
2020-09-28,0.02035125,0.00879823
2020-09-29,-0.01010048,0.01018755
2020-09-30,0.00112078,0.01023554
2020-10-01,-0.01117699,0.0098427
2020-10-02,-0.00739089,0.01001908
2020-10-05,-0.00582805,0.0098845
2020-10-06,-0.00982292,0.00967022
2020-10-07,-0.00985024,0.00974462
2020-10-08,-0.00101602,0.00981411
2020-10-09,-0.01109839,0.00945033
2020-10-12,0.00853636,0.00966167
2020-10-13,-0.00839046,0.00957824
2020-10-14,0.02722625,0.00954817
2020-10-15,-0.00497952,0.01191782
2020-10-16,0.00123076,0.01153544
2020-10-19,-0.01394532,0.01107455
2020-10-20,0.01982028,0.01138291
2020-10-21,0.01409186,0.01223033
2020-10-22,0.00406804,0.01235379
2020-10-23,-0.01561829,0.01189357
2020-10-26,0.0029866,0.01227814
2020-10-27,-0.01283195,0.01179916
2020-10-28,0.01783807,0.01192464
2020-10-29,0.01048174,0.01245898
2020-10-30,0.00157234,0.01228362
2020-11-02,-0.0283159,0.01178632
2020-11-03,-0.01329327,0.01392419
2020-11-04,0.00995305,0.01389007
2020-11-05,0.01686892,0.01357832
2020-11-06,0.01572805,0.01381939
2020-11-09,-0.02177895,0.01393139
2020-11-10,0.00484694,0.01474682
2020-11-11,0.01479664,0.01417669
2020-11-12,-0.02310929,0.01417644
2020-11-13,0.00028049,0.01511949
2020-11-16,0.00436387,0.01447502
2020-11-17,-0.00378296,0.01390776
2020-11-18,-0.02437451,0.013376
2020-11-19,-0.00435806,0.01460879
2020-11-20,-0.00420001,0.0140542
2020-11-23,-0.00160274,0.0135254
2020-11-24,-0.00690979,0.01297278
2020-11-25,-0.00518479,0.0126064
2020-11-26,-8.405e-05,0.01219072
2020-11-27,0.0055742,0.01169432
2020-11-30,-0.00304542,0.01131772
2020-12-01,-0.00406897,0.01090927
2020-12-02,0.00137476,0.01055457
2020-12-03,-0.01909034,0.01014638
2020-12-04,0.00574563,0.01120596
2020-12-07,0.00039388,0.01086544
2020-12-08,0.00081428,0.01043708
2020-12-09,0.01003816,0.01003207
2020-12-10,-0.01917849,0.01002578
2020-12-11,-0.02154732,0.01111913
2020-12-14,0.0037817,0.01235082
2020-12-15,0.00031542,0.01188397
2020-12-16,0.00234046,0.01140258
2020-12-17,-0.00466484,0.01095985
2020-12-18,0.0074578,0.01062355
2020-12-21,0.01010068,0.01040132
2020-12-22,0.00541754,0.0103672
2020-12-23,-0.00222544,0.01006577
2020-12-24,-0.02006223,0.00970837
2020-12-25,0.00885341,0.01098936
2020-12-28,0.01362144,0.01082191
2020-12-29,0.00752108,0.01104799
2020-12-30,-0.00909972,0.01079952
2020-12-31,0.00762101,0.01071693
2021-01-01,0.00943299,0.01049701
2021-01-04,0.01662203,0.01040663
2021-01-05,-0.00924133,0.0110047
2021-01-06,-0.00207179,0.01091516
2021-01-07,0.00825193,0.01050746
2021-01-08,0.00099358,0.01033936
2021-01-11,-0.01070656,0.00994029
2021-01-12,0.00457272,0.01006404
2021-01-13,0.00604194,0.00974999
2021-01-14,0.00123705,0.00951594
2021-01-15,0.00241204,0.00916294
2021-01-18,-0.00188815,0.0088446
2021-01-19,0.01303953,0.00855017
2021-01-20,-0.00769654,0.00898924
2021-01-21,-0.00486228,0.00895981
2021-01-22,0.00049625,0.00876176
2021-01-25,0.00782496,0.00844749
2021-01-26,-0.01220359,0.00841713
2021-01-27,-0.01122255,0.00887016
2021-01-28,-0.01826556,0.00915998
2021-01-29,0.00073618,0.01028232
2021-02-01,-0.01065482,0.00988533
2021-02-02,-0.00344938,0.01001008
2021-02-03,0.00680783,0.0096886
2021-02-04,-0.00569316,0.00949766
2021-02-05,0.00255176,0.00930361
2021-02-08,-0.00228801,0.00897984
2021-02-09,0.00623843,0.00868666
2021-02-10,0.00445654,0.00853779
2021-02-11,-0.00535387,0.00831564
2021-02-12,-0.00098125,0.00818993
2021-02-15,0.0086641,0.00791775
2021-02-16,0.00354732,0.00800077
2021-02-17,-0.01046973,0.00778098
2021-02-18,0.00572815,0.00812692
2021-02-19,-0.00826832,0.0079921
2021-02-22,0.01184365,0.00810162
2021-02-23,0.00907198,0.00846791
2021-02-24,0.00287285,0.00853043
2021-02-25,0.00169856,0.00825884
2021-02-26,-0.00126839,0.00798151
2021-03-01,0.0056424,0.00772618
2021-03-02,-0.00242425,0.00761708
2021-03-03,0.00214602,0.0074119
2021-03-04,0.00667162,0.00719277
2021-03-05,-0.00364057,0.0071921
2021-03-08,-0.00395178,0.00706237
2021-03-09,-0.00790948,0.00695724
2021-03-10,-0.00720712,0.00714638
2021-03-11,-0.01286107,0.00725285
2021-03-12,0.00621293,0.00796479
2021-03-15,0.01463556,0.00786967
2021-03-16,0.01266694,0.00860639
2021-03-17,-0.01422951,0.00899677
2021-03-18,0.00736309,0.00960619
2021-03-19,0.01384267,0.00945265
2021-03-22,-0.00410525,0.00986242
2021-03-23,0.00137113,0.00957272
2021-03-24,-0.01810806,0.00921765
2021-03-25,0.00314909,0.01030641
2021-03-26,-0.01016981,0.00993815
2021-03-29,0.0023995,0.01001576
2021-03-30,-0.01466434,0.00964919
2021-03-31,0.00594625,0.01021675
2021-04-01,0.01059112,0.00994729
2021-04-02,-0.007426,0.00999259
2021-04-05,-0.01081267,0.0098623
2021-04-06,-0.02116766,0.01000345
2021-04-07,-0.00263496,0.01139192
2021-04-08,-0.00597987,0.01096964
2021-04-09,-0.01617917,0.01068921
2021-04-12,0.00551461,0.01129006
2021-04-13,-0.00452067,0.01093555
2021-04-14,-0.01099775,0.01059531
2021-04-15,-0.00552251,0.01067941
2021-04-16,0.01153803,0.0103967
2021-04-19,0.00671755,0.01047796
2021-04-20,-0.00092983,0.0102274
2021-04-21,0.00649204,0.00984008
2021-04-22,-0.01077023,0.00962194
2021-04-23,0.00071672,0.00978424
2021-04-26,0.00178689,0.00941401
2021-04-27,-0.00386236,0.009072
2021-04-28,0.0042421,0.00882313
2021-04-29,-0.00629183,0.00857451
2021-04-30,0.0047256,0.00848456
2021-05-03,0.00496763,0.00827681
2021-05-04,-0.02321084,0.00809378
2021-05-05,0.01263824,0.01028159
2021-05-06,-0.03151718,0.01047278
2021-05-07,-0.0079293,0.01352052
2021-05-10,0.01390202,0.01316823
2021-05-11,-0.00378386,0.01318637
2021-05-12,-0.01821141,0.01269376
2021-05-13,-0.01410348,0.01326049
2021-05-14,0.01411382,0.01335451
2021-05-17,-0.02529631,0.01337302
2021-05-18,0.01703361,0.01473317
2021-05-19,-0.00041946,0.0148716
2021-05-20,-0.01658121,0.01424126
2021-05-21,-0.0080326,0.01446129
2021-05-24,-0.01389539,0.01405333
2021-05-25,0.01257563,0.01405596
2021-05-26,0.01057913,0.01389779
2021-05-27,-0.02301812,0.01362183
2021-05-28,-0.00550718,0.0146365
2021-05-31,-0.01178402,0.01411518
2021-06-01,0.01844819,0.01395288
2021-06-02,-0.01891729,0.01430805
2021-06-03,0.02406703,0.0147529
2021-06-04,-0.00012047,0.01563234
2021-06-07,-0.0169863,0.01496324
2021-06-08,-0.00985864,0.01514696
2021-06-09,-0.01145477,0.01478853
2021-06-10,-0.01814824,0.01455199
2021-06-11,0.00181201,0.01489043
2021-06-14,-0.01711359,0.01426286
2021-06-15,-0.03128356,0.0145313
2021-06-16,-0.00588433,0.0165518
2021-06-17,-0.02833082,0.01593628
2021-06-18,-0.01259835,0.01728135
2021-06-21,-0.01499537,0.01693468
2021-06-22,-0.01421553,0.01677601
2021-06-23,0.03356378,0.01657391
2021-06-24,0.00143935,0.01842441
2021-06-25,0.00472364,0.01762084
2021-06-28,-0.02961771,0.01689808
2021-06-29,-0.01154143,0.01826009
2021-06-30,0.0042293,0.01778567
2021-07-01,-0.01706314,0.01704504
2021-07-02,0.01587128,0.01703767
2021-07-05,-0.01989693,0.01687619
2021-07-06,-0.00450707,0.01713565
2021-07-07,-0.00924104,0.01645084
2021-07-08,0.00302507,0.01597527
2021-07-09,-0.00940372,0.01530659
2021-07-12,-0.00363981,0.0149129
2021-07-13,-0.00298239,0.01432427
2021-07-14,-0.00969972,0.01375257
2021-07-15,0.00694017,0.01348227
2021-07-16,0.00351126,0.01305121
2021-07-19,-0.00071131,0.01254107
2021-07-20,-0.00477844,0.01203005
2021-07-21,0.00966674,0.01163368
2021-07-22,-0.00230472,0.01146871
2021-07-23,-0.00298451,0.01103534
2021-07-26,0.00151403,0.0106412
2021-07-27,0.01775528,0.01022953
2021-07-28,-0.01433306,0.0109919
2021-07-29,0.00913755,0.01134958
2021-07-30,-0.02075167,0.01117261
2021-08-02,0.00306887,0.0122835
2021-08-03,0.01899496,0.0118057
2021-08-04,0.00650332,0.0124897
2021-08-05,0.00246473,0.01210096
2021-08-06,-0.00611413,0.01162305
2021-08-09,0.00075103,0.01130626
2021-08-10,-0.00233621,0.01085525
2021-08-11,-0.00781826,0.01045611
2021-08-12,-0.00258999,0.01031473
2021-08-13,0.0023742,0.00995155
2021-08-16,-0.00695618,0.00958813
2021-08-17,-0.00722725,0.00945978
2021-08-18,-0.01233027,0.00935882
2021-08-19,0.00419163,0.00970409
2021-08-20,0.00552558,0.00939916
2021-08-23,0.00252314,0.00916488
2021-08-24,0.00894032,0.00884851
2021-08-25,0.00117893,0.00886479
2021-08-26,0.00375073,0.00854754
2021-08-27,0.00292172,0.00829959
2021-08-30,-0.00033627,0.00804316
2021-08-31,-0.00372587,0.00777261
2021-09-01,0.01723892,0.00760513
2021-09-02,-0.00356113,0.00876451
2021-09-03,-0.00527593,0.00852398
2021-09-06,0.00403628,0.00837833
2021-09-07,0.00245283,0.00815086
2021-09-08,-0.01068756,0.00789268
2021-09-09,0.00965938,0.00824758
2021-09-10,-0.00038955,0.00838209
2021-09-13,-0.00859003,0.00809234
2021-09-14,0.01017104,0.00821936
2021-09-15,0.00565774,0.0084033
2021-09-16,-0.01002551,0.00824449
2021-09-17,0.01548508,0.0084882
2021-09-20,0.00648344,0.00923416
2021-09-21,0.00030764,0.00905849
2021-09-22,0.01427887,0.00872765
2021-09-23,0.00187921,0.0092858
2021-09-24,0.0001486,0.00895214
2021-09-27,-0.00529672,0.00862747
2021-09-28,0.00533135,0.00847528
2021-09-29,0.00435354,0.00829525
2021-09-30,0.00051869,0.00808509
2021-10-01,-0.00576931,0.00780939
2021-10-04,0.00140679,0.00774872
2021-10-05,-0.00012335,0.00749799
2021-10-06,-0.00927867,0.00725824
2021-10-07,-0.01070558,0.00754551
2021-10-08,0.00489207,0.00794842
2021-10-11,-0.0198556,0.00778496
2021-10-12,0.002343,0.00945909
2021-10-13,-0.00396141,0.0091227
2021-10-14,0.01200992,0.00887442
2021-10-15,-0.00412138,0.00916245
2021-10-18,0.00628127,0.00891798
2021-10-19,-0.00307475,0.00875442
2021-10-20,0.00136658,0.00849754
2021-10-21,0.00644404,0.00820269
2021-10-22,-0.00334787,0.00810253
2021-10-25,0.00827002,0.00789722
2021-10-26,-0.00750025,0.00795036
2021-10-27,0.00275697,0.00800078
2021-10-28,0.00755839,0.0077586
2021-10-29,0.00552869,0.0077703
2021-11-01,0.01506399,0.00765166
2021-11-02,-0.00607715,0.00848417
2021-11-03,-0.01116836,0.00838804
2021-11-04,-0.00828169,0.00873115
2021-11-05,0.00619166,0.00876937
2021-11-08,0.00468804,0.00861186
2021-11-09,0.00125835,0.00839406
2021-11-10,-0.00870065,0.00810418
2021-11-11,0.00671875,0.00823969
2021-11-12,-0.00958539,0.0081533
2021-11-15,0.0100944,0.00836481
2021-11-16,0.02476229,0.00852592
2021-11-17,0.00433198,0.0107299
2021-11-18,0.00644596,0.0103685
2021-11-19,-0.00458385,0.0101121
2021-11-22,-0.0173861,0.00982542
2021-11-23,-0.00605383,0.01070785
2021-11-24,-0.0110191,0.01044849
2021-11-25,-0.01486416,0.0105488
2021-11-26,0.01937739,0.01101825
2021-11-29,0.00363761,0.01186537
2021-11-30,0.00473667,0.01142168
2021-12-01,-0.00300932,0.0110326
2021-12-02,-0.00143922,0.01063924
2021-12-03,0.01027319,0.01023605
2021-12-06,6.92e-05,0.01022962
2021-12-07,0.00561961,0.00983544
2021-12-08,-0.00147703,0.00957649
2021-12-09,-0.00275889,0.0092324
2021-12-10,-0.01217314,0.00893668
2021-12-13,-0.01802845,0.00931789
2021-12-14,-0.00231417,0.01037678
2021-12-15,0.00096518,0.0100038
2021-12-16,-0.01197593,0.00962261
2021-12-17,5.869e-05,0.00990022
2021-12-20,0.00091193,0.00952378
2021-12-21,-0.01936721,0.00916843
2021-12-22,-0.00916531,0.01045247
2021-12-23,0.00463713,0.01040388
2021-12-24,0.00429827,0.01007151
2021-12-27,-0.01084593,0.00974792
2021-12-28,0.00196926,0.00990392
2021-12-29,0.01015083,0.00953712
2021-12-30,0.00784844,0.00958525
2021-12-31,-0.00050168,0.00946289
2022-01-03,-0.00386481,0.0091133
2022-01-04,-0.00517716,0.00886186
2022-01-05,0.00446366,0.00868637
2022-01-06,0.00204956,0.00845478
2022-01-07,0.00554295,0.00817114
2022-01-10,0.00145807,0.00802337
2022-01-11,0.00675111,0.00775695
2022-01-12,0.00112954,0.00771245
2022-01-13,0.0062548,0.00746131
2022-01-14,0.0068525,0.00740966
2022-01-17,-0.00555526,0.0074022
2022-01-18,-0.01291148,0.00736196
2022-01-19,0.01284367,0.00806202
2022-01-20,0.00259341,0.008546
2022-01-21,-0.01377393,0.00826716
2022-01-24,-0.00597528,0.00893123
2022-01-25,0.00718808,0.00879428
2022-01-26,-0.00203118,0.00869282
2022-01-27,-0.00390671,0.00841053
2022-01-28,0.01189701,0.00820698
2022-01-31,-0.0085705,0.00856546
2022-02-01,-0.00649845,0.00864301
2022-02-02,0.00220962,0.0085607
2022-02-03,0.00363045,0.00827356
2022-02-04,0.00439012,0.00803903
2022-02-07,0.00755095,0.00784751
2022-02-08,0.00195896,0.00785059
2022-02-09,0.00411994,0.00760127
2022-02-10,-0.0015256,0.00742875
2022-02-11,0.00085219,0.00721222
2022-02-14,0.00115159,0.00698935
2022-02-15,0.00185886,0.0067823
2022-02-16,0.005497,0.00659772
2022-02-17,0.00404839,0.00657195
2022-02-18,0.00068611,0.00647057
2022-02-21,-0.00469214,0.00629339
2022-02-22,0.00082593,0.00629416
2022-02-23,0.00022828,0.00612907
2022-02-24,0.00155404,0.00597386
2022-02-25,0.01328159,0.00583795
2022-02-28,-0.00314425,0.00676677
2022-03-01,0.00320665,0.00664628
2022-03-02,0.00735139,0.00650597
2022-03-03,0.00104921,0.0066245
2022-03-04,0.01545472,0.00643957
2022-03-07,-0.00246332,0.00757414
2022-03-08,0.00278949,0.00737295
2022-03-09,-0.00532832,0.0071711
2022-03-10,-0.00210846,0.00713594
2022-03-11,0.0021308,0.00695284
2022-03-14,0.0061231,0.00676246
2022-03-15,0.00255797,0.0067628
2022-03-16,0.00870365,0.00659483
2022-03-17,-0.00024823,0.00682595
2022-03-18,-0.0018017,0.00662825
2022-03-21,0.01789617,0.00647051
2022-03-22,0.00355609,0.00800554
2022-03-23,-0.00520169,0.00778573
2022-03-24,-0.00494052,0.00769236
2022-03-25,-0.00675621,0.00759134
2022-03-28,0.00753509,0.00761832
2022-03-29,-0.00238428,0.00764121
2022-03-30,0.00134672,0.00743326
2022-03-31,-5.732e-05,0.00720085
2022-04-01,0.00550487,0.0069787
2022-04-04,-0.00546054,0.00692126
2022-04-05,-0.00703937,0.00691666
2022-04-06,0.00197747,0.00703293
2022-04-07,0.00450722,0.00683444
2022-04-08,0.00263948,0.00673463
2022-04-11,-0.0049187,0.00657073
2022-04-12,0.00484525,0.00656139
2022-04-13,-0.00443556,0.00650062
2022-04-14,-0.00297292,0.00646726
2022-04-15,-0.00560515,0.0063617
2022-04-18,0.00875317,0.0064198
2022-04-19,0.00462956,0.00667732
2022-04-20,0.00439043,0.00659583
2022-04-21,0.00851774,0.00650872
2022-04-22,0.01933531,0.0067322
2022-04-25,-0.01404545,0.00845146
2022-04-26,-0.00633472,0.00912099
2022-04-27,-0.00513988,0.00899075
2022-04-28,-0.00709078,0.00880419
2022-04-29,-0.00902664,0.00874794
2022-05-02,-0.00225067,0.00884579
2022-05-03,-0.01001372,0.00855966
2022-05-04,0.00333711,0.00876637
2022-05-05,0.00083905,0.00849253
2022-05-06,0.00434172,0.00819435
2022-05-09,0.00445697,0.00799044
2022-05-10,0.00510645,0.00780497
2022-05-11,-0.00246108,0.00766205
2022-05-12,0.0162133,0.00745508
2022-05-13,0.00239033,0.00849006
2022-05-16,-0.01489175,0.0082104
2022-05-17,-0.008652,0.00903054
2022-05-18,-0.01538649,0.00907007
2022-05-19,0.00057011,0.00981322
2022-05-20,-0.00074998,0.00944112
2022-05-23,-0.00386032,0.00909496
2022-05-24,0.0181857,0.00884453
2022-05-25,0.00583443,0.00989909
2022-05-26,0.00740357,0.00964548
2022-05-27,-0.00843716,0.00949137
2022-05-30,-0.00906428,0.00947238
2022-05-31,0.00074978,0.0095035
2022-06-01,0.00198278,0.00914865
2022-06-02,-0.01598035,0.00882414
2022-06-03,-0.00134649,0.00968622
2022-06-06,0.00053135,0.00933396
2022-06-07,-0.00153375,0.00898794
2022-06-08,-0.00665879,0.00867823
2022-06-09,-0.00424188,0.00860348
2022-06-10,-0.00108585,0.0084013
2022-06-13,0.00113714,0.00811825
2022-06-14,0.00514359,0.00784334
2022-06-15,0.008722,0.00769945
2022-06-16,-0.00189868,0.00780939
2022-06-17,-0.00305658,0.00757763
2022-06-20,0.00363713,0.00739652
2022-06-21,0.00481007,0.00721963
2022-06-22,-0.0026852,0.00710548
2022-06-23,0.00588771,0.00694302
2022-06-24,0.00717092,0.00691203
2022-06-27,0.00940889,0.00697452
2022-06-28,0.01325553,0.00722903
2022-06-29,-0.00643737,0.00789156
2022-06-30,0.00050936,0.0078684
2022-07-01,0.00048577,0.0076053
2022-07-04,-0.00032159,0.00735769
2022-07-05,-0.00422779,0.00712777
2022-07-06,-0.01004614,0.00703178
2022-07-07,0.00108874,0.00743139
2022-07-08,-0.00512966,0.00719675
2022-07-11,0.00101459,0.00714688
2022-07-12,-0.00510193,0.00692901
2022-07-13,-0.00718779,0.00690013
2022-07-14,0.00204732,0.00703084
2022-07-15,0.00143137,0.00683381
2022-07-18,0.00424614,0.0066395
2022-07-19,0.01470011,0.00654209
2022-07-20,0.00248993,0.007537
2022-07-21,0.0039495,0.00731733
2022-07-22,-0.00731283,0.00715767
2022-07-25,-0.00895825,0.00727189
2022-07-26,0.01231097,0.00752511
2022-07-27,-0.00700977,0.00802375
2022-07-28,-0.00798273,0.00802986
2022-07-29,8.285e-05,0.00811155
2022-08-01,-0.00030664,0.00783476
2022-08-02,-0.00643758,0.00757621
2022-08-03,-0.00191204,0.00758111
2022-08-04,0.00945311,0.00736399
2022-08-05,-0.00570667,0.00757657
2022-08-08,-0.01009625,0.00753136
2022-08-09,0.00781781,0.00786957
2022-08-10,0.00428442,0.00789039
2022-08-11,-0.0043809,0.00770468
2022-08-12,-0.01158152,0.00757285
2022-08-15,-0.00561125,0.00807288
2022-08-16,-3.66e-05,0.00798102
2022-08-17,0.00938999,0.00771228
2022-08-18,-0.00776809,0.00787983
2022-08-19,-0.00027267,0.0079587
2022-08-22,0.00559363,0.00769262
2022-08-23,-0.01765818,0.00758343
2022-08-24,0.00964187,0.00893983
2022-08-25,-0.01024604,0.00900337
2022-08-26,0.0034488,0.00918326
2022-08-29,0.00259237,0.0088874
2022-08-30,0.00971493,0.00858846
2022-08-31,0.00518907,0.00869279
2022-09-01,-0.01978579,0.00849109
2022-09-02,-0.00743629,0.00998534
2022-09-05,0.00176219,0.00985627
2022-09-06,-0.00145027,0.00948954
2022-09-07,0.00477009,0.00914989
2022-09-08,0.00742552,0.0089002
2022-09-09,0.00575759,0.00880528
2022-09-12,-0.00144763,0.00862272
2022-09-13,-0.01498485,0.00833263
2022-09-14,-0.00376508,0.00914436
2022-09-15,0.00410032,0.00888715
2022-09-16,-0.00901003,0.00862951
2022-09-19,0.00591599,0.00873786
2022-09-20,0.00818323,0.00856812
2022-09-21,0.00148508,0.00855289
2022-09-22,-0.02489473,0.00825605
2022-09-23,-0.0132889,0.01071045
2022-09-26,0.02113782,0.01099456
2022-09-27,-0.00620171,0.01207914
2022-09-28,-0.02288819,0.01173715
2022-09-29,0.01651747,0.01304797
2022-09-30,0.00057779,0.01331198
2022-10-03,0.01449666,0.01275784
2022-10-04,0.00396311,0.01286512
2022-10-05,0.00607449,0.0123746
2022-10-06,0.00474741,0.01197602
2022-10-07,0.0084598,0.01155547
2022-10-10,0.02618711,0.0113229
2022-10-11,0.01311119,0.01309073
2022-10-12,-0.02022753,0.01305259
2022-10-13,0.00656614,0.01380494
2022-10-14,0.01562781,0.0133404
2022-10-17,0.01662533,0.01349075
2022-10-18,-0.00545213,0.01371791
2022-10-19,0.01583209,0.01324706
2022-10-20,0.01285537,0.01342546
2022-10-21,0.0347151,0.01333911
2022-10-24,-0.01163794,0.01605055
2022-10-25,-0.00758293,0.015733
2022-10-26,-0.00426114,0.01522656
2022-10-27,-0.00677501,0.01463625
2022-10-28,-0.01220436,0.01416187
2022-10-31,-0.03834822,0.01402561
2022-11-01,-0.00713708,0.0173386
2022-11-02,0.0065763,0.0167217
2022-11-03,-0.00753768,0.01609353
2022-11-04,0.0305219,0.01556381
2022-11-07,0.00062955,0.01716151
2022-11-08,0.02159472,0.01641692
2022-11-09,0.00479541,0.01681357
2022-11-10,0.01373308,0.01613378
2022-11-11,0.00483804,0.0158932
2022-11-14,0.02129072,0.01526224
2022-11-15,0.00128162,0.01576025
2022-11-16,0.00788457,0.01508619
2022-11-17,0.0057476,0.01459764
2022-11-18,-0.00365347,0.01406061
2022-11-21,0.00587434,0.01351747
2022-11-22,0.02954779,0.0130451
2022-11-23,-0.00364988,0.01497753
2022-11-24,0.00643431,0.01438573
2022-11-25,0.0178617,0.01388296
2022-11-28,0.01657727,0.01418743
2022-11-29,0.000568,0.0143389
2022-11-30,-0.03233166,0.01373324
2022-12-01,0.00871292,0.0160884
2022-12-02,-0.03416754,0.01557465
2022-12-05,0.0266058,0.01782784
2022-12-06,0.00355088,0.0185921
2022-12-07,0.0181945,0.0178003
2022-12-08,-0.01561509,0.0177529
2022-12-09,-0.02688261,0.01757326
2022-12-12,0.00522271,0.01849521
2022-12-13,-0.00019607,0.01773829
2022-12-14,-0.00793966,0.01696635
2022-12-15,0.00178858,0.01640165
2022-12-16,0.04384584,0.01569895
2022-12-19,0.01659881,0.0194108
2022-12-20,0.02046056,0.01911442
2022-12-21,0.01654927,0.01913564
2022-12-22,0.02829801,0.01885686
2022-12-23,-0.00334081,0.01968102
2022-12-26,-0.0383202,0.01884413
2022-12-27,-0.00357636,0.02108513
2022-12-28,0.01678289,0.02018254
2022-12-29,-0.01884136,0.01984053
2022-12-30,-0.00307999,0.01973162
2023-01-02,-0.01266631,0.01888824
2023-01-03,0.02808851,0.01843407
2023-01-04,0.01485624,0.01928896
2023-01-05,0.01270699,0.01888906
2023-01-06,0.0118331,0.01839299
2023-01-09,-0.00026614,0.01788329
2023-01-10,0.0037791,0.01710452
2023-01-11,-0.01902572,0.01639046
2023-01-12,-0.03593427,0.01661799
2023-01-13,0.00324132,0.01893192
2023-01-16,0.00627045,0.01811922
2023-01-17,0.02145008,0.01740734
2023-01-18,0.02818611,0.01768311
2023-01-19,0.02968018,0.01864981
2023-01-20,-0.01922325,0.01966211
2023-01-23,-0.00650395,0.01959873
2023-01-24,0.00944833,0.01883756
2023-01-25,0.04646164,0.01819249
2023-01-26,0.03257007,0.02173508
2023-01-27,0.02578316,0.02267574
2023-01-30,-0.00845106,0.02282448
2023-01-31,-0.01898695,0.02195081
2023-02-01,0.01750386,0.02168042
2023-02-02,-0.02301695,0.02127535
2023-02-03,-0.0046987,0.0213839
2023-02-06,-0.0019514,0.0204865
2023-02-07,0.03160913,0.0195925
2023-02-08,-0.00694437,0.02070601
2023-02-09,-0.04813847,0.01989894
2023-02-10,0.0122336,0.02345867
2023-02-13,-0.01543997,0.02266019
2023-02-14,0.00134256,0.02210979
2023-02-15,-0.00143195,0.02112861
2023-02-16,-0.00512861,0.02019923
2023-02-17,0.01570964,0.01937094
2023-02-20,-0.02875319,0.01901876
2023-02-21,-0.00992284,0.01996626
2023-02-22,0.01360739,0.01930798
2023-02-23,-0.01116537,0.01883351
2023-02-24,-0.02904505,0.01830242
2023-02-27,0.01335845,0.01938276
2023-02-28,0.02161468,0.01888949
2023-03-01,-0.00045633,0.01903167
2023-03-02,-0.03528334,0.01819794
2023-03-03,0.01460253,0.02011776
2023-03-06,-0.03220892,0.01964525
2023-03-07,0.00686099,0.02092293
2023-03-08,-0.01742034,0.02008007
2023-03-09,-0.02261706,0.01984504
2023-03-10,-0.00846318,0.02005652
2023-03-13,-0.00314407,0.01933507
2023-03-14,-0.01152575,0.01851226
2023-03-15,0.01100872,0.01802049
2023-03-16,-0.00740322,0.01749329
2023-03-17,0.01694303,0.01687736
2023-03-20,0.00512674,0.0168108
2023-03-21,-0.01085763,0.01613865
2023-03-22,-0.0132548,0.01576876
2023-03-23,-0.0252656,0.01557855
2023-03-24,0.00522167,0.01658453
2023-03-27,-0.00524733,0.01592647
2023-03-28,-0.0359554,0.01532564
2023-03-29,-0.00919773,0.01791574
2023-03-30,-0.01523119,0.01734806
2023-03-31,0.0274593,0.01717312
2023-04-03,-0.03045978,0.01812319
2023-04-04,-0.02757021,0.01940556
2023-04-05,0.02278648,0.02016855
2023-04-06,0.02793104,0.02029171
2023-04-07,-0.01517054,0.02090053
2023-04-10,-0.0125294,0.02045514
2023-04-11,0.01265719,0.01989043
2023-04-12,-0.04457638,0.01932723
2023-04-13,-0.04135271,0.0224333
2023-04-14,-0.00647036,0.02447291
2023-04-17,0.03675795,0.0234584
2023-04-18,-0.01034427,0.02465809
2023-04-19,0.00279719,0.02374942
2023-04-20,0.02613555,0.02269871
2023-04-21,0.04859869,0.02287676
2023-04-24,-0.0144598,0.02576032
2023-04-25,-2.026e-05,0.02496068
2023-04-26,0.0438428,0.02384275
2023-04-27,-0.03899515,0.02588042
2023-04-28,0.0282619,0.02711406
2023-05-01,-0.02716251,0.02706677
2023-05-02,0.00316666,0.02699908
2023-05-03,-0.00585871,0.02579646
2023-05-04,-0.02326501,0.02470222
2023-05-05,-0.02371275,0.02452722
2023-05-08,0.00714505,0.02440196
2023-05-09,0.0236838,0.02338812
2023-05-10,-0.00262217,0.02329474
2023-05-11,0.00196155,0.0222719
2023-05-12,0.01255795,0.02128589
2023-05-15,-0.01964543,0.02063096
2023-05-16,0.01557676,0.02051767
2023-05-17,0.01684848,0.0200752
2023-05-18,0.05181003,0.01974555
2023-05-19,-0.00856151,0.02382721
2023-05-22,-0.01009162,0.02290337
2023-05-23,0.01738109,0.02208302
2023-05-24,0.01812635,0.02164114
2023-05-25,-0.0109865,0.02127971
2023-05-26,-0.00790108,0.0205899
2023-05-29,0.01112479,0.01981923
2023-05-30,-0.01547908,0.01918727
2023-05-31,-0.00735343,0.01888622
2023-06-01,0.00202974,0.01819056
2023-06-02,0.01773129,0.01740196
2023-06-05,-0.0100912,0.01735234
2023-06-06,-0.03066533,0.01686148
2023-06-07,-0.03480629,0.01836916
2023-06-08,-0.02503005,0.02019199
2023-06-09,-0.02664797,0.0205975
2023-06-12,-0.00286555,0.02112111
2023-06-13,-0.02362318,0.02020656
2023-06-14,-0.01398893,0.02047503
2023-06-15,-0.01507319,0.01998899
2023-06-16,-0.008235,0.01960237
2023-06-19,0.02539271,0.01889802
2023-06-20,0.01324355,0.01940268
2023-06-21,0.00070488,0.01890182
2023-06-22,-0.0079321,0.01807294
2023-06-23,-0.00715725,0.01744386
2023-06-26,0.00591327,0.01682175
2023-06-27,0.00984541,0.01616897
2023-06-28,-0.01385114,0.0157017
2023-06-29,0.00096763,0.01555963
2023-06-30,-0.02985946,0.01489425
2023-07-03,0.00392123,0.01663202
2023-07-04,0.01255191,0.01594427
2023-07-05,-0.00398067,0.0156414
2023-07-06,0.02768844,0.01502232
2023-07-07,-0.01398424,0.01632276
2023-07-10,0.00390953,0.0161402
2023-07-11,-0.00015447,0.01547727
2023-07-12,-0.001086,0.01481591
2023-07-13,-0.00122254,0.01419267
2023-07-14,0.00185684,0.01360197
2023-07-17,0.01145708,0.01303964
2023-07-18,0.01815143,0.01288449
2023-07-19,0.00037,0.01333335
2023-07-20,0.01081814,0.01277804
2023-07-21,-0.00844244,0.01260024
2023-07-24,0.00985055,0.01233825
2023-07-25,-0.0088442,0.01213163
2023-07-26,0.01340892,0.01192757
2023-07-27,0.02697384,0.01202088
2023-07-28,-0.00128055,0.01376553
2023-07-31,-0.02853508,0.01319704
2023-08-01,-0.00785694,0.0150654
2023-08-02,0.01839944,0.01461142
