date,returns
2014-01-02,-0.01238032
2014-01-03,0.0035223
2014-01-06,0.00861668
2014-01-07,0.00599278
2014-01-08,-0.00944201
2014-01-09,0.01112501
2014-01-10,0.00744274
2014-01-13,0.00731833
2014-01-14,0.00755559
2014-01-15,0.01085144
2014-01-16,0.02197445
2014-01-17,-0.00660531
2014-01-20,0.00081773
2014-01-21,0.01865325
2014-01-22,-0.014957
2014-01-23,0.00414089
2014-01-24,-0.00748995
2014-01-27,8.136e-05
2014-01-28,0.00529521
2014-01-29,-0.01930626
2014-01-30,-0.01095356
2014-01-31,-0.01562036
2014-02-03,-0.00242938
2014-02-04,-0.00747549
2014-02-05,0.01698764
2014-02-06,-0.00671973
2014-02-07,0.01965283
2014-02-10,-0.00467035
2014-02-11,0.00348999
2014-02-12,0.00074799
2014-02-13,0.00042353
2014-02-14,-0.01123461
2014-02-17,0.00376909
2014-02-18,0.00411893
2014-02-19,0.002576
2014-02-20,0.00599826
2014-02-21,-0.00701839
2014-02-24,-0.00232546
2014-02-25,-0.00530873
2014-02-26,-0.01382717
2014-02-27,0.00360803
2014-02-28,-0.00520694
2014-03-03,-0.00035725
2014-03-04,0.01852193
2014-03-05,0.00248643
2014-03-06,0.00127709
2014-03-07,0.00964729
2014-03-10,0.0112539
2014-03-11,0.01666801
2014-03-12,-0.00488024
2014-03-13,0.01756572
2014-03-14,-0.00108526
2014-03-17,-0.0113667
2014-03-18,-0.00920774
2014-03-19,0.01157753
2014-03-20,0.00814751
2014-03-21,0.01325675
2014-03-24,-0.00928716
2014-03-25,-0.00321186
2014-03-26,-0.01158386
2014-03-27,-0.0197026
2014-03-28,9.446e-05
2014-03-31,0.01747265
2014-04-01,0.01315875
2014-04-02,-0.00877705
2014-04-03,0.0136818
2014-04-04,-0.00641546
2014-04-07,0.00382097
2014-04-08,0.00923963
2014-04-09,-0.00404342
2014-04-10,-0.00876924
2014-04-11,0.00689907
2014-04-14,-0.00145417
2014-04-15,-0.00492562
2014-04-16,0.00612594
2014-04-17,-0.00162493
2014-04-18,0.00358677
2014-04-21,-0.00769177
2014-04-22,0.00629664
2014-04-23,-0.00740086
2014-04-24,-0.00283527
2014-04-25,-0.01438599
2014-04-28,0.01040529
2014-04-29,0.00113122
2014-04-30,0.00423198
2014-05-01,-0.0136945
2014-05-02,0.00167019
2014-05-05,-0.0030705
2014-05-06,0.01016793
2014-05-07,-0.01294506
2014-05-08,0.00347578
2014-05-09,0.00944217
2014-05-12,-0.0101102
2014-05-13,0.00127335
2014-05-14,-0.00895769
2014-05-15,0.00067279
2014-05-16,0.00305275
2014-05-19,0.01078034
2014-05-20,0.00168754
2014-05-21,-0.00515847
2014-05-22,0.00477069
2014-05-23,0.00031935
2014-05-26,0.00814243
2014-05-27,-0.00415283
2014-05-28,0.00991531
2014-05-29,0.00156499
2014-05-30,0.00204691
2014-06-02,0.00726307
2014-06-03,-0.00340338
2014-06-04,-0.0031802
2014-06-05,0.00367234
2014-06-06,-0.00024311
2014-06-09,0.00059323
2014-06-10,-0.00213741
2014-06-11,-0.00150344
2014-06-12,0.00521011
2014-06-13,0.0114844
2014-06-16,-0.00861358
2014-06-17,0.01056383
2014-06-18,0.00562902
2014-06-19,0.00887277
2014-06-20,0.00160614
2014-06-23,-0.00486259
2014-06-24,-0.00109082
2014-06-25,-0.00589437
2014-06-26,-0.01088578
2014-06-27,-0.0002664
2014-06-30,0.00210812
2014-07-01,-0.00159364
2014-07-02,0.001534
2014-07-03,-0.00941879
2014-07-04,0.00739873
2014-07-07,-0.00077981
2014-07-08,0.00056602
2014-07-09,0.00482176
2014-07-10,-0.00322462
2014-07-11,0.01617423
2014-07-14,0.00977307
2014-07-15,0.00992724
2014-07-16,0.00151597
2014-07-17,-0.00517966
2014-07-18,0.00408968
2014-07-21,-0.00506109
2014-07-22,0.00199036
2014-07-23,0.00193973
2014-07-24,0.00861232
2014-07-25,0.00336071
2014-07-28,0.00130608
2014-07-29,0.00930609
2014-07-30,-0.00048976
2014-07-31,-0.00318894
2014-08-01,-0.00296892
2014-08-04,0.0094145
2014-08-05,0.00051112
2014-08-06,-0.00335879
2014-08-07,-0.01192653
2014-08-08,-0.00706162
2014-08-11,0.00252992
2014-08-12,0.00433382
2014-08-13,0.01150625
2014-08-14,-0.00478435
2014-08-15,0.00387615
2014-08-18,0.00934497
2014-08-19,-0.01624603
2014-08-20,0.02004716
2014-08-21,-0.01116996
2014-08-22,-0.01133802
2014-08-25,0.00999275
2014-08-26,0.00457578
2014-08-27,0.01238249
2014-08-28,0.00691604
2014-08-29,0.00330057
2014-09-01,-0.00089305
2014-09-02,-0.00674372
2014-09-03,0.00557506
2014-09-04,-0.01641753
2014-09-05,-0.00148778
2014-09-08,0.00756479
2014-09-09,-0.0102438
2014-09-10,0.00813735
2014-09-11,0.00932738
2014-09-12,0.00101186
2014-09-15,-0.00103702
2014-09-16,0.00497828
2014-09-17,0.00557022
2014-09-18,-0.00169805
2014-09-19,0.01618255
2014-09-22,0.01370017
2014-09-23,0.00968906
2014-09-24,0.01339413
2014-09-25,0.01309816
2014-09-26,-0.01361984
2014-09-29,0.0270213
2014-09-30,-0.01822709
2014-10-01,0.00315212
2014-10-02,-0.01388256
2014-10-03,0.0085229
2014-10-06,0.00587434
2014-10-07,0.00326583
2014-10-08,-0.03285329
2014-10-09,0.01228653
2014-10-10,0.00401839
2014-10-13,-0.02825562
2014-10-14,0.02419241
2014-10-15,-0.00219334
2014-10-16,-0.01169067
2014-10-17,0.0070344
2014-10-20,-0.00766586
2014-10-21,0.00596473
2014-10-22,-0.00467617
2014-10-23,-0.01154003
2014-10-24,-0.01462084
2014-10-27,0.01099553
2014-10-28,0.00164469
2014-10-29,-0.00904215
2014-10-30,-0.00675223
2014-10-31,-0.01003624
2014-11-03,0.02538618
2014-11-04,0.00544385
2014-11-05,0.00266481
2014-11-06,0.01902343
2014-11-07,-0.00807666
2014-11-10,-0.01349771
2014-11-11,-0.00609847
2014-11-12,0.00241887
2014-11-13,-0.00208212
2014-11-14,-0.00356137
2014-11-17,0.00192197
2014-11-18,-0.00428215
2014-11-19,-0.01062269
2014-11-20,0.00765763
2014-11-21,-0.0024542
2014-11-24,-0.00261217
2014-11-25,0.0048004
2014-11-26,0.00379688
2014-11-27,-0.00934293
2014-11-28,-0.00621177
2014-12-01,-0.01172071
2014-12-02,-0.01060863
2014-12-03,0.00282313
2014-12-04,-0.00423647
2014-12-05,-0.00794751
2014-12-08,-0.01125712
2014-12-09,0.01118901
2014-12-10,-0.00380891
2014-12-11,0.00203022
2014-12-12,-0.00068914
2014-12-15,-0.00766629
2014-12-16,0.0034684
2014-12-17,0.00096155
2014-12-18,0.00978004
2014-12-19,0.00457435
2014-12-22,-0.00946805
2014-12-23,-0.00106763
2014-12-24,-0.00090142
2014-12-25,-0.00061192
2014-12-26,-0.0086642
2014-12-29,-0.01213647
2014-12-30,-0.00114151
2014-12-31,0.00252079
2015-01-01,-0.00877437
2015-01-02,0.01386162
2015-01-05,0.00530237
2015-01-06,-0.00406053
2015-01-07,0.01598397
2015-01-08,-0.01367649
2015-01-09,-0.00978026
2015-01-12,-0.01046026
2015-01-13,0.0112098
2015-01-14,-0.00747771
2015-01-15,0.00696004
2015-01-16,0.00223943
2015-01-19,-0.00542303
2015-01-20,0.00104689
2015-01-21,-0.01008552
2015-01-22,0.00718096
2015-01-23,-0.00852641
2015-01-26,-0.00762262
2015-01-27,0.00580064
2015-01-28,-0.00406357
2015-01-29,0.01518644
2015-01-30,0.01239614
2015-02-02,-0.01544261
2015-02-03,0.0015199
2015-02-04,-0.00140478
2015-02-05,0.01985148
2015-02-06,-0.00588136
2015-02-09,-0.00646075
2015-02-10,-0.00199929
2015-02-11,-0.00205939
2015-02-12,-0.00830905
2015-02-13,0.0023792
2015-02-16,-0.00468183
2015-02-17,-0.00723191
2015-02-18,0.01296878
2015-02-19,0.0013853
2015-02-20,-0.00900983
2015-02-23,-0.01200123
2015-02-24,-0.00299874
2015-02-25,-0.01087093
2015-02-26,-0.01168579
2015-02-27,0.01035188
2015-03-02,-0.00137608
2015-03-03,-0.00504867
2015-03-04,0.00167616
2015-03-05,-0.00469387
2015-03-06,0.00068611
2015-03-09,0.01431608
2015-03-10,-0.00019504
2015-03-11,-0.00493001
2015-03-12,-0.00910348
2015-03-13,0.00531771
2015-03-16,-0.00126036
2015-03-17,0.00323864
2015-03-18,-0.01189991
2015-03-19,-0.00298147
2015-03-20,0.00086969
2015-03-23,0.0040594
2015-03-24,0.00200029
2015-03-25,-0.00177644
2015-03-26,0.00873253
2015-03-27,-3.68e-05
2015-03-30,-0.01376252
2015-03-31,-0.00970858
2015-04-01,-0.0002987
2015-04-02,0.00184803
2015-04-03,-0.00967982
2015-04-06,-0.00916999
2015-04-07,0.00300904
2015-04-08,0.00210983
2015-04-09,0.00284933
2015-04-10,0.00519772
2015-04-13,0.00057569
2015-04-14,-0.0051105
2015-04-15,0.0086416
2015-04-16,0.00734292
2015-04-17,0.01219395
2015-04-20,0.00384909
2015-04-21,0.00144328
2015-04-22,0.00214893
2015-04-23,0.00274401
2015-04-24,-0.01146631
2015-04-27,-0.00037679
2015-04-28,-0.00171682
2015-04-29,0.00326331
2015-04-30,0.00280395
2015-05-01,-0.00125494
2015-05-04,-0.00196253
2015-05-05,-0.00723175
2015-05-06,0.00247303
2015-05-07,-0.00210086
2015-05-08,-0.00135212
2015-05-11,0.00682495
2015-05-12,0.00683591
2015-05-13,-0.00118222
2015-05-14,0.01049196
2015-05-15,0.00530574
2015-05-18,0.00097642
2015-05-19,-0.00488679
2015-05-20,-0.00485444
2015-05-21,0.00626114
2015-05-22,-0.01157436
2015-05-25,0.01235861
2015-05-26,0.00568235
2015-05-27,-0.00223278
2015-05-28,0.01205255
2015-05-29,0.00217679
2015-06-01,-0.00909882
2015-06-02,-0.00496091
2015-06-03,-0.00809385
2015-06-04,-0.00917675
2015-06-05,0.01556306
2015-06-08,0.00092301
2015-06-09,-0.00155737
2015-06-10,0.00650864
2015-06-11,0.00461725
2015-06-12,-0.00542306
2015-06-15,-0.00778437
2015-06-16,-0.01539433
2015-06-17,0.00798806
2015-06-18,-0.002455
2015-06-19,0.0073615
2015-06-22,-5.557e-05
2015-06-23,-0.01119174
2015-06-24,-0.00545164
2015-06-25,0.01209006
2015-06-26,-0.00557197
2015-06-29,0.00397973
2015-06-30,-0.01966266
2015-07-01,-0.00815819
2015-07-02,0.00920836
2015-07-03,-0.01870911
2015-07-06,0.01142142
2015-07-07,-0.00558949
2015-07-08,-0.00655418
2015-07-09,0.01485566
2015-07-10,-0.00549066
2015-07-13,0.01164904
2015-07-14,-0.00383812
2015-07-15,0.00422289
2015-07-16,0.01067709
2015-07-17,0.01124062
2015-07-20,-0.00183987
2015-07-21,-0.02116416
2015-07-22,0.02014229
2015-07-23,-0.00601792
2015-07-24,0.01597141
2015-07-27,-0.0089368
2015-07-28,-0.00422007
2015-07-29,0.00209949
2015-07-30,0.00057709
2015-07-31,0.02145782
2015-08-03,-0.0195324
2015-08-04,-0.00594454
2015-08-05,0.00441034
2015-08-06,0.00619026
2015-08-07,0.00138564
2015-08-10,0.00308585
2015-08-11,0.01155931
2015-08-12,-0.00492538
2015-08-13,-0.00477139
2015-08-14,-0.00026142
2015-08-17,0.00729888
2015-08-18,-0.01252749
2015-08-19,0.01890847
2015-08-20,-0.00307577
2015-08-21,-0.00578569
2015-08-24,-0.00277333
2015-08-25,-0.00991552
2015-08-26,-0.00841333
2015-08-27,-0.00248179
2015-08-28,0.00497566
2015-08-31,0.00714586
2015-09-01,-0.0028939
2015-09-02,-0.00195754
2015-09-03,0.00423364
2015-09-04,-0.0144442
2015-09-07,-0.00099533
2015-09-08,0.00937476
2015-09-09,0.01458052
2015-09-10,-0.00132559
2015-09-11,-0.01166063
2015-09-14,-0.00507345
2015-09-15,0.01162711
2015-09-16,0.01919035
2015-09-17,-0.00120926
2015-09-18,-0.0145436
2015-09-21,0.00215927
2015-09-22,0.00843881
2015-09-23,0.00950222
2015-09-24,0.00420329
2015-09-25,0.02398014
2015-09-28,0.00054458
2015-09-29,0.03215509
2015-09-30,-0.01468479
2015-10-01,0.02166854
2015-10-02,0.01759329
2015-10-05,0.01325631
2015-10-06,-0.01094765
2015-10-07,-0.00135598
2015-10-08,-0.01602601
2015-10-09,0.00127009
2015-10-12,0.00446873
2015-10-13,0.00798764
2015-10-14,-0.0146411
2015-10-15,-0.0087294
2015-10-16,-0.02641039
2015-10-19,0.00147715
2015-10-20,-0.01371811
2015-10-21,0.0148445
2015-10-22,-0.00700911
2015-10-23,0.00718689
2015-10-26,-0.00449933
2015-10-27,4.3e-06
2015-10-28,-0.00209397
2015-10-29,-0.0130194
2015-10-30,0.01007405
2015-11-02,-0.00957713
2015-11-03,0.01453427
2015-11-04,-0.02803683
2015-11-05,-0.00671596
2015-11-06,0.011301
2015-11-09,0.01136432
2015-11-10,-0.02513595
2015-11-11,0.00287858
2015-11-12,0.00250434
2015-11-13,0.00357807
2015-11-16,-0.004785
2015-11-17,-0.00957074
2015-11-18,0.0022229
2015-11-19,0.00639373
2015-11-20,0.01080948
2015-11-23,-0.00096179
2015-11-24,-0.00868348
2015-11-25,0.00750866
2015-11-26,-0.01399285
2015-11-27,-0.00755106
2015-11-30,-0.00671589
2015-12-01,-0.00013969
2015-12-02,0.00170007
2015-12-03,0.01836304
2015-12-04,0.00664956
2015-12-07,0.00973125
2015-12-08,-0.00390124
2015-12-09,-0.01025421
2015-12-10,-0.00341529
2015-12-11,-0.00464647
2015-12-14,0.01915653
2015-12-15,0.01561244
2015-12-16,0.00974759
2015-12-17,-0.00052948
2015-12-18,-0.01300687
2015-12-21,-0.00301669
2015-12-22,-0.00598227
2015-12-23,-0.00714209
2015-12-24,0.00459336
2015-12-25,0.01699448
2015-12-28,0.02168189
2015-12-29,-0.00164888
2015-12-30,0.00177777
2015-12-31,0.00409413
2016-01-01,-0.00617438
2016-01-04,0.01398692
2016-01-05,0.00622087
2016-01-06,0.00172091
2016-01-07,0.00613789
2016-01-08,-0.00352944
2016-01-11,-0.00124465
2016-01-12,0.01179627
2016-01-13,0.00975921
2016-01-14,0.00235133
2016-01-15,-0.01158817
2016-01-18,0.02344619
2016-01-19,0.00627297
2016-01-20,0.01150994
2016-01-21,-0.0092638
2016-01-22,0.00756693
2016-01-25,0.00758254
2016-01-26,0.00468594
2016-01-27,0.01303583
2016-01-28,-0.01620655
2016-01-29,0.01480237
2016-02-01,-0.00269021
2016-02-02,-0.00379049
2016-02-03,0.00138136
2016-02-04,0.00576122
2016-02-05,0.00341274
2016-02-08,-0.00210395
2016-02-09,0.00663797
2016-02-10,0.02612596
2016-02-11,0.00942006
2016-02-12,-0.00246808
2016-02-15,0.01470704
2016-02-16,0.01162148
2016-02-17,-0.00701541
2016-02-18,0.01519201
2016-02-19,-0.01379607
2016-02-22,0.00734482
2016-02-23,0.02258704
2016-02-24,-0.01340423
2016-02-25,-0.00415567
2016-02-26,-0.00824609
2016-02-29,0.01754005
2016-03-01,-0.00731866
2016-03-02,0.00025456
2016-03-03,0.00594965
2016-03-04,0.01211174
2016-03-07,0.00902378
2016-03-08,-0.00945796
2016-03-09,-0.02102368
2016-03-10,0.01248233
2016-03-11,0.00125416
2016-03-14,0.00788641
2016-03-15,-0.00643976
2016-03-16,0.00027069
2016-03-17,0.01481468
2016-03-18,-0.01578216
2016-03-21,-0.00198775
2016-03-22,-0.01675304
2016-03-23,0.01571819
2016-03-24,0.00231366
2016-03-25,-0.01071833
2016-03-28,-0.01851705
2016-03-29,0.00141719
2016-03-30,0.0019979
2016-03-31,-0.00160815
2016-04-01,0.01458677
2016-04-04,-0.01067577
2016-04-05,0.00884149
2016-04-06,0.01675861
2016-04-07,-0.00636508
2016-04-08,0.01000891
2016-04-11,0.01713089
2016-04-12,-0.01550489
2016-04-13,-0.00722579
2016-04-14,-0.01443905
2016-04-15,0.00657112
2016-04-18,0.02220331
2016-04-19,-0.01775991
2016-04-20,0.00062216
2016-04-21,0.03462372
2016-04-22,-0.00945311
2016-04-25,0.01023516
2016-04-26,0.00935737
2016-04-27,-0.00686696
2016-04-28,0.01318106
2016-04-29,0.00561141
2016-05-02,-0.00090704
2016-05-03,-0.0030536
2016-05-04,0.01609041
2016-05-05,0.00228465
2016-05-06,-0.00855871
2016-05-09,-0.00551827
2016-05-10,0.0038194
2016-05-11,0.0050845
2016-05-12,-0.01425728
2016-05-13,0.01009732
2016-05-16,-0.01263289
2016-05-17,-0.01954898
2016-05-18,-0.00363181
2016-05-19,0.00421042
2016-05-20,0.01105778
2016-05-23,-0.01236101
2016-05-24,-0.00377622
2016-05-25,0.01151365
2016-05-26,-0.00015886
2016-05-27,0.01209802
2016-05-30,0.00726129
2016-05-31,-0.01486274
2016-06-01,-0.00828629
2016-06-02,0.00983255
2016-06-03,-0.0249635
2016-06-06,0.0110392
2016-06-07,-0.00154973
2016-06-08,-0.00999345
2016-06-09,0.02699561
2016-06-10,-0.01167626
2016-06-13,-0.00829636
2016-06-14,-0.00356449
2016-06-15,-0.00357433
2016-06-16,0.00698564
2016-06-17,0.00522794
2016-06-20,-0.02642307
2016-06-21,0.01613475
2016-06-22,0.01527193
2016-06-23,0.01331274
2016-06-24,0.00719936
2016-06-27,-0.01958413
2016-06-28,0.01104721
2016-06-29,-0.00571985
2016-06-30,-0.01352832
2016-07-01,0.00105641
2016-07-04,0.00874843
2016-07-05,-0.01177087
2016-07-06,-0.01256236
2016-07-07,0.00772987
2016-07-08,0.01268386
2016-07-11,-0.0061343
2016-07-12,0.00280596
2016-07-13,0.00046894
2016-07-14,0.01443117
2016-07-15,0.00344557
2016-07-18,-0.01848068
2016-07-19,-0.00923534
2016-07-20,0.01427491
2016-07-21,0.01606962
2016-07-22,0.01620901
2016-07-25,-0.00229086
2016-07-26,-0.01010522
2016-07-27,0.00875505
2016-07-28,-0.00107046
2016-07-29,-0.00235339
2016-08-01,-0.00682266
2016-08-02,0.00383114
2016-08-03,-0.00845787
2016-08-04,-0.00360434
2016-08-05,0.01871921
2016-08-08,-0.00053085
2016-08-09,0.01280119
2016-08-10,0.00260545
2016-08-11,0.00444926
2016-08-12,0.00207208
2016-08-15,0.02070247
2016-08-16,0.0043234
2016-08-17,0.00320538
2016-08-18,0.00204999
2016-08-19,-0.00428118
2016-08-22,0.01121745
2016-08-23,-0.00718275
2016-08-24,-0.01364704
2016-08-25,0.00285423
2016-08-26,0.0045724
2016-08-29,-0.01035735
2016-08-30,0.0028684
2016-08-31,0.00021721
2016-09-01,-0.01325805
2016-09-02,-0.01895685
2016-09-05,0.00392397
2016-09-06,0.00032337
2016-09-07,0.00830135
2016-09-08,-0.01241047
2016-09-09,0.01185114
2016-09-12,0.00145959
2016-09-13,0.00461952
2016-09-14,0.01823244
2016-09-15,7.302e-05
2016-09-16,-0.00140221
2016-09-19,-0.00373556
2016-09-20,-0.01284182
2016-09-21,-0.00054071
2016-09-22,-0.01312611
2016-09-23,-0.01004296
2016-09-26,-0.01727738
2016-09-27,0.00860926
2016-09-28,-0.00083718
2016-09-29,0.01254785
2016-09-30,-0.00552295
2016-10-03,-0.00357426
2016-10-04,-0.00651865
2016-10-05,-0.00859824
2016-10-06,0.01659672
2016-10-07,-0.02838531
2016-10-10,0.01692342
2016-10-11,0.01602818
2016-10-12,-0.00588087
2016-10-13,0.00217807
2016-10-14,0.01985201
2016-10-17,0.00045146
2016-10-18,-0.02573355
2016-10-19,-0.0097264
2016-10-20,0.01835615
2016-10-21,-0.01370349
2016-10-24,0.01792222
2016-10-25,-0.00603393
2016-10-26,0.01065856
2016-10-27,-0.00684247
2016-10-28,-0.00878885
2016-10-31,-0.00381629
2016-11-01,-0.02610412
2016-11-02,0.00862758
2016-11-03,-0.02951073
2016-11-04,-0.00073984
2016-11-07,-0.01654708
2016-11-08,0.0057073
2016-11-09,0.0189377
2016-11-10,0.00059315
2016-11-11,-0.00410139
2016-11-14,0.00422103
2016-11-15,0.006446
2016-11-16,0.01138504
2016-11-17,-0.00558743
2016-11-18,0.0144602
2016-11-21,-0.01215705
2016-11-22,-0.0015379
2016-11-23,0.02644581
2016-11-24,0.00330462
2016-11-25,0.01013923
2016-11-28,0.00578801
2016-11-29,0.00416909
2016-11-30,0.02353034
2016-12-01,0.00125265
2016-12-02,-0.01890395
2016-12-05,-0.00221133
2016-12-06,0.00303525
2016-12-07,-0.00628538
2016-12-08,-0.00636862
2016-12-09,0.01477808
2016-12-12,0.00708273
2016-12-13,0.01860551
2016-12-14,0.00368043
2016-12-15,-0.01235745
2016-12-16,-0.00215827
2016-12-19,-0.00279884
2016-12-20,-0.00315974
2016-12-21,0.00825515
2016-12-22,-0.01742515
2016-12-23,-0.00121433
2016-12-26,0.01704637
2016-12-27,-0.01225571
2016-12-28,0.00884204
2016-12-29,0.00069495
2016-12-30,-0.01721857
2017-01-02,-0.01019946
2017-01-03,0.01582202
2017-01-04,-0.00765981
2017-01-05,0.00128436
2017-01-06,-0.00045898
2017-01-09,-0.01145484
2017-01-10,0.01270117
2017-01-11,0.01051671
2017-01-12,0.00491449
2017-01-13,-0.00111588
2017-01-16,-0.00778461
2017-01-17,-0.00884503
2017-01-18,0.0094946
2017-01-19,-0.01976408
2017-01-20,0.0112988
2017-01-23,0.00420766
2017-01-24,0.00544326
2017-01-25,0.00039015
2017-01-26,-0.0093331
2017-01-27,-0.00799919
2017-01-30,-0.00105006
2017-01-31,0.00445512
2017-02-01,0.01142999
2017-02-02,0.00296018
2017-02-03,0.00513545
2017-02-06,-0.0063176
2017-02-07,0.00774681
2017-02-08,0.0047
2017-02-09,0.01514409
2017-02-10,0.00928771
2017-02-13,0.00087575
2017-02-14,-0.00904154
2017-02-15,0.01423697
2017-02-16,-0.00790648
2017-02-17,0.00354216
2017-02-20,0.00964327
2017-02-21,0.00786495
2017-02-22,-0.00893242
2017-02-23,-0.0081329
2017-02-24,0.01083559
2017-02-27,0.00689013
2017-02-28,0.02811496
2017-03-01,-0.00881921
2017-03-02,-0.01860594
2017-03-03,-0.01425707
2017-03-06,-0.0105361
2017-03-07,-0.00453282
2017-03-08,0.00418659
2017-03-09,0.00406799
2017-03-10,-0.00260959
2017-03-13,-0.00753019
2017-03-14,0.0035803
2017-03-15,-0.00456602
2017-03-16,0.00948541
2017-03-17,-0.00280502
2017-03-20,-0.00511551
2017-03-21,0.01124471
2017-03-22,0.01150652
2017-03-23,0.01565706
2017-03-24,-0.00893765
2017-03-27,0.01050269
2017-03-28,0.01457023
2017-03-29,0.00305449
2017-03-30,-0.00870542
2017-03-31,-0.00082541
2017-04-03,0.00643067
2017-04-04,0.00164182
2017-04-05,0.00148619
2017-04-06,0.00882557
2017-04-07,0.01703054
2017-04-10,0.0153421
2017-04-11,-0.00857603
2017-04-12,-0.01596403
2017-04-13,0.01862259
2017-04-14,0.01705186
2017-04-17,-0.00036894
2017-04-18,-0.01840248
2017-04-19,0.01894564
2017-04-20,-0.00597253
2017-04-21,-0.00963553
2017-04-24,-0.00213123
2017-04-25,0.0016267
2017-04-26,-0.01741549
2017-04-27,-0.01475868
2017-04-28,3.309e-05
2017-05-01,0.00090191
2017-05-02,-0.01670096
2017-05-03,0.0275559
2017-05-04,0.01650123
2017-05-05,0.00795898
2017-05-08,0.00896739
2017-05-09,-0.02712391
2017-05-10,0.00150427
2017-05-11,0.007946
2017-05-12,0.00182611
2017-05-15,0.00475909
2017-05-16,0.00778559
2017-05-17,0.01902758
2017-05-18,0.01437851
2017-05-19,-0.00649393
2017-05-22,0.01398289
2017-05-23,-0.0054178
2017-05-24,0.0028917
2017-05-25,0.00418736
2017-05-26,0.00020454
2017-05-29,-0.00167507
2017-05-30,0.00309494
2017-05-31,0.00361162
2017-06-01,-0.02253203
2017-06-02,-0.00081919
2017-06-05,-0.00827977
2017-06-06,0.01648278
2017-06-07,0.00218993
2017-06-08,-0.00767113
2017-06-09,0.00521098
2017-06-12,0.00171955
2017-06-13,0.00567674
2017-06-14,-0.01908778
2017-06-15,-0.00353667
2017-06-16,-0.00982932
2017-06-19,0.01507183
2017-06-20,0.00838604
2017-06-21,-0.00229868
2017-06-22,-0.0007491
2017-06-23,-0.00073384
2017-06-26,-0.00447012
2017-06-27,-0.0083225
2017-06-28,-0.01137174
2017-06-29,0.01072773
2017-06-30,-0.00931579
2017-07-03,0.0042411
2017-07-04,0.00780929
2017-07-05,0.00517237
2017-07-06,-0.00032682
2017-07-07,0.0050233
2017-07-10,-0.00463098
2017-07-11,-0.00767214
2017-07-12,0.00740537
2017-07-13,0.00518589
2017-07-14,0.00899435
2017-07-17,0.00027514
2017-07-18,-0.01445123
2017-07-19,-0.00375453
2017-07-20,-0.00542198
2017-07-21,0.00837476
2017-07-24,-0.00659694
2017-07-25,0.00776042
2017-07-26,0.00222282
2017-07-27,0.00256011
2017-07-28,0.00230092
2017-07-31,0.00474285
2017-08-01,-0.00718841
2017-08-02,0.00886553
2017-08-03,-0.0114454
2017-08-04,-0.00524911
2017-08-07,-0.00531752
2017-08-08,0.00596766
2017-08-09,-0.00582102
2017-08-10,0.01330029
2017-08-11,-0.00747304
2017-08-14,0.0218102
2017-08-15,0.00706559
2017-08-16,0.00912376
2017-08-17,0.00413593
2017-08-18,0.00903529
2017-08-21,-0.00619604
2017-08-22,-0.01214953
2017-08-23,0.00895161
2017-08-24,0.006907
2017-08-25,-0.00100203
2017-08-28,-0.00173268
2017-08-29,-0.00080427
2017-08-30,0.0019185
2017-08-31,0.00760824
2017-09-01,-0.00207423
2017-09-04,0.0030034
2017-09-05,0.00933868
2017-09-06,-0.00082443
2017-09-07,0.00493323
2017-09-08,-0.00369665
2017-09-11,0.00097892
2017-09-12,-0.00115523
2017-09-13,0.0081119
2017-09-14,-0.00180769
2017-09-15,-0.00678768
2017-09-18,0.00215524
2017-09-19,-0.00280529
2017-09-20,0.00880391
2017-09-21,0.00318794
2017-09-22,-0.00220868
2017-09-25,-0.00628025
2017-09-26,0.00063591
2017-09-27,-0.0008617
2017-09-28,-0.00034519
2017-09-29,0.00101922
2017-10-02,0.01897092
2017-10-03,-0.00551363
2017-10-04,0.00215925
2017-10-05,0.00663745
2017-10-06,0.00933986
2017-10-09,-0.00045437
2017-10-10,0.00267132
2017-10-11,-0.00119394
2017-10-12,0.01427401
2017-10-13,-0.0041088
2017-10-16,0.002738
2017-10-17,-0.00483255
2017-10-18,0.00577116
2017-10-19,-0.00436266
2017-10-20,0.01139642
2017-10-23,-0.00361684
2017-10-24,-0.00029151
2017-10-25,-4.194e-05
2017-10-26,0.00255484
2017-10-27,-0.00362325
2017-10-30,-0.01087781
2017-10-31,-0.0126608
2017-11-01,-0.0014943
2017-11-02,0.00850583
2017-11-03,0.00864265
2017-11-06,0.00395189
2017-11-07,0.0078421
2017-11-08,0.00041498
2017-11-09,-0.00053985
2017-11-10,0.0040975
2017-11-13,0.00978669
2017-11-14,0.01054125
2017-11-15,0.00385909
2017-11-16,-0.00921566
2017-11-17,-0.00396042
2017-11-20,-0.01700923
2017-11-21,0.00980231
2017-11-22,0.00011216
2017-11-23,0.01182658
2017-11-24,0.0124058
2017-11-27,-0.0009895
2017-11-28,0.00643045
2017-11-29,0.00017933
2017-11-30,-0.01151323
2017-12-01,0.00437084
2017-12-04,0.00220797
2017-12-05,0.00225567
2017-12-06,0.01315343
2017-12-07,-0.00722376
2017-12-08,-0.01215151
2017-12-11,0.0087761
2017-12-12,0.01119683
2017-12-13,0.00632448
2017-12-14,0.00162155
2017-12-15,0.00312644
2017-12-18,0.00264277
2017-12-19,0.0016743
2017-12-20,-0.00157155
2017-12-21,0.0094402
2017-12-22,-0.00342763
2017-12-25,-0.00886818
2017-12-26,0.00076653
2017-12-27,-0.0044829
2017-12-28,-0.00582837
2017-12-29,0.00455332
2018-01-01,-0.00748175
2018-01-02,-0.00634662
2018-01-03,-0.00379518
2018-01-04,-0.00560942
2018-01-05,-0.00246581
2018-01-08,-0.00189929
2018-01-09,-0.00772727
2018-01-10,-0.00861371
2018-01-11,0.01455341
2018-01-12,0.00194984
2018-01-15,-0.00268844
2018-01-16,0.00415392
2018-01-17,0.00182567
2018-01-18,0.00127821
2018-01-19,-0.00208041
2018-01-22,-0.00136158
2018-01-23,-0.00240664
2018-01-24,0.01040711
2018-01-25,-0.0016112
2018-01-26,0.00318366
2018-01-29,0.00351332
2018-01-30,-0.01073307
2018-01-31,0.00783863
2018-02-01,0.00193152
2018-02-02,-0.01129272
2018-02-05,0.01092756
2018-02-06,0.00767594
2018-02-07,0.0025532
2018-02-08,-0.00439621
2018-02-09,-0.00611844
2018-02-12,-0.00081874
2018-02-13,-0.00281701
2018-02-14,0.00695711
2018-02-15,0.00455641
2018-02-16,0.00745247
2018-02-19,0.00165787
2018-02-20,-0.00067029
2018-02-21,-0.00115666
2018-02-22,-0.00139512
2018-02-23,-0.00063143
2018-02-26,0.00223321
2018-02-27,0.00146668
2018-02-28,0.00024089
2018-03-01,0.0128665
2018-03-02,0.00105075
2018-03-05,0.00233806
2018-03-06,-0.00090215
2018-03-07,0.00601607
2018-03-08,0.00529646
2018-03-09,0.00088386
2018-03-12,0.00612359
2018-03-13,0.00391177
2018-03-14,-0.00691837
2018-03-15,-0.00701886
2018-03-16,-0.00549545
2018-03-19,0.00104412
2018-03-20,-0.00415816
2018-03-21,-0.00907792
2018-03-22,-0.00368484
2018-03-23,-3.708e-05
2018-03-26,-0.00033427
2018-03-27,0.0009386
2018-03-28,-0.00078451
2018-03-29,0.0011072
2018-03-30,-0.00091574
2018-04-02,-0.00394034
2018-04-03,-0.00674776
2018-04-04,-0.0002549
2018-04-05,0.00287761
2018-04-06,-0.00308055
2018-04-09,-0.00279152
2018-04-10,0.00415604
2018-04-11,0.00871758
2018-04-12,0.00801617
2018-04-13,-0.00313785
2018-04-16,-0.00409035
2018-04-17,-0.00151752
2018-04-18,0.00099756
2018-04-19,0.00179765
2018-04-20,-0.00948061
2018-04-23,0.00741375
2018-04-24,0.00523625
2018-04-25,-0.00261826
2018-04-26,0.00312852
2018-04-27,-0.00364892
2018-04-30,-0.00029307
2018-05-01,0.00806907
2018-05-02,-0.00749111
2018-05-03,-0.00318485
2018-05-04,-0.00280956
2018-05-07,-0.00182041
2018-05-08,0.00170055
2018-05-09,-0.00049285
2018-05-10,0.009702
2018-05-11,-0.00519156
2018-05-14,0.00460936
2018-05-15,-0.00209036
2018-05-16,0.00234883
2018-05-17,-0.00067044
2018-05-18,-0.00156987
2018-05-21,-0.00301129
2018-05-22,-0.00132266
2018-05-23,-0.00513936
2018-05-24,-0.00306833
2018-05-25,-0.01152431
2018-05-28,-0.00179907
2018-05-29,-0.00521747
2018-05-30,-0.00170496
2018-05-31,-0.00486247
2018-06-01,0.00618452
2018-06-04,-0.0010205
2018-06-05,-0.00070271
2018-06-06,0.00696032
2018-06-07,-0.00569265
2018-06-08,0.00103752
2018-06-11,-0.00732752
2018-06-12,-0.00482302
2018-06-13,-0.00435946
2018-06-14,0.01059967
2018-06-15,-0.00434735
2018-06-18,0.00496203
2018-06-19,0.00371022
2018-06-20,0.0091491
2018-06-21,-0.00109953
2018-06-22,-0.00779875
2018-06-25,-0.00717513
2018-06-26,0.01020418
2018-06-27,0.00503759
2018-06-28,0.01092918
2018-06-29,0.01229803
2018-07-02,0.00343795
2018-07-03,0.000524
2018-07-04,0.0049791
2018-07-05,-0.00861298
2018-07-06,-0.00173787
2018-07-09,0.00046771
2018-07-10,0.0058629
2018-07-11,-0.01109108
2018-07-12,-0.01282224
2018-07-13,0.01011716
2018-07-16,0.00537252
2018-07-17,-0.00293511
2018-07-18,-0.00356555
2018-07-19,0.00033288
2018-07-20,-0.01121339
2018-07-23,-0.00600763
2018-07-24,0.00804457
2018-07-25,0.00816711
2018-07-26,0.0131102
2018-07-27,0.00441222
2018-07-30,0.01027795
2018-07-31,-0.01157488
2018-08-01,-0.01185255
2018-08-02,-0.02641766
2018-08-03,-0.01679405
2018-08-06,-0.02295013
2018-08-07,0.00897794
2018-08-08,0.00979499
2018-08-09,-0.01809918
2018-08-10,-0.02220691
2018-08-13,0.01419424
2018-08-14,0.01897378
2018-08-15,-0.01811904
2018-08-16,0.00399045
2018-08-17,0.0209736
2018-08-20,0.00463626
2018-08-21,0.02288636
2018-08-22,0.00161057
2018-08-23,0.00367134
2018-08-24,-0.00494379
2018-08-27,-0.02841867
2018-08-28,-0.00801501
2018-08-29,-0.01471522
2018-08-30,0.01584469
2018-08-31,-0.0208398
2018-09-03,-0.00190005
2018-09-04,0.00092329
2018-09-05,0.00844414
2018-09-06,0.0012506
2018-09-07,0.027258
2018-09-10,0.00792981
2018-09-11,0.00368615
2018-09-12,0.00318828
2018-09-13,0.01314263
2018-09-14,-0.01961908
2018-09-17,-0.01001397
2018-09-18,0.00083675
2018-09-19,-0.00952501
2018-09-20,0.0019484
2018-09-21,-0.02162821
2018-09-24,0.0254663
2018-09-25,0.00480442
2018-09-26,0.00172234
2018-09-27,-0.01316154
2018-09-28,0.01115719
2018-10-01,0.01259868
2018-10-02,-0.00607272
2018-10-03,-0.00043337
2018-10-04,-0.01672226
2018-10-05,0.00332975
2018-10-08,0.00120786
2018-10-09,0.01238039
2018-10-10,0.00615448
2018-10-11,0.01380182
2018-10-12,-0.00118203
2018-10-15,0.00266249
2018-10-16,-0.00135736
2018-10-17,0.00055302
2018-10-18,-0.0056577
2018-10-19,-0.00056581
2018-10-22,-0.00470265
2018-10-23,0.00967934
2018-10-24,0.00380224
2018-10-25,0.00180517
2018-10-26,-0.00279766
2018-10-29,0.00841305
2018-10-30,0.00129924
2018-10-31,0.0043762
2018-11-01,-0.00302877
2018-11-02,0.00254318
2018-11-05,-0.00423466
2018-11-06,-0.00394234
2018-11-07,-0.00330512
2018-11-08,0.01095037
2018-11-09,0.00121427
2018-11-12,0.00999459
2018-11-13,-0.00607341
2018-11-14,0.00274839
2018-11-15,-0.00341369
2018-11-16,0.00243084
2018-11-19,0.01063981
2018-11-20,0.01060144
2018-11-21,-0.00571398
2018-11-22,0.00571871
2018-11-23,0.00638498
2018-11-26,-0.00082478
2018-11-27,-0.00245664
2018-11-28,-0.0055123
2018-11-29,0.00138966
2018-11-30,-0.00842652
2018-12-03,-0.00141142
2018-12-04,0.00081434
2018-12-05,-0.00429199
2018-12-06,-0.00704061
2018-12-07,0.00489875
2018-12-10,-0.00101036
2018-12-11,-0.00917107
2018-12-12,-0.00140057
2018-12-13,0.00215079
2018-12-14,-0.00359934
2018-12-17,0.00252593
2018-12-18,0.00119453
2018-12-19,0.0021083
2018-12-20,-0.00184123
2018-12-21,-0.00261613
2018-12-24,0.00545713
2018-12-25,0.00149965
2018-12-26,0.00234959
2018-12-27,0.00327316
2018-12-28,0.00198758
2018-12-31,0.00207413
2019-01-01,0.00176608
2019-01-02,0.00048804
2019-01-03,-0.0024203
2019-01-04,0.00379645
2019-01-07,0.00152766
2019-01-08,-0.00110089
2019-01-09,0.00399335
2019-01-10,0.0086388
2019-01-11,-0.00430505
2019-01-14,0.00141792
2019-01-15,0.0067245
2019-01-16,-0.00669002
2019-01-17,0.00050879
2019-01-18,6.857e-05
2019-01-21,-0.00254851
2019-01-22,0.00850764
2019-01-23,0.00491341
2019-01-24,3.285e-05
2019-01-25,-0.00677038
2019-01-28,0.00123831
2019-01-29,-0.00414687
2019-01-30,0.00310682
2019-01-31,-0.00121916
2019-02-01,0.00195199
2019-02-04,0.00773171
2019-02-05,0.00457244
2019-02-06,-0.00086497
2019-02-07,-9.108e-05
2019-02-08,-0.00376258
2019-02-11,0.00433753
2019-02-12,-0.00396386
2019-02-13,-0.00230113
2019-02-14,-0.00652241
2019-02-15,0.00092999
2019-02-18,0.01017741
2019-02-19,-0.00199551
2019-02-20,-0.00186965
2019-02-21,-0.00229745
2019-02-22,0.00111671
2019-02-25,0.00252243
2019-02-26,0.01285037
2019-02-27,0.00815351
2019-02-28,0.00207567
2019-03-01,-0.00559091
2019-03-04,0.00880938
2019-03-05,0.0037775
2019-03-06,-0.00383048
2019-03-07,0.00258035
2019-03-08,0.00117078
2019-03-11,0.00739987
2019-03-12,0.00344707
2019-03-13,-0.0036596
2019-03-14,0.0027931
2019-03-15,0.00970487
2019-03-18,0.00322397
2019-03-19,-0.00147257
2019-03-20,-0.00235852
2019-03-21,0.01406388
2019-03-22,0.00941813
2019-03-25,-0.00543368
2019-03-26,0.00486239
2019-03-27,0.00965104
2019-03-28,0.00689095
2019-03-29,-0.00253567
2019-04-01,1.324e-05
2019-04-02,-0.01223744
2019-04-03,-0.00103176
2019-04-04,-0.00052061
2019-04-05,0.00630346
2019-04-08,-0.00117933
2019-04-09,-0.00310652
2019-04-10,0.0106533
2019-04-11,0.00720352
2019-04-12,-0.00362251
2019-04-15,-0.01405234
2019-04-16,-0.0133419
2019-04-17,-0.00101003
2019-04-18,0.00010394
2019-04-19,-0.00076766
2019-04-22,0.00667971
2019-04-23,0.01363371
2019-04-24,0.00663594
2019-04-25,0.00253887
2019-04-26,0.00223471
2019-04-29,-0.01043381
2019-04-30,0.00782321
2019-05-01,-0.0013241
2019-05-02,0.00762969
2019-05-03,-0.00852089
2019-05-06,-0.00185243
2019-05-07,-0.01189074
2019-05-08,-0.00224454
2019-05-09,0.01368336
2019-05-10,-0.00593741
2019-05-13,-0.00343421
2019-05-14,-0.00367962
2019-05-15,0.0027381
2019-05-16,-0.00742191
2019-05-17,-0.00368662
2019-05-20,-0.00983154
2019-05-21,0.02112293
2019-05-22,-0.00601282
2019-05-23,-0.00193171
2019-05-24,-0.01099808
2019-05-27,0.00043271
2019-05-28,-0.00263628
2019-05-29,-0.01671136
2019-05-30,0.02782788
2019-05-31,-0.0053974
2019-06-03,-0.00499752
2019-06-04,0.00864613
2019-06-05,-0.02346365
2019-06-06,-0.00269952
2019-06-07,-0.01608581
2019-06-10,-0.00937266
2019-06-11,-0.00625548
2019-06-12,-0.0298433
2019-06-13,-0.00851412
2019-06-14,0.00311677
2019-06-17,-0.01377512
2019-06-18,0.00185379
2019-06-19,-0.00389111
2019-06-20,0.01643567
2019-06-21,-0.00225249
2019-06-24,0.00354594
2019-06-25,0.00080857
2019-06-26,-0.00305038
2019-06-27,0.01739269
2019-06-28,0.00491689
2019-07-01,0.00382493
2019-07-02,0.00793223
2019-07-03,0.02179605
2019-07-04,-0.00966874
2019-07-05,0.01633194
2019-07-08,-0.01191499
2019-07-09,-0.00109126
2019-07-10,0.00871942
2019-07-11,0.01414619
2019-07-12,-0.00907023
2019-07-15,0.01399658
2019-07-16,0.00816212
2019-07-17,0.02668067
2019-07-18,-0.0165275
2019-07-19,0.00790027
2019-07-22,-0.00537398
2019-07-23,-0.00398385
2019-07-24,0.00057625
2019-07-25,-0.0054836
2019-07-26,0.00592416
2019-07-29,0.00168092
2019-07-30,-0.00985731
2019-07-31,0.02434023
2019-08-01,0.00113702
2019-08-02,-0.02027868
2019-08-05,-0.00270144
2019-08-06,0.00113349
2019-08-07,-0.00286138
2019-08-08,-0.00262071
2019-08-09,0.0138285
2019-08-12,-0.00570919
2019-08-13,-0.00437108
2019-08-14,-0.00500583
2019-08-15,-0.00340544
2019-08-16,-0.00598211
2019-08-19,0.00152316
2019-08-20,0.01012494
2019-08-21,0.00164942
2019-08-22,0.00174499
2019-08-23,-0.00349516
2019-08-26,-0.00369572
2019-08-27,-0.01089773
2019-08-28,0.01548128
2019-08-29,-0.0019065
2019-08-30,-0.00786974
2019-09-02,0.00077856
2019-09-03,-0.00138877
2019-09-04,0.00951428
2019-09-05,0.0035039
2019-09-06,-0.00820945
2019-09-09,-0.00384542
2019-09-10,-0.00654585
2019-09-11,-0.00112116
2019-09-12,-0.01116757
2019-09-13,0.01358708
2019-09-16,0.00350925
2019-09-17,0.0018322
2019-09-18,0.0024822
2019-09-19,0.00499516
2019-09-20,-0.00586222
2019-09-23,0.00125851
2019-09-24,0.01178785
2019-09-25,0.01130275
2019-09-26,-0.00848099
2019-09-27,-0.0035127
2019-09-30,-0.00201233
2019-10-01,-0.01359864
2019-10-02,-0.0048258
2019-10-03,0.00011349
2019-10-04,0.00427818
2019-10-07,-0.00093664
2019-10-08,-0.01015007
2019-10-09,-0.00151214
2019-10-10,-0.00545543
2019-10-11,0.007292
2019-10-14,0.00671705
2019-10-15,-0.00320087
2019-10-16,0.00957189
2019-10-17,-0.00197941
2019-10-18,0.00261164
2019-10-21,0.01030768
2019-10-22,0.00546898
2019-10-23,-0.0010106
2019-10-24,0.00170734
2019-10-25,0.01827302
2019-10-28,-0.0010732
2019-10-29,0.00386806
2019-10-30,-0.00728249
2019-10-31,0.00507152
2019-11-01,-0.00256257
2019-11-04,0.00705289
2019-11-05,-0.00538269
2019-11-06,0.00553944
2019-11-07,0.00119096
2019-11-08,0.00312936
2019-11-11,0.00416701
2019-11-12,0.00586924
2019-11-13,-0.00480759
2019-11-14,-0.01122281
2019-11-15,-6.114e-05
2019-11-18,0.00562405
2019-11-19,-0.00679554
2019-11-20,0.00801422
2019-11-21,-0.00544601
2019-11-22,0.00182805
2019-11-25,0.00097076
2019-11-26,0.00127236
2019-11-27,0.00927069
2019-11-28,-0.00683695
2019-11-29,-0.00557246
2019-12-02,-0.00246443
2019-12-03,0.00221149
2019-12-04,-0.00473861
2019-12-05,0.0088088
2019-12-06,0.00085481
2019-12-09,0.00029489
2019-12-10,-0.0021228
2019-12-11,0.00604081
2019-12-12,0.00880874
2019-12-13,-0.01483463
2019-12-16,0.00456215
2019-12-17,-0.00742629
2019-12-18,0.0035702
2019-12-19,0.0018817
2019-12-20,0.00261574
2019-12-23,-0.00021482
2019-12-24,-0.00241864
2019-12-25,0.00549575
2019-12-26,-0.00536778
2019-12-27,0.00954031
2019-12-30,0.00537819
2019-12-31,-0.00791636
2020-01-01,-0.01054368
2020-01-02,0.01236135
2020-01-03,-0.00038172
2020-01-06,-0.00745653
2020-01-07,0.00754907
2020-01-08,0.00134862
2020-01-09,0.004041
2020-01-10,0.00060516
2020-01-13,0.00118816
2020-01-14,0.00452142
2020-01-15,0.00590628
2020-01-16,-0.01189916
2020-01-17,-0.00020177
2020-01-20,0.00532734
2020-01-21,0.00750446
2020-01-22,-0.00194795
2020-01-23,-0.00012974
2020-01-24,-0.00466973
2020-01-27,-0.01056475
2020-01-28,-0.003503
2020-01-29,0.00389897
2020-01-30,-0.00021555
2020-01-31,0.00751077
2020-02-03,-0.0034744
2020-02-04,0.00318725
2020-02-05,-0.00088449
2020-02-06,0.00270105
2020-02-07,-0.00409074
2020-02-10,-0.0005582
2020-02-11,-0.00013067
2020-02-12,0.00149013
2020-02-13,0.01036044
2020-02-14,-0.0070962
2020-02-17,0.005521
2020-02-18,-0.00388197
2020-02-19,0.00089455
2020-02-20,-0.00129471
2020-02-21,0.00020735
2020-02-24,0.00860631
2020-02-25,-0.00141072
2020-02-26,0.01025027
2020-02-27,-0.00648977
2020-02-28,0.00073323
2020-03-02,-0.00210893
2020-03-03,-0.00651359
2020-03-04,0.00244334
2020-03-05,-0.00353935
2020-03-06,0.00495934
2020-03-09,-0.004292
2020-03-10,0.0016757
2020-03-11,0.0016959
2020-03-12,0.01004199
2020-03-13,0.00292169
2020-03-16,-0.0032292
2020-03-17,-0.00913582
2020-03-18,-0.00050078
2020-03-19,0.00758412
2020-03-20,0.0037384
2020-03-23,-0.00441857
2020-03-24,0.00112718
2020-03-25,0.00356286
2020-03-26,-0.00119412
2020-03-27,0.00062528
2020-03-30,-0.00027028
2020-03-31,0.00075795
2020-04-01,0.00536525
2020-04-02,-0.01236986
2020-04-03,-0.01658997
2020-04-06,0.008603
2020-04-07,-0.00313263
2020-04-08,0.00896094
2020-04-09,0.01192074
2020-04-10,-0.00335517
2020-04-13,-0.00125711
2020-04-14,0.00846792
2020-04-15,0.00875746
2020-04-16,0.00314247
2020-04-17,0.00640152
2020-04-20,-0.00206116
2020-04-21,0.0033937
2020-04-22,-0.00262798
2020-04-23,0.00545602
2020-04-24,-0.00444765
2020-04-27,0.00025605
2020-04-28,0.00182298
2020-04-29,-0.01373116
2020-04-30,0.01153878
2020-05-01,-0.01226063
2020-05-04,-0.00232821
2020-05-05,-0.00298394
2020-05-06,-0.00095172
2020-05-07,-0.0149848
2020-05-08,0.00568002
2020-05-11,0.003295
2020-05-12,0.00217825
2020-05-13,0.0037192
2020-05-14,0.0099624
2020-05-15,-0.00183355
2020-05-18,-0.00433742
2020-05-19,0.00700188
2020-05-20,-0.0077711
2020-05-21,-0.00254544
2020-05-22,-0.00621875
2020-05-25,0.00833049
2020-05-26,-0.00013357
2020-05-27,0.00728005
2020-05-28,0.00442229
2020-05-29,-0.00678766
2020-06-01,-0.00024912
2020-06-02,-0.00644771
2020-06-03,-0.01195037
2020-06-04,0.00039737
2020-06-05,-0.00724603
2020-06-08,-0.0006852
2020-06-09,-0.00131374
2020-06-10,0.01034294
2020-06-11,-0.00254667
2020-06-12,-0.00390335
2020-06-15,-0.00077654
2020-06-16,-0.00697163
2020-06-17,0.00103335
2020-06-18,0.00342265
2020-06-19,-0.00322364
2020-06-22,-0.00737052
2020-06-23,-0.00484137
2020-06-24,0.00507722
2020-06-25,-0.00449386
2020-06-26,-0.00025473
2020-06-29,-0.00460652
2020-06-30,-0.00486217
2020-07-01,0.00414372
2020-07-02,-0.0104449
2020-07-03,0.00891693
2020-07-06,0.00158878
2020-07-07,0.00493731
2020-07-08,-0.00379644
2020-07-09,-0.00737691
2020-07-10,-0.01617902
2020-07-13,-0.00511804
2020-07-14,0.00482583
2020-07-15,0.00165689
2020-07-16,0.00245768
2020-07-17,-0.00698421
2020-07-20,-0.00465576
2020-07-21,0.00726282
2020-07-22,-0.00950124
2020-07-23,-0.00884651
2020-07-24,0.01213527
2020-07-27,0.00516352
2020-07-28,0.0074152
2020-07-29,-0.00263819
2020-07-30,-0.00780071
2020-07-31,-0.00129022
2020-08-03,0.00223594
2020-08-04,0.00892102
2020-08-05,0.01231956
2020-08-06,-0.00293487
2020-08-07,0.00472862
2020-08-10,-0.00476666
2020-08-11,-0.00326255
2020-08-12,-0.00238338
2020-08-13,-0.0081171
2020-08-14,-0.00746655
2020-08-17,0.01699173
2020-08-18,-0.00810326
2020-08-19,0.01437244
2020-08-20,-0.00517979
2020-08-21,0.00412793
2020-08-24,-0.01251064
2020-08-25,0.01846708
2020-08-26,0.00606224
2020-08-27,-0.01338408
2020-08-28,0.00044341
2020-08-31,0.00779239
2020-09-01,-0.01282117
2020-09-02,0.01439619
2020-09-03,-0.00245469
2020-09-04,-3.562e-05
2020-09-07,-0.01406344
2020-09-08,-0.00291452
2020-09-09,0.01168993
2020-09-10,0.00050442
2020-09-11,-0.00507115
2020-09-14,-0.00926348
2020-09-15,-0.00619508
2020-09-16,0.0097276
2020-09-17,-0.00158175
2020-09-18,-0.00892024
2020-09-21,0.01001871
2020-09-22,9.852e-05
2020-09-23,0.01425355
2020-09-24,0.01602889
2020-09-25,0.00292236
2020-09-28,-0.00970969
2020-09-29,-0.00562741
2020-09-30,0.00874122
2020-10-01,0.00727176
2020-10-02,-0.00075845
2020-10-05,0.0067531
2020-10-06,0.00067994
2020-10-07,-0.01359442
2020-10-08,0.00511769
2020-10-09,-0.00113193
2020-10-12,0.00041448
2020-10-13,-0.00354232
2020-10-14,0.01343026
2020-10-15,0.00147715
2020-10-16,-0.00896124
2020-10-19,-0.00114931
2020-10-20,0.01482091
2020-10-21,-0.00297393
2020-10-22,-0.00744894
2020-10-23,0.00148731
2020-10-26,0.00355306
2020-10-27,0.0033779
2020-10-28,-0.00387049
2020-10-29,-0.00119678
2020-10-30,-0.00160479
2020-11-02,0.00542412
2020-11-03,-0.0007039
2020-11-04,0.00389654
2020-11-05,0.02028234
2020-11-06,0.00276045
2020-11-09,0.00231146
2020-11-10,0.00167295
2020-11-11,-0.00727507
2020-11-12,0.0078781
2020-11-13,-0.0043192
2020-11-16,0.01396522
2020-11-17,-0.00353846
2020-11-18,0.01373859
2020-11-19,-0.00292578
2020-11-20,0.00805109
2020-11-23,-0.00086026
2020-11-24,0.01293368
2020-11-25,0.01744547
2020-11-26,0.00115847
2020-11-27,0.00017348
2020-11-30,-0.00125611
2020-12-01,0.00033924
2020-12-02,0.00191937
2020-12-03,0.00432154
2020-12-04,0.0059471
2020-12-07,-0.00165358
2020-12-08,0.0016186
2020-12-09,-0.00037474
2020-12-10,-0.00272364
2020-12-11,0.00848829
2020-12-14,-0.00216179
2020-12-15,-0.0002182
2020-12-16,-0.00017058
2020-12-17,-0.00049968
2020-12-18,-0.00311198
2020-12-21,0.00015864
2020-12-22,0.0129287
2020-12-23,-0.00431592
2020-12-24,-0.00469315
2020-12-25,0.00543752
2020-12-28,-0.00920498
2020-12-29,0.00275915
2020-12-30,-0.00535593
2020-12-31,-0.00679355
2021-01-01,-0.01074522
2021-01-04,0.00478506
2021-01-05,-0.00857156
2021-01-06,0.00099233
2021-01-07,-0.00289385
2021-01-08,0.00542471
2021-01-11,-0.00320111
2021-01-12,0.01191582
2021-01-13,0.0061442
2021-01-14,0.01042471
2021-01-15,-0.00921188
2021-01-18,0.00341191
2021-01-19,0.00939169
2021-01-20,0.00570254
2021-01-21,-0.00986273
2021-01-22,-0.01138183
2021-01-25,-0.00663795
2021-01-26,-0.00640434
2021-01-27,0.00679236
2021-01-28,0.00261255
2021-01-29,-0.01272033
2021-02-01,0.00293286
2021-02-02,0.00340215
2021-02-03,0.00436128
2021-02-04,-0.00288238
2021-02-05,-0.00732399
2021-02-08,-0.00907737
2021-02-09,0.00201855
2021-02-10,-0.01210456
2021-02-11,-0.00837352
2021-02-12,0.00805522
2021-02-15,0.00843292
2021-02-16,0.00506107
2021-02-17,-0.00478001
2021-02-18,0.01007488
2021-02-19,-0.01488271
2021-02-22,-0.01045508
2021-02-23,-0.00278849
2021-02-24,0.00432026
2021-02-25,-0.01263145
2021-02-26,0.00690066
2021-03-01,-0.00261829
2021-03-02,-0.00211968
2021-03-03,-0.00499108
2021-03-04,0.00968341
2021-03-05,-0.00701768
2021-03-08,-0.01301389
2021-03-09,0.00288672
2021-03-10,0.00521202
2021-03-11,0.00159084
2021-03-12,-0.01963632
2021-03-15,0.00468849
2021-03-16,-0.00469672
2021-03-17,-0.00989618
2021-03-18,0.0059255
2021-03-19,0.01192068
2021-03-22,-0.01001718
2021-03-23,-0.00068106
2021-03-24,-0.00779678
2021-03-25,0.00080668
2021-03-26,-0.00115199
2021-03-29,0.00546274
2021-03-30,-0.00375362
2021-03-31,-0.01150652
2021-04-01,0.00352506
2021-04-02,0.00212081
2021-04-05,0.00946403
2021-04-06,-0.00925501
2021-04-07,0.0003741
2021-04-08,0.01340458
2021-04-09,-0.00158514
2021-04-12,0.00699118
2021-04-13,0.00322545
2021-04-14,0.00468654
2021-04-15,-0.00512268
2021-04-16,-0.00816482
2021-04-19,-0.01069393
2021-04-20,-0.00643334
2021-04-21,0.00394668
2021-04-22,0.00944468
2021-04-23,-0.00469959
2021-04-26,0.00196764
2021-04-27,0.00607553
2021-04-28,-0.011887
2021-04-29,-0.0020268
2021-04-30,0.00936501
2021-05-03,0.00337124
2021-05-04,0.00047716
2021-05-05,0.00214117
2021-05-06,-0.00049279
2021-05-07,0.00844543
2021-05-10,0.00333197
2021-05-11,-0.00110712
2021-05-12,0.0073985
2021-05-13,0.00823244
2021-05-14,0.00267359
2021-05-17,0.00408356
2021-05-18,-0.0020237
2021-05-19,-0.00226208
2021-05-20,0.00401775
2021-05-21,0.00584081
2021-05-24,-0.00734689
2021-05-25,0.00149739
2021-05-26,-0.00251465
2021-05-27,-0.00395555
2021-05-28,-0.00649136
2021-05-31,-0.00724566
2021-06-01,-0.00638139
2021-06-02,0.00110443
2021-06-03,0.00239701
2021-06-04,0.00474909
2021-06-07,-0.00340372
2021-06-08,-0.00635222
2021-06-09,-0.00135148
2021-06-10,0.01824435
2021-06-11,-0.00308237
2021-06-14,-0.00818183
2021-06-15,-0.01142563
2021-06-16,0.00155351
2021-06-17,0.01043884
2021-06-18,-0.00282946
2021-06-21,0.01230909
2021-06-22,-0.00533288
2021-06-23,-0.00754642
2021-06-24,-0.00252505
2021-06-25,0.00956549
2021-06-28,-0.00299331
2021-06-29,-0.00389407
2021-06-30,-0.000192
2021-07-01,0.0096056
2021-07-02,0.00356178
2021-07-05,0.00244327
2021-07-06,-0.01227184
2021-07-07,-0.00197269
2021-07-08,0.00288724
2021-07-09,0.00541774
2021-07-12,0.00580963
2021-07-13,-0.00901658
2021-07-14,0.00866717
2021-07-15,-0.0055988
2021-07-16,0.01030199
2021-07-19,-0.01537958
2021-07-20,0.00657041
2021-07-21,0.0015117
2021-07-22,0.01886675
2021-07-23,-6.857e-05
2021-07-26,-0.02027977
2021-07-27,0.00648219
2021-07-28,-0.00400606
2021-07-29,-0.00663738
2021-07-30,0.01453166
2021-08-02,0.00900768
2021-08-03,0.00330034
2021-08-04,0.00194469
2021-08-05,0.00523044
2021-08-06,0.01818598
2021-08-09,0.02755216
2021-08-10,-0.00344484
2021-08-11,-0.01267532
2021-08-12,-0.02035342
2021-08-13,-0.01306601
2021-08-16,0.00290541
2021-08-17,-0.01393047
2021-08-18,-0.00074646
2021-08-19,-0.00247519
2021-08-20,0.02405775
2021-08-23,0.00060303
2021-08-24,0.00721877
2021-08-25,0.01278158
2021-08-26,-0.02349278
2021-08-27,0.01451251
2021-08-30,0.00364749
2021-08-31,0.00887978
2021-09-01,-0.00247643
2021-09-02,0.01627197
2021-09-03,-0.00212013
2021-09-06,0.00454738
2021-09-07,0.02036591
2021-09-08,0.01871504
2021-09-09,-0.01540968
2021-09-10,-0.00701138
2021-09-13,0.00054136
2021-09-14,-0.00274861
2021-09-15,0.0010589
2021-09-16,0.01124117
2021-09-17,0.00880771
2021-09-20,0.00772405
2021-09-21,0.01122942
2021-09-22,-0.01154739
2021-09-23,-0.00460183
2021-09-24,0.01397265
2021-09-27,-0.00990425
2021-09-28,-0.01315325
2021-09-29,-0.00448268
2021-09-30,-0.01185997
2021-10-01,-0.00387518
2021-10-04,0.0130046
2021-10-05,0.00161108
2021-10-06,0.00070535
2021-10-07,-0.00918697
2021-10-08,-0.01262334
2021-10-11,0.01248256
2021-10-12,-0.01973487
2021-10-13,-0.0122849
2021-10-14,0.01955263
2021-10-15,0.00013047
2021-10-18,-0.01399788
2021-10-19,0.01618548
2021-10-20,-0.00420786
2021-10-21,0.00117281
2021-10-22,0.01321303
2021-10-25,-0.0060709
2021-10-26,-0.02125835
2021-10-27,0.00108394
2021-10-28,0.01790048
2021-10-29,0.00568497
2021-11-01,0.00583789
2021-11-02,-0.00913984
2021-11-03,0.00387916
2021-11-04,0.01915042
2021-11-05,0.01606058
2021-11-08,-0.00080578
2021-11-09,0.01430593
2021-11-10,-0.00236267
2021-11-11,0.01782656
2021-11-12,-0.01540628
2021-11-15,0.0024656
2021-11-16,-0.02678288
2021-11-17,-0.00375566
2021-11-18,0.04292765
2021-11-19,-0.00317726
2021-11-22,0.02732948
2021-11-23,0.0108292
2021-11-24,0.02845443
2021-11-25,-0.00843644
2021-11-26,-0.00784924
2021-11-29,-0.00075009
2021-11-30,0.00217413
2021-12-01,0.00131828
2021-12-02,0.00838177
2021-12-03,-0.01114354
2021-12-06,0.00961804
2021-12-07,0.01889572
2021-12-08,-0.01149316
2021-12-09,-0.0135091
2021-12-10,0.01218934
2021-12-13,0.00307982
2021-12-14,0.01239327
2021-12-15,-0.01299934
2021-12-16,-0.00462058
2021-12-17,0.0064116
2021-12-20,-0.00704011
2021-12-21,0.00400323
2021-12-22,0.00140405
2021-12-23,-0.00805743
2021-12-24,-0.0028026
2021-12-27,-0.00901853
2021-12-28,-0.01192067
2021-12-29,-0.00653508
2021-12-30,0.01597471
2021-12-31,-0.00026005
2022-01-03,0.00391637
2022-01-04,-0.00512
2022-01-05,-0.00365216
2022-01-06,0.00056509
2022-01-07,-0.01575535
2022-01-10,-0.01433076
2022-01-11,-0.01092637
2022-01-12,0.0135688
2022-01-13,0.00746293
2022-01-14,-0.01312673
2022-01-17,-0.00733121
2022-01-18,0.00694063
2022-01-19,-0.00304689
2022-01-20,0.0176954
2022-01-21,0.00508127
2022-01-24,-0.00263377
2022-01-25,0.0037241
2022-01-26,0.00949257
2022-01-27,0.00386564
2022-01-28,-0.00358346
2022-01-31,0.00988271
2022-02-01,0.01010316
2022-02-02,0.002714
2022-02-03,0.00974336
2022-02-04,0.00996307
2022-02-07,0.00728335
2022-02-08,-0.01090869
2022-02-09,-0.01451709
2022-02-10,0.00220673
2022-02-11,0.00741814
2022-02-14,0.00022309
2022-02-15,-0.00743033
2022-02-16,0.00363749
2022-02-17,-0.00768368
2022-02-18,-0.00592727
2022-02-21,0.00051205
2022-02-22,0.00593135
2022-02-23,0.00585694
2022-02-24,-0.00160093
2022-02-25,0.00027613
2022-02-28,0.0110636
2022-03-01,-0.01317503
2022-03-02,0.00265357
2022-03-03,0.00548609
2022-03-04,0.00822144
2022-03-07,0.00130698
2022-03-08,-0.0023517
2022-03-09,0.01119406
2022-03-10,-0.00150476
2022-03-11,0.00086476
2022-03-14,0.01350102
2022-03-15,0.00345637
2022-03-16,-0.00118543
2022-03-17,-0.00323901
2022-03-18,0.00649292
2022-03-21,-0.01428778
2022-03-22,-0.00376714
2022-03-23,0.0005928
2022-03-24,0.00211489
2022-03-25,-0.01446222
2022-03-28,-0.00323383
2022-03-29,0.0038237
2022-03-30,-0.00770292
2022-03-31,-0.00623325
2022-04-01,-0.01223827
2022-04-04,0.01076449
2022-04-05,0.01200934
2022-04-06,0.01245703
2022-04-07,-0.00607575
2022-04-08,0.00107452
2022-04-11,0.00530653
2022-04-12,0.01200202
2022-04-13,-0.00718346
2022-04-14,0.00891919
2022-04-15,0.00431533
2022-04-18,0.0086808
2022-04-19,0.00793974
2022-04-20,-0.00343448
2022-04-21,0.00379896
2022-04-22,-0.00312888
2022-04-25,-0.01017381
2022-04-26,0.00235284
2022-04-27,-0.01244036
2022-04-28,0.01283715
2022-04-29,0.00711348
2022-05-02,-0.00279492
2022-05-03,0.00559587
2022-05-04,-0.00213925
2022-05-05,0.00206959
2022-05-06,-0.00711157
2022-05-09,0.00831441
2022-05-10,-0.00842712
2022-05-11,-0.00586378
2022-05-12,0.02164232
2022-05-13,0.00793729
2022-05-16,-0.00687138
2022-05-17,0.00811693
2022-05-18,-0.01132174
2022-05-19,-0.00046172
2022-05-20,-0.00744122
2022-05-23,-0.00544044
2022-05-24,0.00056224
2022-05-25,0.00545817
2022-05-26,0.00914304
2022-05-27,-0.00111506
2022-05-30,-0.01316554
2022-05-31,0.00307475
2022-06-01,0.00175818
2022-06-02,0.01119614
2022-06-03,0.00369859
2022-06-06,0.01637283
2022-06-07,0.01067933
2022-06-08,-0.00106134
2022-06-09,0.00514764
2022-06-10,0.00095994
2022-06-13,0.01672324
2022-06-14,-0.00847527
2022-06-15,-0.00084725
2022-06-16,0.00665965
2022-06-17,-0.00864816
2022-06-20,0.00917544
2022-06-21,-0.01339157
2022-06-22,0.01185419
2022-06-23,0.00440616
2022-06-24,-0.00086393
2022-06-27,0.00057497
2022-06-28,-0.0094437
2022-06-29,0.00851608
2022-06-30,0.00760921
2022-07-01,-0.00908403
2022-07-04,0.00399916
2022-07-05,4.32e-06
2022-07-06,0.00063543
2022-07-07,-0.00893335
2022-07-08,0.01481374
2022-07-11,0.01011193
2022-07-12,-0.00390925
2022-07-13,0.00137928
2022-07-14,0.01647814
2022-07-15,0.00105537
2022-07-18,-8.422e-05
2022-07-19,0.00499485
2022-07-20,0.00677333
2022-07-21,0.00015484
2022-07-22,0.00150869
2022-07-25,0.00849291
2022-07-26,-0.00293072
2022-07-27,-0.00386215
2022-07-28,0.00070692
2022-07-29,-0.01339728
2022-08-01,-0.00807277
2022-08-02,0.00329333
2022-08-03,-0.00624322
2022-08-04,0.00228606
2022-08-05,-0.00218469
2022-08-08,-0.00013277
2022-08-09,-0.01050698
2022-08-10,-0.01168287
2022-08-11,-0.01313541
2022-08-12,0.01024678
2022-08-15,-0.00347451
2022-08-16,0.00146212
2022-08-17,0.00603622
2022-08-18,0.00677328
2022-08-19,-0.00489612
2022-08-22,-0.0127422
2022-08-23,-0.00627403
2022-08-24,-0.00210546
2022-08-25,-0.00377465
2022-08-26,-0.00135791
2022-08-29,-0.01479294
2022-08-30,-0.00620473
2022-08-31,-0.0104264
2022-09-01,0.00859354
2022-09-02,-0.00915849
2022-09-05,-0.01681142
2022-09-06,0.00297475
2022-09-07,0.01187587
2022-09-08,0.00803634
2022-09-09,0.00714105
2022-09-12,0.00517476
2022-09-13,0.00019163
2022-09-14,-0.00139444
2022-09-15,-0.00906294
2022-09-16,0.00236887
2022-09-19,0.00892329
2022-09-20,0.00767757
2022-09-21,-0.01028216
2022-09-22,0.00923426
2022-09-23,-0.00183102
2022-09-26,0.00357613
2022-09-27,0.00580054
2022-09-28,-0.00723192
2022-09-29,-0.00187124
2022-09-30,0.00449338
2022-10-03,-0.00749259
2022-10-04,-0.00414475
2022-10-05,0.0020677
2022-10-06,-0.01369756
2022-10-07,-0.01306698
2022-10-10,-0.00522998
2022-10-11,-0.01234208
2022-10-12,-0.00705805
2022-10-13,0.01062714
2022-10-14,0.00291937
2022-10-17,0.00721453
2022-10-18,-0.00938086
2022-10-19,0.00639052
2022-10-20,-0.00156745
2022-10-21,0.0096296
2022-10-24,-0.0048806
2022-10-25,0.00228133
2022-10-26,0.00345323
2022-10-27,0.01357215
2022-10-28,0.00405295
2022-10-31,-0.00696594
2022-11-01,0.00179215
2022-11-02,0.01444979
2022-11-03,-0.00616772
2022-11-04,-0.01278085
2022-11-07,-0.00557093
2022-11-08,0.00734744
2022-11-09,-0.01459551
2022-11-10,-0.01011736
2022-11-11,0.02143765
2022-11-14,-0.00360319
2022-11-15,-0.00278808
2022-11-16,0.00196971
2022-11-17,0.00145173
2022-11-18,-0.00652762
2022-11-21,-0.00291336
2022-11-22,-0.01485523
2022-11-23,0.00435573
2022-11-24,0.00133011
2022-11-25,0.01836817
2022-11-28,-0.00744775
2022-11-29,-0.00536231
2022-11-30,-0.00696887
2022-12-01,-0.00334674
2022-12-02,0.00543379
2022-12-05,0.00875567
2022-12-06,-0.00378698
2022-12-07,-0.00134679
2022-12-08,-0.00585636
2022-12-09,0.00734634
2022-12-12,-0.0086978
2022-12-13,-0.00669192
2022-12-14,-0.00109754
2022-12-15,0.0003613
2022-12-16,-0.01003199
2022-12-19,-0.00475871
2022-12-20,-0.00238822
2022-12-21,0.00364938
2022-12-22,-0.00530498
2022-12-23,-0.0049058
2022-12-26,0.01272336
2022-12-27,0.00695846
2022-12-28,0.01536837
2022-12-29,0.01432325
2022-12-30,0.00558491
2023-01-02,0.00831595
2023-01-03,-0.01615116
2023-01-04,-0.0126506
2023-01-05,-0.00385083
2023-01-06,0.0079437
2023-01-09,0.00066514
2023-01-10,-0.00628235
2023-01-11,-0.0115378
2023-01-12,0.0118352
2023-01-13,-0.01117415
2023-01-16,0.00091081
2023-01-17,9.801e-05
2023-01-18,-0.00338271
2023-01-19,0.00067029
2023-01-20,0.00134502
2023-01-23,0.01197406
2023-01-24,-0.008214
2023-01-25,-0.00297773
2023-01-26,-0.00877621
2023-01-27,0.01058215
2023-01-30,0.00588404
2023-01-31,0.00182558
2023-02-01,0.00077472
2023-02-02,-0.00182825
2023-02-03,0.00272988
2023-02-06,0.00616386
2023-02-07,0.00511938
2023-02-08,0.00012588
2023-02-09,0.00590331
2023-02-10,-0.00029531
2023-02-13,-0.01466994
2023-02-14,0.00859576
2023-02-15,-0.00329579
2023-02-16,-0.00415636
2023-02-17,0.00395037
2023-02-20,-0.00019887
2023-02-21,-0.00220517
2023-02-22,-0.00065438
2023-02-23,0.00433524
2023-02-24,0.00051561
2023-02-27,-0.00062919
2023-02-28,-0.00649235
2023-03-01,0.00603835
2023-03-02,-0.00687816
2023-03-03,-0.00445277
2023-03-06,0.00281641
2023-03-07,-0.00229588
2023-03-08,0.00233668
2023-03-09,-0.00647331
2023-03-10,-0.0007591
2023-03-13,0.00412222
2023-03-14,0.00697437
2023-03-15,-0.00165924
2023-03-16,0.00139946
2023-03-17,0.00252408
2023-03-20,0.01152087
2023-03-21,-0.00589603
2023-03-22,0.01015104
2023-03-23,-0.0057783
2023-03-24,0.00224058
2023-03-27,0.00730253
2023-03-28,-0.00813932
2023-03-29,0.00404093
2023-03-30,-0.01066503
2023-03-31,0.0047612
2023-04-03,0.00138328
2023-04-04,0.0127377
2023-04-05,0.00265985
2023-04-06,0.00412809
2023-04-07,-0.00134179
2023-04-10,0.00812063
2023-04-11,-0.00381691
2023-04-12,-0.00623384
2023-04-13,4.062e-05
2023-04-14,0.00423644
2023-04-17,0.00396988
2023-04-18,-0.00016549
2023-04-19,-0.00215714
2023-04-20,-0.0085652
2023-04-21,-0.00864404
2023-04-24,-0.00041209
2023-04-25,0.00445047
2023-04-26,0.00982708
2023-04-27,0.00753018
2023-04-28,0.00545928
2023-05-01,-0.00173296
2023-05-02,-0.00812833
2023-05-03,-0.00111624
2023-05-04,-0.00355352
2023-05-05,-0.00291919
2023-05-08,0.00446905
2023-05-09,-0.0025244
2023-05-10,-0.00188733
2023-05-11,0.00114662
2023-05-12,0.00217345
2023-05-15,0.00160622
2023-05-16,0.00657348
2023-05-17,-0.0074758
2023-05-18,0.01025039
2023-05-19,-0.00189511
2023-05-22,-0.00583469
2023-05-23,0.00746599
2023-05-24,-0.013022
2023-05-25,0.00208182
2023-05-26,-0.0146303
2023-05-29,0.00927372
2023-05-30,-0.00491628
2023-05-31,0.0251283
2023-06-01,-0.01197922
2023-06-02,0.0181852
2023-06-05,-0.00211564
2023-06-06,-0.00102172
2023-06-07,-0.00617953
2023-06-08,-0.00669654
2023-06-09,-0.00347865
2023-06-12,0.01423081
2023-06-13,0.0078557
2023-06-14,0.00687766
2023-06-15,-0.00987465
2023-06-16,0.00152814
2023-06-19,0.00697491
2023-06-20,-0.01024373
2023-06-21,0.00766914
2023-06-22,0.01207391
2023-06-23,0.00312607
2023-06-26,0.00118975
2023-06-27,0.00492274
2023-06-28,-0.0060186
2023-06-29,0.00914514
2023-06-30,0.01628107
2023-07-03,-0.00075297
2023-07-04,0.00267286
2023-07-05,-0.00320216
2023-07-06,-0.00316589
2023-07-07,-0.00381259
2023-07-10,-0.00609031
2023-07-11,0.00833569
2023-07-12,-0.00202338
2023-07-13,-0.00071685
2023-07-14,0.00111385
2023-07-17,-0.00656086
2023-07-18,0.00730754
2023-07-19,0.00640281
2023-07-20,0.00995832
2023-07-21,-0.01018937
2023-07-24,0.00208858
2023-07-25,0.01024407
2023-07-26,-0.01258186
2023-07-27,-0.00411481
2023-07-28,-0.00935282
2023-07-31,0.00087834
2023-08-01,0.0031909
2023-08-02,0.00181616
