date,usd_eur,usd_gbp,usd_jpy
2016-01-04,-0.00142029,-0.0055387,-0.00156155
2016-01-05,-0.00012366,-0.0004536,-0.00271612
2016-01-06,-0.00492338,-0.00727617,-0.00117276
2016-01-07,-0.0014509,-0.00443778,-0.00420695
2016-01-08,0.00360757,0.00302442,0.00346207
2016-01-11,0.00132101,-0.00741806,-0.00129796
2016-01-12,0.00215177,0.00305778,0.00230869
2016-01-13,-0.00023461,-0.00488216,-0.00819183
2016-01-14,0.00400999,0.0077537,0.00348153
2016-01-15,0.00135245,0.00254378,0.00327691
2016-01-18,0.00866238,0.00248705,0.00217875
2016-01-19,-0.00438683,-0.00196624,-0.00092808
2016-01-20,0.00882733,0.0072736,-0.003267
2016-01-21,-0.00066339,0.00139596,0.00070012
2016-01-22,0.00473327,-0.0040028,0.00084406
2016-01-25,0.00078584,-0.00371278,-0.0028503
2016-01-26,-0.00224165,-0.00134078,-0.00789671
2016-01-27,0.00049591,-0.00753671,-0.00204171
2016-01-28,-0.00939854,-0.00197637,0.00033472
2016-01-29,0.00139445,0.0056283,0.00334819
2016-02-01,0.00563039,0.00700383,0.00112246
2016-02-02,-0.00360323,0.0051957,-0.00069602
2016-02-03,0.00495503,0.01056083,0.00273951
2016-02-04,-0.00059447,-0.0062791,-0.00705905
2016-02-05,0.00598398,-0.00016003,-7.62e-06
2016-02-08,-0.0034831,-0.00292482,-0.00019073
2016-02-09,0.00133278,-0.0024487,-0.00404571
2016-02-10,0.00671978,0.00154244,0.00472789
2016-02-11,-0.00074178,0.0060852,-0.00496305
2016-02-12,-0.00133279,-0.00106489,0.0025919
2016-02-15,-0.00037484,-0.00376138,0.00220333
2016-02-16,0.00303315,0.00476471,0.0044394
2016-02-17,-0.00816181,-0.00227977,-0.0037701
2016-02-18,-0.00132462,-0.00385957,0.0054988
2016-02-19,0.00345343,0.00792964,0.00195477
2016-02-22,0.00139834,0.00608874,-0.00062453
2016-02-23,0.01310773,0.01186607,0.00462968
2016-02-24,0.00589364,0.00591793,-0.0019352
2016-02-25,-0.00050565,-0.00407879,0.0031017
2016-02-26,0.00031511,-0.01051079,-0.00836446
2016-02-29,0.00092797,-0.00119985,-0.00076576
2016-03-01,-0.01112724,-0.01321429,0.00082026
2016-03-02,-0.00098579,-0.00337547,0.00498993
2016-03-03,-0.00413853,-0.001705,-0.00024995
2016-03-04,-0.00435403,-0.00518125,0.00297282
2016-03-07,0.0016152,0.00088952,0.0051907
2016-03-08,-0.00492577,-0.00269037,-0.00604078
2016-03-09,-0.00080125,0.00648938,0.00697763
2016-03-10,0.00652346,0.00482812,0.00144427
2016-03-11,0.00312755,-0.00425592,-0.00019461
2016-03-14,0.00162805,0.00042223,-0.00224078
2016-03-15,-0.00075671,-0.00447259,-0.00065375
2016-03-16,0.00242008,0.00431983,-0.00201343
2016-03-17,-0.0036403,-0.00422121,-0.00464819
2016-03-18,-0.00164691,-0.00981662,-0.0044814
2016-03-21,-0.00027215,-0.00054681,3.394e-05
2016-03-22,0.00447363,0.00315788,-0.00065802
2016-03-23,0.00319377,0.00454213,0.002461
2016-03-24,0.00164372,0.0030308,0.00250379
2016-03-25,0.00120296,-0.00368944,0.0009656
2016-03-28,0.00937943,0.01026,0.00241324
2016-03-29,0.00482454,0.00826684,0.00984714
2016-03-30,-0.00733796,-0.00577821,-0.002893
2016-03-31,-0.00026511,-0.0047192,0.00956
2016-04-01,0.007985,0.00813827,0.00035845
2016-04-04,0.00074183,-0.00705124,-0.00912514
2016-04-05,-5.923e-05,-0.00375482,-0.004699
2016-04-06,-0.00184058,0.00252693,0.00023497
2016-04-07,-0.00220342,-0.00064546,-0.00568188
2016-04-08,0.00067157,-0.00051355,5.26e-06
2016-04-11,0.00333945,0.00336618,-8.006e-05
2016-04-12,-0.00101896,0.00056553,0.00690121
2016-04-13,-0.00550159,0.00022462,-0.00331933
2016-04-14,-0.00264823,-0.00026347,0.00422863
2016-04-15,-0.00203991,-0.00235957,0.0033549
2016-04-18,-0.0054387,0.00820128,0.00207386
2016-04-19,-0.00083946,0.00773694,-0.00140423
2016-04-20,-0.00250903,-0.00391155,-0.00299336
2016-04-21,1.575e-05,-0.00299285,0.00409997
2016-04-22,0.00465604,0.00434576,0.00347622
2016-04-25,0.00186508,-0.00564121,-0.00252413
2016-04-26,0.00348291,-0.00531192,0.00409544
2016-04-27,-0.004265,-0.00160122,-0.00394421
2016-04-28,0.00010335,0.00275355,0.00321384
2016-04-29,0.00137023,-0.0018678,-0.00165942
2016-05-02,0.00288358,0.0044818,0.002287
2016-05-03,-0.00371868,-0.00048648,-0.00141625
2016-05-04,-0.00776515,-0.0078913,0.00243327
2016-05-05,-0.00281764,0.00306545,0.001493
2016-05-06,0.00221644,0.00313272,0.00069526
2016-05-09,0.00890766,0.00084456,-0.00376194
2016-05-10,0.00037738,0.00293937,-0.00054349
2016-05-11,-0.00462346,-0.00151125,-0.00156426
2016-05-12,0.00458672,0.00700814,0.00202954
2016-05-13,-0.00050521,-0.00527499,8.649e-05
2016-05-16,-0.00632753,-0.00862542,-0.01089541
2016-05-17,0.00325423,-0.00256343,-0.00400249
2016-05-18,-0.00296104,0.00239491,0.00100658
2016-05-19,-0.00075227,0.00163816,0.00220695
2016-05-20,-0.00479482,-0.00252878,0.0024834
2016-05-23,-0.00544124,-0.00018947,-0.00081983
2016-05-24,-0.00772028,-0.00956342,-0.00255525
2016-05-25,0.0066862,0.00393748,-0.00087225
2016-05-26,0.00391887,0.00312136,-0.00028506
2016-05-27,-0.0011806,0.00133684,-0.00109673
2016-05-30,-0.00207473,-0.00392919,0.00039938
2016-05-31,-0.00656524,-0.00241583,-0.00278172
2016-06-01,0.00358211,0.00147662,-0.00445186
2016-06-02,0.00456824,0.00503501,0.00240764
2016-06-03,-0.00373087,0.00260396,-0.00186533
2016-06-06,0.00680057,0.00496117,0.00659766
2016-06-07,-0.00421374,-0.01061636,-0.00658813
2016-06-08,-0.00222332,-0.00526206,-0.00330826
2016-06-09,0.00039595,0.00020065,0.0007477
2016-06-10,-0.00192291,0.0010865,0.00338974
2016-06-13,-0.00494631,0.00127795,-0.00356074
2016-06-14,0.00720478,0.00591724,0.00010827
2016-06-15,-0.00238204,-0.00698739,-0.00084344
2016-06-16,-0.00021087,0.00653738,-0.00170416
2016-06-17,0.00954296,0.00897549,0.00205978
2016-06-20,-0.00281358,0.00770275,0.00366389
2016-06-21,0.00489349,0.01102002,0.00418188
2016-06-22,0.00159104,0.00443306,0.00303481
2016-06-23,0.00357406,-4.45e-06,-0.00348676
2016-06-24,0.00098893,0.00062616,-0.0037753
2016-06-27,-0.0035154,-0.00076876,-0.00099186
2016-06-28,-0.00182127,-0.00198838,3.172e-05
2016-06-29,-0.00509311,0.00161755,-0.00195427
2016-06-30,-0.00627334,-0.01830177,0.00364558
2016-07-01,-0.00614909,-0.00319423,-0.00449653
2016-07-04,-0.00806816,-0.00611084,-0.00014702
2016-07-05,0.00278741,-0.0026931,-0.00226823
2016-07-06,0.00613747,0.00149573,0.00361085
2016-07-07,-0.00158891,0.00039462,-0.00120574
2016-07-08,0.0074051,-0.00398217,0.0004766
2016-07-11,0.00445119,0.0033711,0.00269549
2016-07-12,0.00863152,0.00240153,0.00352119
2016-07-13,-0.00122652,-0.00336884,0.00027253
2016-07-14,0.00784388,0.00853059,0.00566892
2016-07-15,-0.00564994,-0.0115996,-0.00238337
2016-07-18,0.00452198,0.00491457,0.00683458
2016-07-19,-0.00631147,-0.00320798,-0.00601401
2016-07-20,-0.00578555,-0.00321903,0.00129474
2016-07-21,-0.00087759,-0.00119252,0.00133063
2016-07-22,0.00243222,0.00072229,0.00352512
2016-07-25,0.00388713,0.00394545,0.00703302
2016-07-26,-0.00837857,-0.00877349,-0.00425663
2016-07-27,-0.00503965,-0.00915893,-0.00030893
2016-07-28,-0.00543109,-0.00234382,0.00024724
2016-07-29,0.00429981,0.01061634,0.01056704
2016-08-01,-0.00509096,0.00073326,-4.597e-05
2016-08-02,0.00356193,0.00133896,0.00293647
2016-08-03,0.00048091,0.0022646,0.00330914
2016-08-04,0.00212426,0.00173504,0.00335675
2016-08-05,0.00749785,0.00983281,0.00478045
2016-08-08,0.00278961,0.00445337,-7.66e-06
2016-08-09,-0.00201037,0.00389081,-0.00223454
2016-08-10,-0.00232727,-0.00402932,0.00040803
2016-08-11,0.00585281,0.00167907,0.00734172
2016-08-12,-0.00025379,0.00211022,0.00320201
2016-08-15,0.00462168,0.005729,0.00104378
2016-08-16,-0.00321942,0.00858716,0.00462849
2016-08-17,-0.01518642,-0.00261669,-0.00110442
2016-08-18,-0.00320664,-0.00656621,0.00502047
2016-08-19,0.00649133,-7.584e-05,-0.00270624
2016-08-22,0.00320158,0.00041707,0.00363976
2016-08-23,-0.00222419,-0.00557579,-0.00834559
2016-08-24,-0.00099349,-0.00649973,-0.0010486
2016-08-25,-0.00040975,0.00531901,-0.00100338
2016-08-26,-0.01562058,-0.01586627,-0.00954916
2016-08-29,-0.00242564,-0.00068947,-0.00322788
2016-08-30,0.00208298,0.00318284,-0.00147628
2016-08-31,0.00258173,0.01112033,0.00649711
2016-09-01,-0.00675635,0.00127587,-0.00573579
2016-09-02,0.00285383,0.01139429,-0.00257586
2016-09-05,0.0049665,0.00871154,0.00225836
2016-09-06,-0.00358574,-0.00127023,-0.0004304
2016-09-07,0.00990561,0.00403981,0.00136172
2016-09-08,-0.00314336,0.00559602,0.00074938
2016-09-09,-0.00180115,-0.00133587,-0.00138425
2016-09-12,-0.00828894,-0.00366396,-0.00529689
2016-09-13,0.00729333,0.01372539,0.0089973
2016-09-14,0.00616423,0.00789841,0.00420409
2016-09-15,-0.00496618,0.00218851,0.00268419
2016-09-16,-0.00540702,-0.01015034,-0.00298132
2016-09-19,-0.00100234,-0.00645205,-0.00128821
2016-09-20,-0.00446355,-0.00793012,-0.00253474
2016-09-21,0.00262998,0.00273909,-0.00125167
2016-09-22,-0.00077287,-0.000982,0.00369467
2016-09-23,0.00586439,0.00470786,-0.002976
2016-09-26,-0.00047171,-0.00171389,-0.00123919
2016-09-27,0.00474695,0.00730943,0.00364784
2016-09-28,-0.00221,-0.00656022,-0.00211262
2016-09-29,0.00363429,-0.00565564,-0.00579033
2016-09-30,0.00860012,0.00224871,0.00205126
2016-10-03,0.00248356,0.0047274,0.00273697
2016-10-04,-0.00687031,-0.0097326,-0.00859543
2016-10-05,-0.00758055,-0.00156827,-0.00228573
2016-10-06,-0.00250736,0.00382157,0.00409328
2016-10-07,0.00292891,0.00795758,0.00236032
2016-10-10,0.01148136,0.00844678,-0.00094644
2016-10-11,0.00432862,0.00916215,0.00702599
2016-10-12,-0.00057292,0.00165109,-0.00059097
2016-10-13,-0.00028636,-0.00440504,0.00032479
2016-10-14,0.00099379,0.00040626,0.00373046
2016-10-17,0.00701863,0.00215075,0.00574918
2016-10-18,-0.00566296,-0.01247106,-0.00496921
2016-10-19,-0.00635003,-0.00185442,0.00334414
2016-10-20,-0.00744137,-0.00321193,-0.00171532
2016-10-21,0.00295128,0.00588904,0.00499174
2016-10-24,0.00326963,-0.00369476,-0.00483507
2016-10-25,0.00518686,0.00932527,0.00454102
2016-10-26,-0.00030933,-0.00729799,-0.00028034
2016-10-27,-0.00293387,-0.00809333,0.00089652
2016-10-28,0.00845408,0.0065863,0.00016955
2016-10-31,0.00534254,0.0048247,-0.00326808
2016-11-01,-0.00663388,0.000486,-0.00277443
2016-11-02,-0.00628203,-0.00046622,0.00273137
2016-11-03,-0.00494244,0.00081144,-0.00423081
2016-11-04,-0.00015831,0.00513662,-0.0003207
2016-11-07,0.00071811,-0.00658441,-0.00436044
2016-11-08,0.00319904,0.00529718,0.00330117
2016-11-09,0.00346823,0.00124981,0.00340689
2016-11-10,-0.00382983,-0.00792596,-0.00361197
2016-11-11,-0.00626478,0.00138805,0.00017993
2016-11-14,-0.00056759,-0.00627041,-0.00297805
2016-11-15,-0.00071724,-0.00417529,-0.00048621
2016-11-16,-0.00200152,-0.00410954,-0.00496346
2016-11-17,-0.00558316,0.00241114,-0.00259833
2016-11-18,-0.00795563,-0.00020509,-0.00316384
2016-11-21,0.0009224,-0.00028827,-0.00156136
2016-11-22,0.00216547,0.00254392,0.00580889
2016-11-23,-0.00690326,0.00051913,0.00031507
2016-11-24,0.00568617,-0.00286246,0.00184313
2016-11-25,0.00619903,0.00442008,0.00475012
2016-11-28,0.00988317,0.00433428,0.00836126
2016-11-29,-0.00559787,-0.00459827,0.00350099
2016-11-30,-0.00233729,0.00844859,0.00014028
2016-12-01,-0.00508134,-0.00395428,-0.00309208
2016-12-02,-0.00505545,0.0082711,0.00079255
2016-12-05,-0.00649352,-0.00584035,-0.00344353
2016-12-06,0.00527647,0.00669688,0.00369778
2016-12-07,0.0020935,-0.00334611,-0.00473389
2016-12-08,0.00064872,-0.00299873,-0.00338986
2016-12-09,0.00791282,0.01079169,0.00408012
2016-12-12,-0.00159095,-0.00206945,0.00192467
2016-12-13,-0.00148902,-0.00190418,-0.00188656
2016-12-14,-0.00264364,-0.00508705,-0.00785008
2016-12-15,0.00304941,0.00470817,-0.00024847
2016-12-16,-0.0035237,-0.00343551,0.00264194
2016-12-19,-0.00140381,-0.00285253,-0.00024278
2016-12-20,-0.00460374,-0.01135023,-0.00329516
2016-12-21,-0.0111563,-0.00959849,-0.00778721
2016-12-22,-0.00392315,-0.00447261,-0.00117522
2016-12-23,0.00130301,0.0041265,-0.00091058
2016-12-26,0.00985513,0.00709993,-0.00126337
2016-12-27,-0.00553041,-0.01019859,-0.00593297
2016-12-28,0.00994957,0.01722345,0.0037059
2016-12-29,-0.00099826,-0.00266575,0.00589929
2016-12-30,0.00421243,0.00760372,0.00189262
2017-01-02,-0.00282724,0.0054799,0.00538407
2017-01-03,-0.0006083,0.00033399,-0.00461885
2017-01-04,0.00518838,-0.00235972,-0.0006056
2017-01-05,0.0034265,-0.00446695,0.00245894
2017-01-06,0.01061135,-4.85e-06,0.00072945
2017-01-09,-0.01688963,-0.00707041,-0.00294079
2017-01-10,0.00750083,0.00334926,0.00110531
2017-01-11,0.002204,-0.00169887,0.00110619
2017-01-12,0.00168332,0.00354299,-0.00471707
2017-01-13,0.00449291,-0.00524455,0.0019693
2017-01-16,0.00060213,-0.00275995,-0.00027132
2017-01-17,0.01350295,0.00562294,0.00040125
2017-01-18,-0.00439655,-0.0042275,-0.00362512
2017-01-19,-0.0029419,-0.00495305,-0.00061275
2017-01-20,0.00402664,0.00524788,0.00361051
2017-01-23,0.0056513,-0.00602539,0.00145754
2017-01-24,-0.00075066,-0.00614929,-0.0008628
2017-01-25,0.00026171,-0.00139993,-0.0055359
2017-01-26,-0.00759636,-0.0021127,0.0042263
2017-01-27,-0.00301839,0.00096142,-0.00754782
2017-01-30,0.00355256,0.00460859,0.00362759
2017-01-31,0.00610537,-0.00013924,-0.00218569
2017-02-01,-0.00671222,-0.00481962,-0.00277394
2017-02-02,0.00697693,0.01227795,0.01219372
2017-02-03,-0.00551314,0.00343054,-0.00686474
2017-02-06,-0.00513405,-0.00985036,-0.0009602
2017-02-07,-0.00484997,-0.00335526,0.000128
2017-02-08,0.00697801,-0.00485046,0.00266452
2017-02-09,0.00262388,0.00498688,-0.00198699
2017-02-10,0.00553385,-0.00206266,-0.0008521
2017-02-13,0.00158162,0.00177429,-0.00201464
2017-02-14,-0.00283717,0.00140064,-0.00296759
2017-02-15,0.00280908,0.00333015,0.00168869
2017-02-16,0.00757428,-0.00047028,-0.00566956
2017-02-17,0.0043937,0.00228666,0.00019562
2017-02-20,-0.00016253,0.00834205,0.0060099
2017-02-21,0.00358429,-0.00415233,-0.00084354
2017-02-22,-0.00645488,-0.01524887,-0.00270454
2017-02-23,0.0028649,-0.00368319,-0.00093712
2017-02-24,-0.00162334,-0.00999323,-0.00297134
2017-02-27,0.00300022,-0.00437754,-0.00357853
2017-02-28,-0.00723018,-0.00483474,0.00188116
2017-03-01,0.00752922,0.00538701,-0.00170241
2017-03-02,0.00112286,-0.0030037,-0.00211438
2017-03-03,0.00448221,-0.00364548,-0.00213419
2017-03-06,-0.00482393,-0.00508419,0.00114652
2017-03-07,-0.00099532,0.00448865,0.00229641
2017-03-08,-0.00743032,-0.00474916,-0.00165107
2017-03-09,0.00332643,0.0014714,0.00376039
2017-03-10,0.00549809,0.00462876,-0.00231462
2017-03-13,-0.00343458,-0.00191944,-0.00454472
2017-03-14,-9.389e-05,0.00632491,0.00451718
2017-03-15,-0.00770428,-0.00340239,-0.007564
2017-03-16,-0.00460637,-0.00621155,-0.00073645
2017-03-17,-0.00202346,0.0013079,0.00325539
2017-03-20,5.383e-05,0.00234058,0.00101723
2017-03-21,-0.00284172,-0.00760493,-0.00225589
2017-03-22,0.0103483,0.00818423,0.0053484
2017-03-23,-0.00932899,-0.00840669,0.00056553
2017-03-24,-0.00433589,-0.00089551,0.00339903
2017-03-27,0.00124275,0.00769369,0.00624475
2017-03-28,0.00276055,-0.00439462,0.00402712
2017-03-29,-0.00575728,-0.01005646,-0.0125383
2017-03-30,0.00071257,-0.00048659,-0.0078561
2017-03-31,0.00667233,0.00397376,0.00448227
2017-04-03,0.00282492,0.00746648,0.00565724
2017-04-04,-0.00197628,0.0003093,0.00223743
2017-04-05,0.00183532,-0.0072379,-0.00624867
2017-04-06,-0.00810285,-0.00183705,0.00012743
2017-04-07,0.00341351,-0.00212551,-0.00084413
2017-04-10,-0.0002228,-0.00434868,-0.00079526
2017-04-11,0.00352221,-0.00296327,-0.00418928
2017-04-12,0.00922021,0.00966684,0.00576211
2017-04-13,-0.00408201,-0.00966638,-0.00089608
2017-04-14,0.00190451,-0.00019518,-0.00459288
2017-04-17,0.00123879,0.00316198,-0.00376019
2017-04-18,0.00480153,0.01140874,-0.00512622
2017-04-19,0.0095004,-0.0003974,0.00363512
2017-04-20,-1.283e-05,0.00251923,0.00604576
2017-04-21,0.0033675,0.00394649,0.00350941
2017-04-24,-0.01788561,-0.00980822,0.00043384
2017-04-25,-0.00288469,-0.00771817,-0.00223406
2017-04-26,-0.00315345,-0.00544946,-0.00363383
2017-04-27,0.01103812,0.00747956,-0.00015351
2017-04-28,0.00072217,-0.00506804,-3.541e-05
2017-05-01,-0.00284135,-0.00600429,-0.00285873
2017-05-02,0.00334262,-0.00096144,0.00076754
2017-05-03,0.00782638,0.00612525,-0.00110318
2017-05-04,-0.00109902,0.00322844,0.00033192
2017-05-05,0.0018335,0.00571687,-0.00251771
2017-05-08,-0.0045409,-0.01160312,-0.00339523
2017-05-09,3.196e-05,-0.00771515,-0.00228685
2017-05-10,-0.01025982,-0.01034043,0.00171393
2017-05-11,0.00479639,-0.00326612,0.00136514
2017-05-12,-0.00610121,-0.00708139,-0.00754803
2017-05-15,0.00624268,0.00949833,0.00130949
2017-05-16,-0.00170166,-0.00799955,0.00085907
2017-05-17,0.00212382,0.00046931,0.00935411
2017-05-18,-0.00457226,-0.00684233,0.0035351
2017-05-19,0.01102699,0.00663983,0.00012348
2017-05-22,-0.001669,-0.00348403,-0.00597076
2017-05-23,0.00280485,0.00505764,0.00454352
2017-05-24,0.00261881,0.00064626,0.00585699
2017-05-25,0.00122728,-0.0097678,0.00049063
2017-05-26,0.00556476,0.00120511,-0.00137028
2017-05-29,-0.0055567,0.00832692,0.00230851
2017-05-30,-0.00197422,0.00115799,-0.00188589
2017-05-31,-0.00146449,0.00167063,-0.00327391
2017-06-01,-0.00191082,-0.00484176,-0.00617497
2017-06-02,0.00587357,0.0088757,0.00176448
2017-06-05,0.00154331,0.00349735,0.00280659
2017-06-06,0.0039297,0.01489833,0.00048234
2017-06-07,0.00540819,-0.00059467,-0.0076467
2017-06-08,0.00420301,0.00543227,0.00290445
2017-06-09,-0.00177725,0.00420495,0.00894268
2017-06-12,-0.00435746,-0.00192721,-0.00057641
2017-06-13,-0.00485552,-0.00634446,-0.00487633
2017-06-14,-0.00030813,0.00405824,-0.00255784
2017-06-15,-0.00292851,-0.00043703,-0.00185718
2017-06-16,-0.00714084,-0.00259628,-0.00119294
2017-06-19,0.0059134,0.00325812,0.00464779
2017-06-20,0.00594416,0.00139657,0.00452886
2017-06-21,-0.0006391,0.00013898,0.00112818
2017-06-22,0.00607276,0.00172004,0.00123122
2017-06-23,0.00088179,0.00625144,-0.00049309
2017-06-26,0.00382528,0.00908891,0.00653397
2017-06-27,-0.00244903,-0.00044437,-0.00228192
2017-06-28,-0.00873997,-0.00514794,-0.00413665
2017-06-29,-0.00366647,-0.00461873,-0.00626955
2017-06-30,0.00062165,-0.010221,-0.00180376
2017-07-03,-0.00468869,-0.00212449,0.00381136
2017-07-04,0.01064687,0.00646102,0.00296396
2017-07-05,-0.00136489,-0.00437963,0.00219464
2017-07-06,0.00114321,-0.00075208,-0.00071384
2017-07-07,-0.00034056,0.00080316,0.00075896
2017-07-10,-0.00447427,3.669e-05,-0.00011887
2017-07-11,0.00832395,0.01160206,0.00910443
2017-07-12,-0.00220831,-0.00331025,0.00014663
2017-07-13,0.01250833,0.010168,0.00327805
2017-07-14,-7.105e-05,-0.00398575,-0.00121074
2017-07-17,0.00013875,0.00422423,-0.00142126
2017-07-18,0.00337905,0.00502694,-0.00510088
2017-07-19,-0.0068125,-0.00867897,0.00163098
2017-07-20,-0.00551281,0.00088939,-0.00752819
2017-07-21,-0.00486285,-0.00525524,0.00638271
2017-07-24,-0.00030154,-0.00694477,-0.00825902
2017-07-25,-0.00197288,-0.00076342,-0.00439101
2017-07-26,0.00144586,0.00956822,0.0039127
2017-07-27,-0.00440527,-0.00144288,3.394e-05
2017-07-28,-0.00164673,-0.0002035,0.00775723
2017-07-31,0.00319733,0.00424341,0.00053251
2017-08-01,-0.00392659,0.00244977,0.00285221
2017-08-02,0.00815575,0.00278936,-0.00602045
2017-08-03,0.00055224,-0.00355316,-0.0004657
2017-08-04,-0.0014119,0.01008368,-0.00031456
2017-08-07,0.00204087,0.00256592,0.00755626
2017-08-08,0.00217745,-0.00604167,0.00052144
2017-08-09,0.00018061,7.509e-05,-0.00471281
2017-08-10,-0.0003836,-0.00382848,0.00221648
2017-08-11,-0.00086588,-0.00263004,-0.00104609
2017-08-14,0.00724047,0.00692932,0.00541049
2017-08-15,0.00313015,3.278e-05,0.00486436
2017-08-16,0.0064423,0.00315631,0.0050657
2017-08-17,0.01424023,0.01070829,0.00707378
2017-08-18,-0.00131086,0.01367559,0.00386821
2017-08-21,-0.00834551,-0.00327595,-0.00135976
2017-08-22,-0.00083773,-7.011e-05,-0.00123779
2017-08-23,0.00395659,0.01078361,-0.00160903
2017-08-24,0.00650786,0.00605829,-7.872e-05
2017-08-25,0.00160773,0.01000715,0.00449085
2017-08-28,0.00095254,0.004001,0.00162278
2017-08-29,0.00165974,-0.0012769,0.00372533
2017-08-30,-0.00252861,-0.00487621,0.00444412
2017-08-31,0.00350861,0.00684686,0.00031805
2017-09-01,6.715e-05,-0.00683624,-0.00356293
2017-09-04,0.00885626,-0.00128317,-0.00565298
2017-09-05,0.00031028,-0.00371976,-0.00543234
2017-09-06,-0.00647395,-0.01219046,-0.00459968
2017-09-07,0.00340517,0.00708363,0.00486302
2017-09-08,0.00150311,0.00612077,-0.00054529
2017-09-11,0.00623378,-0.00263824,-0.00274701
2017-09-12,-0.01408639,-0.00268107,-0.00059395
2017-09-13,-0.00382756,-0.00132145,-0.00035098
2017-09-14,-0.00701224,-0.0025336,-0.00420293
2017-09-15,0.00260676,-0.00357961,-0.00288596
2017-09-18,0.00143352,-9.067e-05,-8.875e-05
2017-09-19,0.00144746,0.004567,0.00412935
2017-09-20,0.00411417,0.00515355,0.00201862
2017-09-21,-0.00845339,-0.00340355,-0.00198441
2017-09-22,-0.00709927,-0.00838539,-0.00962633
2017-09-25,-0.0036277,-0.00646637,-0.00030462
2017-09-26,-0.00175953,-0.00766146,-0.00552291
2017-09-27,-0.00601886,-0.0025681,0.00200145
2017-09-28,0.00185431,0.00393797,-0.00497887
2017-09-29,-0.00085611,0.00510491,0.00337806
2017-10-02,0.00303293,0.00814116,-0.00306376
2017-10-03,-0.00276845,-0.00204489,-0.00545044
2017-10-04,-0.01067056,-0.02066844,-0.00189053
2017-10-05,0.00020503,-0.00037922,-0.00262142
2017-10-06,0.00357115,0.00463202,0.00233385
2017-10-09,-9.934e-05,-0.00513852,0.00012824
2017-10-10,-0.00074566,0.00330339,0.00292463
2017-10-11,0.00371575,-0.00492823,-0.00436669
2017-10-12,0.00627771,0.0009144,-0.00789866
2017-10-13,0.00492249,0.00713571,0.00685003
2017-10-16,-0.01253681,-0.01186099,-0.008199
2017-10-17,-0.00393913,0.00443035,0.00180584
2017-10-18,-0.00229139,-0.00489833,0.00289004
2017-10-19,-0.00241977,-0.00921706,-0.00342658
2017-10-20,-0.00521588,-0.00081922,0.00509869
2017-10-23,0.003972,2.452e-05,-0.0043332
2017-10-24,0.00253452,-0.00420495,-0.00069045
2017-10-25,-0.00073655,-0.00186678,0.00188425
2017-10-26,0.00167879,0.00157366,-0.00285334
2017-10-27,0.0044104,0.00930454,2.155e-05
2017-10-30,0.00196158,0.00257043,-0.00091695
2017-10-31,0.00886534,-0.00442981,-0.00149786
2017-11-01,-0.00079284,0.00257779,0.00401311
2017-11-02,-0.00355825,-0.00047934,-0.00943153
2017-11-03,0.00870822,0.00199502,-0.00344106
2017-11-06,-0.01314582,-0.00714015,-0.0066264
2017-11-07,-0.00552692,-0.00608053,-0.00128357
2017-11-08,-0.00249685,-0.00125486,-0.00089187
2017-11-09,0.00722887,-0.00243594,0.00437803
2017-11-10,-0.00253392,0.00161358,0.0020935
2017-11-13,0.0088323,0.0176153,0.00299982
2017-11-14,0.0029145,0.00596461,0.0037902
2017-11-15,0.00348448,0.00638798,-0.00371173
2017-11-16,-0.00421035,-0.00037366,0.00237104
2017-11-17,-0.00378082,5.1e-06,-0.00020031
2017-11-20,0.00332534,-0.00558362,-0.00440337
2017-11-21,-0.00237841,-0.00392271,-7.073e-05
2017-11-22,-0.0043226,-9.817e-05,-0.00140573
2017-11-23,-0.0001592,0.00773906,0.00133443
2017-11-24,-0.00110891,-0.00628542,0.00260368
2017-11-27,-0.00140641,0.00046642,0.00400941
2017-11-28,0.00352336,0.00890664,-0.00390262
2017-11-29,0.00013175,-0.00646808,-0.00291365
2017-11-30,0.00154824,-0.00150552,0.00275963
2017-12-01,-0.00809715,-0.01208332,0.00461617
2017-12-04,-0.00075202,-0.00144008,0.00859469
2017-12-05,0.00056623,0.0010145,0.00307773
2017-12-06,-0.00320284,-0.00457132,-0.00720793
2017-12-07,0.0063487,0.0094533,0.00450184
2017-12-08,0.00293765,0.005613,0.00226982
2017-12-11,0.0069665,0.00686661,-0.00199138
2017-12-12,0.00181996,-0.00064012,0.00261521
2017-12-13,-0.00717659,0.00059943,-0.00329447
2017-12-14,0.00237691,0.00841574,-0.0012936
2017-12-15,0.00593105,0.00428033,-0.00172207
2017-12-18,-0.01034335,-0.00884272,-0.00385239
2017-12-19,0.00351573,-0.00094039,-0.00377453
2017-12-20,0.00229841,-0.00088047,-0.00124918
2017-12-21,-0.0145792,-0.01536328,-0.00811267
2017-12-22,-0.00105709,-0.00713329,0.0013703
2017-12-25,0.00716816,-0.00241411,0.00379975
2017-12-26,0.0035579,0.00327977,0.00190369
2017-12-27,0.00689183,0.01260202,-0.00245492
2017-12-28,-0.00305461,0.00494433,0.00095624
2017-12-29,-0.00191099,-0.00495674,-0.00768813
2018-01-01,0.00427323,0.00569637,0.0025976
2018-01-02,0.00358287,0.00157102,-0.00203448
2018-01-03,-0.00055633,0.00050434,-0.00645382
2018-01-04,-0.00387485,-0.00109662,0.00203646
2018-01-05,-0.00703118,0.00049297,-0.00204107
2018-01-08,0.00412184,-0.00208682,0.00188493
2018-01-09,0.0016147,0.00713229,-0.00090021
2018-01-10,0.0070171,0.00156705,-0.00275545
2018-01-11,-0.00639044,-0.00864538,-0.00916896
2018-01-12,-0.01005404,-0.00800968,-0.00435607
2018-01-15,0.00135252,-0.00247171,-0.00113363
2018-01-16,0.00288803,0.00605908,0.00332938
2018-01-17,0.00973098,0.0026118,0.00101274
2018-01-18,0.00062405,-0.00560501,0.00444157
2018-01-19,-0.00194119,-0.00999148,-0.00635298
2018-01-22,-0.00234698,0.00815664,-0.00068212
2018-01-23,-0.00288981,-0.00466585,-0.0152179
2018-01-24,-0.00304481,-0.00447961,-0.00548619
2018-01-25,0.0035755,0.00232403,-0.004215
2018-01-26,0.00239689,-0.00263332,0.0015222
2018-01-29,-0.00124749,-0.00147489,0.00247445
2018-01-30,0.00348916,0.00353317,0.00384587
2018-01-31,-0.00071957,-0.00082781,0.00216725
2018-02-01,-0.00094787,-0.00211183,0.00143211
2018-02-02,0.001749,0.00325357,0.00690234
2018-02-05,-0.00073201,0.00107722,0.00134429
2018-02-06,0.00319114,0.01349214,0.00098376
2018-02-07,0.00647786,0.00352453,0.00027485
2018-02-08,0.00880075,0.00657308,-0.00028604
2018-02-09,-0.00147616,-0.00445083,0.00181318
2018-02-12,0.00476667,0.00776663,0.00929146
2018-02-13,0.00227662,0.00473287,0.00023722
2018-02-14,-0.0033411,-0.00484867,-0.00030694
2018-02-15,0.00397921,-0.00035054,-0.00402176
2018-02-16,-0.00439637,-0.00391849,-0.00150056
2018-02-19,-0.00697751,0.00414782,-0.00228548
2018-02-20,0.00982376,0.00873992,-0.00222299
2018-02-21,-0.00267388,-0.00075022,-0.00670811
2018-02-22,-0.00063686,-0.0033121,-0.00445388
2018-02-23,0.00543131,-0.00045818,-0.00158481
2018-02-26,-0.00166454,-0.00757698,-0.00771832
2018-02-27,0.00188428,0.00236957,0.00376905
2018-02-28,-0.00122514,0.00697549,0.00357146
2018-03-01,0.003505,0.01236417,-0.00131007
2018-03-02,-0.00691622,-0.00236248,-0.00014119
2018-03-05,-0.00523854,-0.00469097,-0.00790865
2018-03-06,0.00342824,-0.00824108,0.00041289
2018-03-07,0.0092995,0.00737827,0.00560163
2018-03-08,-0.00743652,-0.01284154,-0.00649493
2018-03-09,0.00309377,0.00279766,0.00364717
2018-03-12,-0.00508573,-0.00228682,0.0013066
2018-03-13,0.0059143,0.00219591,-0.00588239
2018-03-14,-0.00191558,-0.00893905,-0.00386701
2018-03-15,0.00100728,0.00182598,-0.0043778
2018-03-16,-0.00257393,-0.00194676,-0.00273676
2018-03-19,0.00052533,0.00341242,-0.00049903
2018-03-20,-0.01317003,-0.00816098,-0.00537669
2018-03-21,-0.00334129,-0.00696805,-0.0015257
2018-03-22,0.00309881,-0.00329175,-0.00064994
2018-03-23,0.00118729,0.00095036,0.00186542
2018-03-26,0.00292253,0.00213512,-0.00437977
2018-03-27,-0.00059024,0.00668928,0.0077632
2018-03-28,-0.01037688,-0.01138544,0.00432956
2018-03-29,-0.00275774,-5.92e-05,-0.00215091
2018-03-30,-0.01127792,-0.00158856,-0.00159031
2018-04-02,0.00363002,0.0015473,0.00100661
2018-04-03,0.00854757,0.00940789,0.00123989
2018-04-04,0.01119412,0.0025431,-0.00401338
2018-04-05,-0.00167826,-0.00320978,0.00106032
2018-04-06,0.00203929,0.00138796,0.00180533
2018-04-09,-0.00595148,-0.01312913,-0.00063246
2018-04-10,-0.00146956,0.00256332,-0.00105932
2018-04-11,0.00506577,0.0070207,0.00046882
2018-04-12,0.00116936,0.00608776,-0.00422941
2018-04-13,0.00567841,0.0067153,0.00633927
2018-04-16,-0.00669903,-0.00557951,-0.00452834
2018-04-17,0.00040316,0.00426662,0.00205573
2018-04-18,-0.00355435,-0.00263969,0.00069307
2018-04-19,0.00793687,0.00973929,0.00060041
2018-04-20,0.01124551,0.00790094,0.00607969
2018-04-23,0.00353213,0.00990145,0.00061644
2018-04-24,-0.00785623,-0.00450761,-0.00424002
2018-04-25,-0.0035966,-0.00427796,-0.00228618
2018-04-26,0.00250209,0.00121203,0.0067719
2018-04-27,-0.01121097,-0.00657275,-0.00497536
2018-04-30,0.01365623,0.01151449,0.00169905
2018-05-01,0.00161265,0.00345,0.00522793
2018-05-02,-0.00564372,-0.00245679,-0.0031029
2018-05-03,0.00419911,-0.00950449,-0.00185264
2018-05-04,-0.0011445,0.00565432,-0.00069964
2018-05-07,0.00726871,0.00205887,0.00702574
2018-05-08,-0.00035739,-0.00087408,-0.0006892
2018-05-09,0.00297303,-0.00368,0.0026257
2018-05-10,0.00160675,0.0034781,-0.00271001
2018-05-11,-0.00508367,-0.00047563,0.00377711
2018-05-14,0.00121811,0.00158725,-0.00306582
2018-05-15,-0.00150281,-0.00331047,-0.00088248
2018-05-16,0.0028452,0.00790612,0.00391193
2018-05-17,-0.00544628,-3.369e-05,0.00488722
2018-05-18,-0.00268706,-0.00734699,-0.00207058
2018-05-21,0.00022793,0.00376693,-0.00425827
2018-05-22,-0.00195467,0.00251577,0.00163431
2018-05-23,0.00397061,0.00532801,-0.00057144
2018-05-24,-0.00617545,-0.00129757,-0.00311531
2018-05-25,0.00724449,0.01140665,-0.00051421
2018-05-28,0.00266601,0.0065089,0.00090792
2018-05-29,0.00518599,-0.00603815,-0.00417835
2018-05-30,-0.00624896,-0.00192235,0.00133251
2018-05-31,0.00749011,0.00373538,-0.0051684
2018-06-01,-0.00136173,-0.00146218,-0.00187428
2018-06-04,0.00906212,0.00819018,0.0047689
2018-06-05,0.00341868,-0.00723749,-0.00096477
2018-06-06,-0.00247634,-0.00208792,-0.00249595
2018-06-07,0.00077527,0.00053029,-0.00043237
2018-06-08,0.01284428,0.00365532,0.00099644
2018-06-11,-0.00024851,-0.00193094,0.00134164
2018-06-12,0.00310187,-0.00222232,-0.0010368
2018-06-13,0.00557145,-9.198e-05,-0.00456346
2018-06-14,-0.00534533,0.00437226,-0.00100313
2018-06-15,-0.00303357,-0.00287827,-0.00252048
2018-06-18,-0.00234584,6.103e-05,-0.00050761
2018-06-19,0.00425775,0.01319818,0.00972258
2018-06-20,-0.0023861,0.00645423,0.0001544
2018-06-21,0.00393095,0.00870101,0.00243199
2018-06-22,0.00259164,-0.00587542,-0.00203839
2018-06-25,0.00346703,-0.00120705,-0.00344392
2018-06-26,-0.00237019,-0.01439168,-0.00506867
2018-06-27,0.00151932,0.00796989,0.00438603
2018-06-28,0.00450706,0.00750464,0.00472838
2018-06-29,0.00014757,0.00140638,0.00159129
2018-07-02,0.00317746,-0.00845718,0.00273809
2018-07-03,-0.00563743,-0.00237032,0.00084696
2018-07-04,0.00142735,0.00811713,-0.00197052
2018-07-05,-0.00158426,-0.01003579,0.00404862
2018-07-06,-0.00399319,-0.00393258,-0.00483933
2018-07-09,0.00295906,0.00077765,0.00177188
2018-07-10,-0.0046914,-0.00092247,-0.00422447
2018-07-11,-0.00210925,-0.00066207,-0.00580011
2018-07-12,0.00198886,-0.00263346,-0.00438579
2018-07-13,0.00436859,0.0085268,0.00810858
2018-07-16,0.0041201,-0.00168074,0.00277773
2018-07-17,-0.00114776,0.00223676,-9.007e-05
2018-07-18,0.00505413,0.00937042,0.00052694
2018-07-19,-0.0010314,-0.00613673,0.00175825
2018-07-20,-0.00031905,0.00597923,0.00614622
2018-07-23,-0.00337156,0.00476191,0.0057706
2018-07-24,0.00399301,0.01022374,0.00482922
2018-07-25,-0.00437524,-1.244e-05,-0.00047527
2018-07-26,0.00810867,0.0097182,0.00098307
2018-07-27,-0.00616454,0.0010087,-0.00238706
2018-07-30,0.00364176,0.00239791,-0.00461674
2018-07-31,0.00965327,0.00383596,0.00317224
2018-08-01,-0.00148291,-0.00326673,0.00593251
2018-08-02,-0.00340155,-0.00520182,-0.00195617
2018-08-03,0.00525193,0.01352421,0.00728884
2018-08-06,0.00643932,0.00146946,-0.00035244
2018-08-07,0.00549829,0.00525712,0.00326686
2018-08-08,0.00783132,0.00222801,-0.00132513
2018-08-09,0.00976551,0.01062577,0.00059829
2018-08-10,-0.00208375,-0.00154205,0.00174291
2018-08-13,-0.0034735,-0.00630047,-0.00510424
2018-08-14,0.0034871,-0.00352145,-0.00119364
2018-08-15,-0.00093549,0.00361167,0.00272346
2018-08-16,0.00235365,0.0026011,0.00152249
2018-08-17,0.00448999,-3.347e-05,-0.00342975
2018-08-20,-0.00878905,0.00127131,0.00397785
2018-08-21,0.00243943,0.00233884,-0.00441984
2018-08-22,0.00695377,0.00109133,0.00113634
2018-08-23,0.00653584,0.00667806,-0.0013092
2018-08-24,0.00046369,-0.00123051,-0.00239816
2018-08-27,0.00353029,-0.00371103,3.085e-05
2018-08-28,0.00995506,0.01093238,-0.00016399
2018-08-29,0.00438324,0.0060154,0.00273804
2018-08-30,0.00431273,0.00705507,0.00616067
2018-08-31,0.00080872,0.00804894,0.00163242
2018-09-03,0.00024222,-0.00120936,-0.00244081
2018-09-04,0.00210551,0.00423592,0.0012483
2018-09-05,-0.00022817,0.00303936,-0.00539493
2018-09-06,-0.00144436,-0.00352293,-6.633e-05
2018-09-07,-0.00846018,-0.00300082,-0.00519307
2018-09-10,0.0048156,0.01420744,0.00460929
2018-09-11,0.00523933,0.00630668,0.00282646
2018-09-12,-0.00910809,-0.00728954,0.00038841
2018-09-13,-0.00569167,-0.00588517,-0.00627861
2018-09-14,0.00836661,0.00174347,0.00375553
2018-09-17,0.00145672,0.00053018,-0.00113398
2018-09-18,-0.00161461,0.00181362,0.00590292
2018-09-19,-0.00345577,-0.00873848,-0.00742883
2018-09-20,0.00969983,0.01013387,0.00890874
2018-09-21,0.00764355,0.00100755,0.00788079
2018-09-24,0.00225861,-0.0075342,0.00114216
2018-09-25,0.00932089,0.00225365,-0.00335834
2018-09-26,0.01212541,0.0133251,0.00365471
2018-09-27,0.00289744,-0.00368033,0.00238741
2018-09-28,0.00210064,0.00478169,-0.00249583
2018-10-01,-0.0003791,-0.00598899,0.00599723
2018-10-02,0.00352509,0.00134632,-0.00552235
2018-10-03,0.00265593,-0.00118464,-0.0018508
2018-10-04,-0.00476067,-0.00774777,-0.00276074
2018-10-05,0.00186313,0.00811979,-0.00163287
2018-10-08,0.00592299,0.0116666,0.00440829
2018-10-09,0.00365046,0.00281024,-0.00140043
2018-10-10,-0.00266106,-0.00271692,0.0012969
2018-10-11,0.00611772,0.00885545,0.00780135
2018-10-12,-0.00026094,0.00116359,-0.00094407
2018-10-15,-0.00557704,-0.00175272,-0.00297266
2018-10-16,-0.00436048,-0.00597004,0.00363818
2018-10-17,0.00386709,0.00311712,-0.00294617
2018-10-18,0.00633485,0.01013195,0.00139769
2018-10-19,-0.00156467,-0.00110299,0.00460852
2018-10-22,0.00528613,0.00857617,-0.00445438
2018-10-23,0.00986918,0.00461684,0.00334227
2018-10-24,-0.00288155,-0.00277889,-0.00457509
2018-10-25,-0.00676718,-0.00142316,-0.00131882
2018-10-26,-0.00115188,-0.00351673,0.00072012
2018-10-29,0.00312781,7.676e-05,0.00409727
2018-10-30,-0.00074446,-0.00146565,0.00086537
2018-10-31,-0.001575,-0.00140442,-0.00232882
2018-11-01,-0.0017704,0.00327543,0.00165675
2018-11-02,-0.00360832,0.00278076,0.00362271
2018-11-05,0.00260366,0.00467243,-0.00264485
2018-11-06,0.01025685,0.01164758,0.00318042
2018-11-07,-0.0051464,0.00460295,-0.00063293
2018-11-08,0.00138901,-0.00173559,0.00365242
2018-11-09,-0.00371354,-0.00296684,-0.00044853
2018-11-12,-0.0026866,-0.01084829,-0.00294014
2018-11-13,-0.00267911,-0.00354264,-0.00540762
2018-11-14,-0.00574563,-0.01073476,-0.00060684
2018-11-15,-0.00202519,0.00984854,0.00204128
2018-11-16,0.00107932,0.00896426,-0.00434905
2018-11-19,0.00183096,0.00986492,0.0027898
2018-11-20,0.007433,-0.00278237,0.006915
2018-11-21,-0.00638942,-0.0009495,0.0020082
2018-11-22,0.00309871,0.00606911,0.00141823
2018-11-23,-0.00204928,0.00166185,-0.00020338
2018-11-26,-0.00656657,-0.01065177,-0.00657536
2018-11-27,0.00436428,-0.00077822,0.00209558
2018-11-28,-0.01758059,-0.01457955,0.00241951
2018-11-29,0.00444224,-0.00598386,-0.00060621
2018-11-30,-0.00050452,-0.00233062,-0.00190511
2018-12-03,0.00024021,0.00861065,-0.00135945
2018-12-04,-0.00152688,-0.00295777,0.00453535
2018-12-05,0.00386831,0.00650237,-0.00158907
2018-12-06,-0.00389955,0.00186683,-0.00433242
2018-12-07,0.00793612,0.00475253,0.00365873
2018-12-10,-0.0010444,-0.00085849,0.00162712
2018-12-11,0.00280995,0.00325929,0.00290455
2018-12-12,-0.00217012,0.00413302,-0.00090252
2018-12-13,0.00125031,0.00719425,2.264e-05
2018-12-14,0.00974405,0.0124992,0.00206764
2018-12-17,-0.00279893,0.00186208,-0.00320425
2018-12-18,0.00565757,-0.00295175,-0.00303966
2018-12-19,0.00210597,-0.0059831,-0.0016063
2018-12-20,0.00526292,0.01067023,0.00120194
2018-12-21,-0.0030075,-0.00728363,-0.00500521
2018-12-24,0.00363586,0.00136725,0.00391153
2018-12-25,0.00025223,-0.00314184,0.0022375
2018-12-26,-0.00323379,0.00325804,0.00026915
2018-12-27,-0.00112823,0.00436085,-0.00719486
2018-12-28,-0.00071259,0.00301024,-0.0019807
2018-12-31,-0.00489545,-0.01643138,-0.00226865
2019-01-01,0.01027465,0.002315,0.00035697
2019-01-02,-0.00339428,0.00025653,-0.00090271
2019-01-03,-0.0017633,0.00677425,0.00314597
2019-01-04,-0.00283771,-0.00198593,0.00274768
2019-01-07,0.0024217,0.00534606,-0.00120225
2019-01-08,0.00231889,-0.01219599,-0.00453686
2019-01-09,0.00367373,-0.00342466,-0.00414768
2019-01-10,-0.00494629,-0.00224866,-0.00271227
2019-01-11,-0.0016266,-0.00031388,-0.00103718
2019-01-14,-0.00264369,-0.00451801,-0.00611823
2019-01-15,0.00404163,-0.00043571,0.00539144
2019-01-16,0.00045903,-0.00402947,0.00274354
2019-01-17,-0.01071542,-0.00789662,0.00019961
2019-01-18,-0.00409031,-0.00637978,-0.00350873
2019-01-21,-0.00318089,-0.01179437,-0.00579309
2019-01-22,-0.001917,0.00492714,0.00469932
2019-01-23,0.00504562,-0.0006462,-0.00061613
2019-01-24,0.00706232,0.00757422,0.00383403
2019-01-25,0.00165544,0.01589526,0.00583292
2019-01-28,0.00288657,0.00906462,0.00864614
2019-01-29,0.00460391,0.00657509,0.0062135
2019-01-30,-0.00292971,-0.00584054,-0.00443297
2019-01-31,-0.00888134,-0.00142521,-0.00174615
2019-02-01,0.00075552,-0.00179545,0.00167875
2019-02-04,0.00016938,-0.00318716,0.00245483
2019-02-05,-0.00822486,-0.00047075,0.00318591
2019-02-06,-0.00046749,-0.00309936,0.0017646
2019-02-07,0.00029842,0.00152471,0.00762287
2019-02-08,-0.01353882,-0.00915068,-0.00046961
2019-02-11,-0.0115815,-0.01934093,-0.00694592
2019-02-12,-0.00523695,-0.00423265,-0.00400576
2019-02-13,-0.00265002,-0.00132618,-0.00191243
2019-02-14,-0.00600778,0.00722004,-0.00142152
2019-02-15,0.00581447,0.00820575,0.00552914
2019-02-18,0.00113619,0.00564099,0.00774805
2019-02-19,-0.0019335,-0.00379666,0.00385409
2019-02-20,0.00701349,0.00838061,0.00781663
2019-02-21,-0.00806247,-0.01299893,-0.00383972
2019-02-22,0.00472297,0.01136022,0.00329614
2019-02-25,0.00197147,0.00020611,0.00022899
2019-02-26,0.00790517,0.00612691,-0.00449236
2019-02-27,-0.00546373,-0.00642034,0.00400196
2019-02-28,0.00248913,0.00413637,0.00698502
2019-03-01,-0.00618481,-0.00827854,0.00277633
2019-03-04,-0.00321605,0.00307464,0.00048383
2019-03-05,0.00134894,0.00361947,0.00137334
2019-03-06,0.00763138,0.00799866,0.00317821
2019-03-07,-0.0015863,-0.00690216,0.00752547
2019-03-08,-0.00324031,0.00403793,-0.00340935
2019-03-11,-0.00480924,0.00189485,-0.00110167
2019-03-12,0.00226737,0.00320649,-0.00026334
2019-03-13,-0.00366226,-0.00641022,-0.00299412
2019-03-14,-0.01230257,-0.01062586,0.00184982
2019-03-15,0.00211123,0.00417477,-0.00197728
2019-03-18,0.00691047,-0.00070623,-0.00022641
2019-03-19,0.00284342,-0.00382384,-0.00761442
2019-03-20,0.00553172,-0.00368686,0.00108082
2019-03-21,-0.00594885,-0.01192505,-0.00883743
2019-03-22,0.00057461,-0.00390906,-0.00171393
2019-03-25,-0.00427557,0.00232487,0.00061327
2019-03-26,0.00291984,0.00280201,-0.000436
2019-03-27,0.00581863,0.01615208,0.00024699
2019-03-28,0.00264744,0.00517663,0.00307251
2019-03-29,0.0046501,-0.00290889,-0.00494196
2019-04-01,0.00406968,0.00077794,-0.00025918
2019-04-02,-0.00146252,0.00329192,0.00217915
2019-04-03,-0.00333597,-0.00187133,-0.00266131
2019-04-04,-0.00872661,-0.0106748,-0.00710462
2019-04-05,0.0006214,0.00167276,0.00433122
2019-04-08,-0.00634393,-0.00385812,-0.00178877
2019-04-09,-0.00120308,-0.00051911,0.00486763
2019-04-10,0.00860886,0.00453313,0.00042498
2019-04-11,-0.00592064,0.00358667,-0.00128169
2019-04-12,-0.00407738,-0.00400164,0.00252882
2019-04-15,-0.00410715,0.00379896,0.00199904
2019-04-16,0.00647674,0.00115897,0.00084698
2019-04-17,0.00719841,0.00375188,0.00460643
2019-04-18,-0.01634604,-0.00966582,-0.00135989
2019-04-19,-0.00821635,-0.00793406,-0.00220914
2019-04-22,-0.00492121,-0.00634764,-0.00188588
2019-04-23,0.00492607,-0.00259014,0.00328099
2019-04-24,-0.00254034,-0.00345297,0.00792538
2019-04-25,0.0045606,0.00758843,0.00623767
2019-04-26,0.01261845,0.01433917,0.00498034
2019-04-29,0.00292366,0.00906975,-8.007e-05
2019-04-30,-0.00460075,-0.00883638,-0.00096325
2019-05-01,-0.00606289,-0.00310815,-0.00266233
2019-05-02,-0.0068095,-0.00896082,-0.00231169
2019-05-03,0.00555873,0.00306995,-0.00071518
2019-05-06,-0.00619564,-0.0015895,0.00054483
2019-05-07,0.00885142,0.00929395,0.00457584
2019-05-08,0.00342006,0.00434578,0.0098515
2019-05-09,0.01051981,0.0133266,0.00847868
2019-05-10,0.00322926,0.00545913,0.00160927
2019-05-13,0.00188809,0.00050083,0.00235918
2019-05-14,-0.0033968,-0.00754815,-0.00026359
2019-05-15,0.00529442,0.0092305,-0.00019516
2019-05-16,0.01040411,0.01107975,0.00763877
2019-05-17,-0.00870516,-0.00672115,-0.00057391
2019-05-20,0.00362177,-0.00158403,-0.00395761
2019-05-21,0.00126777,0.00655768,0.0006784
2019-05-22,0.00329426,0.01639673,0.00307909
2019-05-23,0.00032982,0.00658769,0.00647342
2019-05-24,0.00421504,0.00841259,0.00035107
2019-05-27,-0.00040256,-0.00282542,-0.01315294
2019-05-28,-0.00272145,-0.01191337,-0.00301815
2019-05-29,-0.00452214,0.00015511,0.00155783
2019-05-30,-0.00155671,-0.00294307,-0.00524857
2019-05-31,-0.00604179,-0.00331289,-0.00520411
2019-06-03,0.00354824,0.00573386,-0.00089652
2019-06-04,-0.00294329,-0.00716599,0.00278342
2019-06-05,-0.00385708,0.0009095,-0.00044738
2019-06-06,-0.01485466,-0.01360256,-0.00386751
2019-06-07,0.00250888,0.00408488,-0.00558578
2019-06-10,-0.00706902,-0.00762715,0.00617656
2019-06-11,0.00089575,0.00350959,-0.0002641
2019-06-12,-0.00076566,0.00420828,0.00701689
2019-06-13,8.662e-05,0.00029941,0.00710542
2019-06-14,-0.00228496,1.62e-05,-0.00896102
2019-06-17,0.00473621,-0.00056058,0.0035546
2019-06-18,0.00348812,-0.00071161,0.00047426
2019-06-19,0.00058109,0.00653051,0.00600699
2019-06-20,0.00356554,0.00102163,-0.00017609
2019-06-21,0.00519529,0.0044548,-0.00234149
2019-06-24,0.00046047,-0.00512736,-0.00068896
2019-06-25,0.00052092,0.00168729,0.00373721
2019-06-26,-0.00050496,-0.0008393,0.00715779
2019-06-27,0.00739776,0.00981554,0.00621413
2019-06-28,0.00208496,0.00012258,-0.00460985
2019-07-01,-0.00246984,-0.00382024,0.00398293
2019-07-02,-0.01185641,-0.00488526,-0.00194091
2019-07-03,-0.00544555,0.00064639,0.00025898
2019-07-04,0.0023613,0.00399662,0.0025562
2019-07-05,-0.00610792,0.00108771,0.00256044
2019-07-08,0.00225876,0.00290914,0.00071889
2019-07-09,0.00788774,0.01184966,0.00311337
2019-07-10,0.00465467,0.0071935,0.00890739
2019-07-11,0.00182984,0.00373776,-0.00122373
2019-07-12,0.00242682,-0.00196921,-0.00015451
2019-07-15,-0.00482883,-0.00412575,-0.0092807
2019-07-16,0.00190859,0.00356276,-0.00554352
2019-07-17,-0.00452803,-0.01002464,0.00037199
2019-07-18,-0.00047488,-0.00287575,-0.00381435
2019-07-19,-0.00025601,0.00828065,-0.00203262
2019-07-22,-0.00957306,-0.01093547,-0.00276595
2019-07-23,0.01031838,0.00392294,0.00593562
2019-07-24,0.00091644,0.00969425,0.00252861
2019-07-25,-0.00453657,0.00314749,-0.00819454
2019-07-26,-0.00143064,-0.00373663,-0.00310237
2019-07-29,0.00077974,0.0028784,-0.00571761
2019-07-30,-0.00374538,-0.00732994,-0.00360365
2019-07-31,0.00049528,-0.00756074,-0.01180214
2019-08-01,-0.00413308,0.00368811,0.00227555
2019-08-02,0.0047455,0.00467424,0.00177164
2019-08-05,0.00583178,-0.00580841,-0.00110603
2019-08-06,0.0041924,-0.00232089,-0.00186229
2019-08-07,0.00783681,0.0104891,0.00942818
2019-08-08,-0.00050122,0.00787604,0.00087389
2019-08-09,-0.00790632,-0.00676776,-0.00619729
2019-08-12,-0.00414744,-1.509e-05,-0.00386718
2019-08-13,-0.00238596,-0.00435995,0.00557259
2019-08-14,0.00044132,0.00364301,-0.00352582
2019-08-15,0.00409343,-0.00226618,0.00341723
2019-08-16,0.00277192,0.0008808,0.00453691
2019-08-19,0.00012841,0.00031058,-0.00228016
2019-08-20,-0.00801945,-0.00674824,-0.00308247
2019-08-21,0.00406227,0.01029561,0.00257037
2019-08-22,-0.00254596,-0.0017128,-0.00198885
2019-08-23,-0.00821393,-0.0118375,-0.00313053
2019-08-26,0.00581874,-0.00082462,0.00528795
2019-08-27,0.00219182,-0.00865146,0.00425871
2019-08-28,-5.69e-06,0.00264381,-0.00144104
2019-08-29,-0.00465186,-0.00350809,-0.00852206
2019-08-30,-0.00204382,0.00098603,0.00313341
2019-09-02,-0.0049441,0.00194331,-0.00062304
2019-09-03,-0.00403802,-0.00555484,-0.01050882
2019-09-04,-0.00173763,-0.0048398,-0.00510636
2019-09-05,0.00360324,0.00239691,0.00325767
2019-09-06,-0.00694077,-0.00578847,0.00193367
2019-09-09,-0.00267242,0.00043247,-0.00053871
2019-09-10,0.00141779,-0.00408173,-0.00154807
2019-09-11,-0.00209216,-0.00231034,-0.00181227
2019-09-12,-0.001505,-0.00749873,-0.00729173
2019-09-13,0.00342705,-0.00315334,-0.00059641
2019-09-16,-0.00101558,0.00105257,0.00343982
2019-09-17,0.00489799,0.00263355,0.00182094
2019-09-18,-0.00407968,0.00078838,-0.00321353
2019-09-19,0.00685874,-0.01150185,-0.00517957
2019-09-20,-0.01078214,-0.00451519,-0.00115157
2019-09-23,-0.00792049,-0.00443832,-0.00306607
2019-09-24,0.00229676,-0.00407594,-2.5e-07
2019-09-25,-0.00296904,-0.00554077,-0.00466021
2019-09-26,-0.0013572,0.00284149,-0.00327521
2019-09-27,0.00651148,0.00123643,0.00329442
2019-09-30,0.00033658,0.00343408,0.00146432
2019-10-01,-0.00777983,-0.00454566,0.00305833
2019-10-02,-0.00498304,-0.00030336,0.00057667
2019-10-03,-0.0019042,-0.01298949,-0.00219156
2019-10-04,-0.00539231,-0.00339829,-0.00652917
2019-10-07,-0.00205748,-0.00393608,0.00287845
2019-10-08,0.00718213,0.01040686,0.00267496
2019-10-09,0.00171659,0.00133591,-0.00344393
2019-10-10,0.0078103,0.00403952,0.00840287
2019-10-11,-0.01329851,-0.01126519,-0.00938744
2019-10-14,0.00199352,-0.00402292,0.00070587
2019-10-15,0.00409946,0.00164035,-0.00099133
2019-10-16,-0.00459752,0.00468108,-0.00807867
2019-10-17,0.0058234,0.00755056,0.00749373
2019-10-18,-0.00157156,-0.0029472,-0.00100437
2019-10-21,0.00331841,-0.00031432,0.00462141
2019-10-22,-0.00022555,-0.0052646,-0.00394719
2019-10-23,0.00313566,0.00199318,-0.00872591
2019-10-24,-0.00220826,0.00450368,0.00152303
2019-10-25,-0.00640961,0.00325594,0.00292885
2019-10-28,0.00043498,0.00522019,-0.00131999
2019-10-29,-9.84e-06,0.00146607,0.00784367
2019-10-30,-0.00912012,-0.00622372,0.00137967
2019-10-31,-0.00187165,-0.00048321,0.00232729
2019-11-01,0.00614287,0.0045035,0.0038153
2019-11-04,-0.0020652,0.00016013,-0.00348806
2019-11-05,-0.0004733,-0.00456037,-0.00276624
2019-11-06,0.00332677,0.00259978,0.00628217
2019-11-07,-0.00085943,-0.00241932,-0.00925903
2019-11-08,-0.00367228,-0.00695277,-0.00246995
2019-11-11,0.00329902,0.00875317,0.00493713
2019-11-12,0.00900063,-0.00294529,0.00040594
2019-11-13,0.00356321,0.00955587,0.00264536
2019-11-14,0.00278144,0.0007945,0.00358533
2019-11-15,-0.0051446,0.0016402,-0.00205686
2019-11-18,0.00426365,0.00461098,-0.00347011
2019-11-19,-0.00208181,0.00744939,0.00721706
2019-11-20,0.00445105,0.00810788,-0.00066341
2019-11-21,-0.00115669,0.00578227,-0.00676034
2019-11-22,-0.00736021,-0.00331722,0.00152806
2019-11-25,-0.00607858,-0.0016235,-0.00232425
2019-11-26,-0.00609752,-0.01415611,-0.00524316
2019-11-27,-0.00470548,-0.00303116,-0.00920417
2019-11-28,0.00259122,0.0011439,0.00156546
2019-11-29,-0.00598243,0.00062135,-0.00811117
2019-12-02,-0.00593037,-0.00960095,-0.00103025
2019-12-03,8.096e-05,-0.01152559,0.00164916
2019-12-04,0.00024745,-0.00170465,-0.00311963
2019-12-05,-0.00711388,-0.00465499,-0.00280664
2019-12-06,0.00135702,0.00175992,0.00166541
2019-12-09,0.00767594,0.01345362,0.00414915
2019-12-10,0.0057551,0.00608103,0.00674275
2019-12-11,0.00426276,0.00275753,-0.00328137
2019-12-12,0.00254984,-0.00403207,-0.0014225
2019-12-13,-0.0056013,-0.00443394,-0.01097088
2019-12-16,-0.00749709,-0.00994038,1e-06
2019-12-17,-0.00272837,-0.00407201,-0.00812493
2019-12-18,-0.00781642,0.00230526,-0.00881144
2019-12-19,-0.00106645,0.00274082,-0.00110268
2019-12-20,0.0006612,-0.00250745,0.00025031
2019-12-23,0.00053718,-0.00276731,0.0040667
2019-12-24,-0.0013117,0.00377516,-0.00022686
2019-12-25,-0.00556875,-0.00370985,0.00483565
2019-12-26,-0.00215254,0.00350116,-0.00319392
2019-12-27,-0.00018946,0.00066389,-0.00923703
2019-12-30,-0.00405245,0.00516925,0.00022181
2019-12-31,0.0003115,0.00041562,-0.0027887
2020-01-01,0.00308443,0.00028189,0.00238467
2020-01-02,0.01291838,0.00638014,0.00428044
2020-01-03,-0.00381474,-0.00399716,-0.00328936
2020-01-06,0.00711778,0.00553806,0.00356522
2020-01-07,0.00642009,0.00500686,0.00510982
2020-01-08,0.00979482,0.00448654,0.00235521
2020-01-09,0.01019437,0.00552652,0.00394369
2020-01-10,0.00133689,-0.00129074,-0.00609458
2020-01-13,0.00374318,0.00288876,-0.00042243
2020-01-14,-0.00747898,0.00170193,0.00199829
2020-01-15,0.00532031,0.00254861,-0.00018035
2020-01-16,0.00375725,-0.0006233,0.00221752
2020-01-17,0.00433634,0.00442946,0.00011386
2020-01-20,-0.00906587,-0.01620233,-0.00435795
2020-01-21,0.00292552,-0.0030666,0.00054809
2020-01-22,0.00656155,0.01531009,0.00429116
2020-01-23,0.00802233,0.00855775,0.00578541
2020-01-24,0.0053895,-0.00391999,-0.00241423
2020-01-27,-0.0025297,-0.00866137,-0.00273053
2020-01-28,0.00180089,0.00167495,-0.00146358
2020-01-29,-0.00321561,0.0020715,-0.00276434
2020-01-30,0.00854309,-0.00318202,0.00253044
2020-01-31,0.00502771,0.00411751,-0.00314142
2020-02-03,-0.00443908,-0.00199698,-0.00144042
2020-02-04,-0.00291428,-0.00763894,-0.00947663
2020-02-05,0.00531055,-0.00190425,-0.00219057
2020-02-06,0.00837184,0.00988043,-0.00095991
2020-02-07,-0.00177451,-0.00439446,-0.00143893
2020-02-10,0.00032153,0.00140088,-0.00089696
2020-02-11,0.00621204,0.00596831,0.00434761
2020-02-12,-0.0124854,-0.00666714,-0.00138786
2020-02-13,-0.00433424,-0.0043988,0.00275358
2020-02-14,-0.00848729,-0.01008331,-0.00271712
2020-02-17,-0.0045866,0.00890157,0.00167463
2020-02-18,0.00510726,0.00387184,-0.00143329
2020-02-19,-0.00250316,0.00275969,0.00309604
2020-02-20,0.00295734,0.00832367,0.00166457
2020-02-21,-0.00110495,-0.00391601,-0.00104364
2020-02-24,0.00493496,0.00308117,0.00679496
2020-02-25,0.00483825,0.00714432,0.00062448
2020-02-26,0.00208241,0.00331151,0.01309502
2020-02-27,0.00479158,0.00631104,0.00100583
2020-02-28,0.00096015,-0.00101813,0.00228096
2020-03-02,-0.00050515,0.00466138,0.00305305
2020-03-03,0.00565027,0.01419813,0.00504819
2020-03-04,-9.17e-05,-0.00336852,-0.00382687
2020-03-05,0.00844532,0.00282102,0.00491018
2020-03-06,-0.000126,0.00201779,-0.00085318
2020-03-09,-0.0044311,0.00192679,0.00358955
2020-03-10,-0.00576452,-0.00381444,0.00338449
2020-03-11,0.00194189,0.00858357,0.00413425
2020-03-12,-0.00198073,-0.00395462,0.00156471
2020-03-13,-0.00197269,0.00253616,-0.00198957
2020-03-16,0.00304091,0.00734925,0.00374912
2020-03-17,-0.00270579,-0.0137873,-0.0034562
2020-03-18,-0.00205975,0.00611624,0.00076627
2020-03-19,0.00397421,0.00449266,0.00086493
2020-03-20,-0.00149148,-0.00598537,-0.0018711
2020-03-23,0.00175663,0.00853832,0.00187035
2020-03-24,-0.00072801,-0.00572279,-0.00342228
2020-03-25,0.00533482,0.00827039,0.00538001
2020-03-26,-0.00195112,-5.416e-05,0.00421833
2020-03-27,-0.00360084,-0.00388835,0.00134236
2020-03-30,0.00278646,-5.115e-05,0.00126008
2020-03-31,-0.00413081,-0.00099667,-0.00120646
2020-04-01,0.00331983,-0.00338681,0.0007036
2020-04-02,-0.01163531,-0.00734092,-0.00452536
2020-04-03,-0.00139503,-0.00242899,-0.00038876
2020-04-06,-0.00450658,0.00345547,-0.00487751
2020-04-07,0.01761524,0.00274652,0.00283779
2020-04-08,0.00069867,0.00609835,0.00736799
2020-04-09,0.00170245,-0.00187049,-0.00039424
2020-04-10,-0.00261602,-0.00544018,-0.00186701
2020-04-13,0.00736546,0.00986005,0.00744741
2020-04-14,0.0019863,0.00092298,-0.0050974
2020-04-15,-0.00582208,-0.0058537,-0.00237386
2020-04-16,-0.00254474,-0.00258249,-0.00549076
2020-04-17,0.00426399,0.01080393,-0.00216273
2020-04-20,0.00881019,0.00895618,0.00187963
2020-04-21,0.00778516,-1.429e-05,-0.00713754
2020-04-22,-0.00184783,-0.00212601,-0.00092418
2020-04-23,0.00080829,0.0049093,0.00367353
2020-04-24,0.00581112,0.00111736,-0.0027751
2020-04-27,0.00070936,-0.00298157,-4.732e-05
2020-04-28,0.00696266,-0.00175068,0.00282517
2020-04-29,-0.00446487,0.00256316,0.00453634
2020-04-30,-2.86e-06,0.00522133,-0.0037339
2020-05-01,-0.00033335,-0.00654052,-0.00030553
2020-05-04,0.00909715,0.01059275,0.01414092
2020-05-05,0.00615016,0.00281844,-0.0035493
2020-05-06,0.00750899,0.00639163,-0.00204791
2020-05-07,0.00492542,0.00882775,0.00185809
2020-05-08,-0.00527515,0.00095338,-0.00128181
2020-05-11,0.00444217,-0.00136377,-0.00105647
2020-05-12,-0.00644591,-0.00554617,-0.00697365
2020-05-13,-0.00097801,0.00472504,0.00432778
2020-05-14,0.00221811,0.00142327,-0.00442288
2020-05-15,0.00697032,0.00369398,0.00473106
2020-05-18,-0.0051282,0.00306017,-0.00011886
2020-05-19,0.00108041,-0.00223108,-0.00071515
2020-05-20,0.00157287,-0.00572485,-0.0004403
2020-05-21,-0.00644841,0.00369288,-0.00171726
2020-05-22,-0.00127665,-0.00358853,-0.01010783
2020-05-25,0.00154307,0.0084021,-0.00259824
2020-05-26,-0.0084376,-0.00658982,-0.00171857
2020-05-27,-0.00351222,0.00519555,0.00274791
2020-05-28,0.00280155,-0.01005926,0.00022815
2020-05-29,-0.0006427,0.00084275,-0.00060873
2020-06-01,-0.00476823,-0.00113521,-0.0017971
2020-06-02,0.00262733,0.00161197,0.00521526
2020-06-03,-0.00139105,-0.00072468,-0.00111146
2020-06-04,-0.00382106,-0.00815843,-0.00702601
2020-06-05,-0.00130064,0.00821657,0.0057347
2020-06-08,0.00104432,-0.00073294,0.0007658
2020-06-09,0.00487016,0.00602965,-0.0013837
2020-06-10,-0.00535486,-0.00836574,-0.00646585
2020-06-11,-0.00985008,-0.00438654,-0.00431563
2020-06-12,0.00121976,0.00221831,0.00566843
2020-06-15,0.00106516,-0.00306125,0.00098365
2020-06-16,-0.00555384,-0.00522417,-0.01158805
2020-06-17,0.00687918,0.01230309,-0.00175113
2020-06-18,-0.00337434,0.00140258,0.00106911
2020-06-19,0.00507031,0.00038436,-0.00606451
2020-06-22,-0.00355495,-0.00649187,0.00422583
2020-06-23,-0.00230186,-0.00108009,-0.00343476
2020-06-24,-0.0011746,0.00782726,0.00567407
2020-06-25,-0.0026131,-0.00497041,0.00299934
2020-06-26,-0.00398448,0.00643216,0.00254351
2020-06-29,0.00328846,0.00232168,0.00112879
2020-06-30,0.01169874,0.00773369,-0.0053543
2020-07-01,0.00051411,0.00725919,-0.00110768
2020-07-02,0.01062246,0.01170841,0.00364367
2020-07-03,0.00214288,-0.00411292,0.00534114
2020-07-06,0.00108702,-0.0010428,0.00279596
2020-07-07,-0.00384441,0.00339073,-0.00064985
2020-07-08,0.00187483,0.00458849,-0.00429569
2020-07-09,0.00209516,0.00188631,0.00704561
2020-07-10,-0.00732798,-0.00721832,0.00459335
2020-07-13,0.00586007,0.00800882,0.01024373
2020-07-14,0.00111725,0.00453224,0.00221582
2020-07-15,0.00684767,0.01608449,0.00384613
2020-07-16,9.646e-05,0.00744537,0.00636638
2020-07-17,0.00209135,-0.00534966,-0.00042011
2020-07-20,0.00446491,0.00474162,-0.00049743
2020-07-21,-0.00165699,-0.00474981,-0.00050363
2020-07-22,-0.00328678,-0.00673271,-0.00343847
2020-07-23,0.00206586,-0.00311488,0.00179073
2020-07-24,-0.00554054,-0.0089703,-0.00695783
2020-07-27,0.00371197,0.00143246,0.00526216
2020-07-28,0.00157653,0.00103538,-0.00467276
2020-07-29,-0.00219276,-0.00158869,-0.00024817
2020-07-30,-0.0022965,0.00511486,0.00666555
2020-07-31,-0.00221257,-0.00294186,0.00303052
2020-08-03,-0.00569624,-0.00549347,-0.00155964
2020-08-04,0.00478491,0.00382153,0.00172372
2020-08-05,-0.00493331,0.00156482,-0.00479303
2020-08-06,-0.0047711,0.00681443,-0.0011372
2020-08-07,-0.00861121,-0.01726171,-0.00858882
2020-08-10,-0.00206699,-0.00956525,0.00212165
2020-08-11,-4.663e-05,0.00733335,0.00501033
2020-08-12,-0.00179228,-0.0027517,-0.00146802
2020-08-13,0.00200212,0.00215945,0.00658425
2020-08-14,0.00131188,0.00440344,-0.00086059
2020-08-17,0.00535737,0.00614713,0.00252539
2020-08-18,-0.00452744,-0.00622714,0.00607037
2020-08-19,-0.00538665,-0.00826672,6.464e-05
2020-08-20,-0.00320516,0.00495698,-0.00075769
2020-08-21,-0.00403266,0.00101439,-0.00119187
2020-08-24,0.00054137,-0.00315712,-0.00226625
2020-08-25,-0.00599459,-0.00935478,-0.00580281
2020-08-26,0.00114435,-0.00537438,-0.00202128
2020-08-27,-0.00877161,-0.00121818,-0.0007393
2020-08-28,0.00363256,-0.00146276,0.00388402
2020-08-31,0.00293217,0.00353443,0.00399985
2020-09-01,-0.00082632,-0.00679279,-0.00341645
2020-09-02,0.00591298,-0.0025637,-0.00294822
2020-09-03,-0.0010695,-0.00081416,0.00549836
2020-09-04,-0.00889312,0.00153232,0.00603885
2020-09-07,-0.00467774,-0.01083758,0.00138028
2020-09-08,-0.00303571,-0.00506448,-0.00180442
2020-09-09,-0.00416803,-0.00797275,0.0020552
2020-09-10,0.00051584,-0.00106986,-0.00287204
2020-09-11,-0.00147782,0.00040749,-0.00353109
2020-09-14,-0.0028538,0.00736538,0.00730578
2020-09-15,-0.00579646,-0.0121023,-0.0014167
2020-09-16,0.00314017,0.00092412,-9.44e-06
2020-09-17,0.0089044,0.00663566,-0.00147638
2020-09-18,0.00215038,-0.00193378,0.0023919
2020-09-21,-0.00118897,0.00080673,0.00205569
2020-09-22,0.0026439,0.0050288,0.00455183
2020-09-23,-0.00498228,-0.00856093,-0.00433812
2020-09-24,-0.01250481,-0.01418297,-0.00845601
2020-09-25,-0.00264745,0.00538669,-0.00216275
2020-09-28,-0.00375584,0.00435491,0.00405869
2020-09-29,-0.00176616,0.00632917,0.00271836
2020-09-30,-0.00675738,0.00028654,0.00128622
2020-10-01,-0.00253424,-0.00290138,-0.00480272
2020-10-02,-0.00019326,-0.00268628,0.00236974
2020-10-05,-0.00198638,-0.00683499,-0.01025903
2020-10-06,-0.00255482,-0.00033067,-0.00076667
2020-10-07,0.00685749,-0.00124565,-0.00277715
2020-10-08,-0.00064204,-0.0044457,-0.00851258
2020-10-09,-0.00230537,-0.00287373,-0.00033814
2020-10-12,-0.00672219,-0.01275093,-0.00462161
2020-10-13,0.00374653,-0.00494267,0.00075316
2020-10-14,-0.00845464,-0.00846962,-0.00231078
2020-10-15,-0.00089011,0.0020286,-0.00077686
2020-10-16,-0.00486451,-0.00588884,-0.00433699
2020-10-19,-0.01168784,-0.01378498,-0.00798124
2020-10-20,-0.00451686,-0.00869014,-0.00300956
2020-10-21,0.00420446,-0.00102203,-0.00333256
2020-10-22,-0.0021471,0.0018835,0.00296426
2020-10-23,0.00076665,-0.00067404,0.00410012
2020-10-26,-0.00227757,-0.0026618,0.00135585
2020-10-27,0.00695841,0.00520152,-0.00101006
2020-10-28,0.0017463,0.01314982,0.00818747
2020-10-29,-0.00545988,-0.00628649,0.0006352
2020-10-30,0.00414976,0.0044603,0.00286486
2020-11-02,0.00378171,-0.00167676,-0.00013551
2020-11-03,-0.00216614,0.00244644,-0.00085757
2020-11-04,0.00245076,-0.00480166,-0.00507746
2020-11-05,-0.00315078,0.00157811,-0.00040684
2020-11-06,-0.00014435,0.00112444,0.00039414
2020-11-09,0.00928817,0.00615249,0.00206391
2020-11-10,-0.00029691,0.00543852,-0.00211998
2020-11-11,-0.00669782,-0.00576889,0.0009492
2020-11-12,-0.0005804,-0.01130703,-0.00402206
2020-11-13,0.00809482,0.0051115,3.49e-05
2020-11-16,0.00840688,0.00370351,0.00210464
2020-11-17,0.00265918,-0.0019079,-0.00056775
2020-11-18,-0.00028573,0.00142913,0.00073304
2020-11-19,0.00331546,0.00113784,0.00210588
2020-11-20,-0.00217857,-0.00352607,0.0026441
2020-11-23,0.00639485,0.00890579,0.00099994
2020-11-24,-0.00178835,0.00292347,-0.00144487
2020-11-25,-0.00381427,-0.01066331,-0.00412821
2020-11-26,-0.00568644,-4.217e-05,0.00457753
2020-11-27,-0.00296341,0.00171935,0.00262348
2020-11-30,-0.00949755,-0.00673618,-0.00051901
2020-12-01,-0.00623403,0.00068864,-0.00654108
2020-12-02,0.01010776,0.00309328,0.00191918
2020-12-03,0.00049621,-0.00854872,-0.0018437
2020-12-04,0.00435816,-0.00019193,-0.00513946
2020-12-07,-0.00725564,-0.00847708,0.00237282
2020-12-08,0.00457274,0.0019792,0.00141284
2020-12-09,0.01110737,0.00587374,0.00176575
2020-12-10,-0.00205604,-0.00105233,0.00360661
2020-12-11,-0.00211971,-0.00785701,-0.00245353
2020-12-14,-0.00295308,0.00069383,-0.00148699
2020-12-15,-0.0054826,0.00266463,-0.00225861
2020-12-16,0.00122978,0.00230946,5.224e-05
2020-12-17,2.345e-05,0.00682813,-0.0018414
2020-12-18,-0.00682876,-0.01063798,-0.00768809
2020-12-21,-0.00153149,0.00604382,-0.00515914
2020-12-22,0.00256911,0.00592083,0.00178823
2020-12-23,-0.00031798,0.00118885,0.00427394
2020-12-24,0.00607761,0.01229204,0.00746167
2020-12-25,-0.00551905,0.00444968,0.00605039
2020-12-28,-0.00249541,-0.00217478,-0.00319491
2020-12-29,0.00330155,-0.00176009,0.00046134
2020-12-30,0.0003092,0.00451615,-0.0001962
2020-12-31,7.481e-05,0.00540424,-0.00300382
2021-01-01,0.0064795,0.01066687,0.01081812
2021-01-04,-0.00879791,-0.00891237,-0.00075521
2021-01-05,0.00336305,0.00277126,0.00019399
2021-01-06,-0.00031619,-0.00010529,-0.0023114
2021-01-07,0.00265152,-0.00506286,-0.0061066
2021-01-08,-0.00342038,0.00121771,-0.00075735
2021-01-11,0.00051323,-0.00023418,0.00244498
2021-01-12,-0.00228758,0.00168085,0.00159063
2021-01-13,0.00445168,0.00436411,0.00196096
2021-01-14,0.00319464,0.00182107,0.00592045
2021-01-15,0.012042,0.00502394,-0.00787015
2021-01-18,-0.00404176,-0.00531751,-0.00630257
2021-01-19,0.00124044,0.00927912,-0.00054295
2021-01-20,0.00259093,0.00088164,0.00408405
2021-01-21,0.00235376,0.00243945,0.00230889
2021-01-22,0.00287647,-0.00210027,-0.00501129
2021-01-25,-0.00253162,-0.01132772,-0.00443085
2021-01-26,-0.00986325,-0.00711748,0.00278055
2021-01-27,-0.00228099,-0.00889509,-0.00457292
2021-01-28,-0.00719553,-0.00339647,-0.00418471
2021-01-29,-0.0014909,0.00416615,0.00163955
2021-02-01,-0.00574341,-0.0035057,-0.00382278
2021-02-02,-0.0014178,-0.00720351,0.00186006
2021-02-03,-0.00206815,-0.00509703,0.00170367
2021-02-04,0.00702643,-0.00075746,0.00525429
2021-02-05,0.00082483,0.01204113,0.00610448
2021-02-08,0.00096463,0.00064581,-0.00135953
2021-02-09,0.00176366,0.00487855,-0.0005793
2021-02-10,-0.00559938,-0.00363887,-0.00160016
2021-02-11,-0.0077753,-0.01062181,-0.00276135
2021-02-12,0.00881272,0.01754694,0.00411515
2021-02-15,4.453e-05,-0.00544801,-0.0005795
2021-02-16,-0.003244,-0.00303125,0.00091866
2021-02-17,0.00032938,0.00381404,-0.00317149
2021-02-18,-0.00271136,-0.00814234,0.00314494
2021-02-19,0.00011582,-0.00022865,0.0056052
2021-02-22,-0.00209862,-0.0034274,-0.00145016
2021-02-23,-0.00296895,0.00624941,0.00444418
2021-02-24,0.01087516,0.01306948,0.00625382
2021-02-25,-0.00257287,-0.00524917,-0.0025478
2021-02-26,0.0025951,-0.01337613,0.00078251
2021-03-01,0.00415284,0.000445,0.00407553
2021-03-02,-0.0054341,0.00392797,0.00189514
2021-03-03,-0.00721911,-0.00857532,-0.00072878
2021-03-04,0.00410198,-0.00316864,0.00137185
2021-03-05,-0.00167558,0.00266775,0.00419384
2021-03-08,-0.00270964,-0.00576279,-0.0032159
2021-03-09,-0.00559318,-0.01609126,-0.00535991
2021-03-10,-0.00191898,0.00219457,-0.00117422
2021-03-11,-0.00865574,-0.00704139,0.00285528
2021-03-12,-0.00089021,-0.00277698,0.0017426
2021-03-15,0.00668008,0.00918289,-0.00032331
2021-03-16,0.00197559,-0.00120479,0.0028626
2021-03-17,0.00322537,0.00108905,-0.00138275
2021-03-18,-0.00030344,0.00269143,0.00552364
2021-03-19,0.00027728,-0.00545198,0.00130567
2021-03-22,-0.00475748,0.00238701,-0.00217335
2021-03-23,0.00043849,-0.00321223,0.00203553
2021-03-24,-0.00160108,0.00449923,0.00278086
2021-03-25,0.00530472,0.00953422,0.00101474
2021-03-26,-0.00508034,-0.00107606,-0.00296976
2021-03-29,-0.00095052,0.00509506,0.00247061
2021-03-30,0.00106219,-0.00129523,0.00421077
2021-03-31,-0.00322698,-0.00531277,0.00148062
2021-04-01,0.00016458,0.00282073,-0.00209714
2021-04-02,-0.00814441,-0.00397556,-0.0019848
2021-04-05,-0.0036547,-0.00464878,-0.00101874
2021-04-06,0.00747064,0.00675069,0.00729645
2021-04-07,0.00254644,0.00718413,0.00593197
2021-04-08,-0.0005511,0.00017285,-0.00394585
2021-04-09,-0.00848787,-0.00218006,0.00593674
2021-04-12,0.00548133,0.00033623,0.0006134
2021-04-13,-0.00271658,0.00539701,0.00096813
2021-04-14,0.00369757,0.00391571,0.00318007
2021-04-15,0.00823319,0.01016728,0.00532805
2021-04-16,-0.00479005,0.00716991,0.00366917
2021-04-19,-0.00573388,-0.00718179,-0.00533971
2021-04-20,0.00556662,0.00095372,0.00667588
2021-04-21,0.01312749,0.01143016,0.00339599
2021-04-22,-0.0026158,-0.00244232,-0.00183415
2021-04-23,0.00327904,0.00537092,-0.00428851
2021-04-26,0.00026462,-0.00179342,-0.0054979
2021-04-27,-0.00212613,0.0081658,-0.00161806
2021-04-28,0.00086171,0.00297565,0.00590512
2021-04-29,-0.00255502,-0.0029829,-0.00126128
2021-04-30,-0.00244894,-0.0020759,0.00503516
2021-05-03,-0.00577182,-0.00564487,-0.00416384
2021-05-04,0.00091623,-0.00634757,-0.00193078
2021-05-05,0.00236683,0.00671659,0.00718475
2021-05-06,0.00454025,0.0066778,0.00348928
2021-05-07,-0.00095357,0.0052748,-0.00108791
2021-05-10,0.00052227,-0.00317923,7.068e-05
2021-05-11,-0.00211182,-0.00546627,-0.00223357
2021-05-12,0.00521854,0.01026498,-0.00019263
2021-05-13,-0.00248209,-0.00274849,-0.00293571
2021-05-14,-0.00206103,0.00352384,-0.00063751
2021-05-17,0.00810147,0.00916707,0.00501286
2021-05-18,-0.00304352,-0.0086724,-0.00388367
2021-05-19,0.00715776,6.312e-05,0.00425298
2021-05-20,-0.00633123,-0.00713812,0.00459583
2021-05-21,0.00496153,-0.00036183,0.00385621
2021-05-24,0.00509292,0.01081307,0.00042034
2021-05-25,-0.00298118,0.00116932,0.00279551
2021-05-26,-0.0045918,-0.00638993,0.0008786
2021-05-27,-0.00123446,-0.00029335,-0.00073767
2021-05-28,0.00065182,0.00014584,0.00339428
2021-05-31,0.00512696,0.01026677,0.00507114
2021-06-01,0.00742298,0.01366681,-0.0056704
2021-06-02,0.00995235,0.00693648,0.00456515
2021-06-03,0.0002152,0.0029796,-0.00147943
2021-06-04,0.00421004,0.00175871,0.00051977
2021-06-07,0.00412184,-0.00220361,0.00034003
2021-06-08,-0.00102328,0.00157943,0.00039101
2021-06-09,-0.00816107,-0.00438054,-0.00342075
2021-06-10,0.00095155,-0.00418417,0.00633685
2021-06-11,0.00564987,-0.00198659,0.00131619
2021-06-14,0.00102666,-0.00861697,-0.00494574
2021-06-15,0.00148128,-0.00632353,-0.00202388
2021-06-16,0.00372136,-0.00237686,0.0048019
2021-06-17,-0.00127797,-0.00141916,-0.0063621
2021-06-18,-0.00990219,-0.0165328,-0.00173564
2021-06-21,0.00346345,0.00295325,-0.00124866
2021-06-22,0.00335957,-0.00127272,0.00054969
2021-06-23,0.00192008,-0.00452462,-0.00211261
2021-06-24,-0.00322692,-0.00386872,0.00899145
2021-06-25,0.00554843,-0.00196851,-0.00234593
2021-06-28,-0.00020708,-0.0056472,-0.00523475
2021-06-29,-0.00044124,-0.00738455,-0.00461083
2021-06-30,0.0013158,0.0052725,-0.00188454
2021-07-01,0.00393911,0.00421714,0.00109921
2021-07-02,-0.00150423,-0.00277621,-0.00167501
2021-07-05,-0.00882087,-0.00502393,-0.00204348
2021-07-06,-0.00083622,0.00646739,-0.00318701
2021-07-07,-0.01353196,-0.00355101,-0.00072275
2021-07-08,0.01463623,0.00769536,0.00179989
2021-07-09,0.006777,0.01764314,0.00933093
2021-07-12,0.0049115,-0.00224218,0.0019009
2021-07-13,-0.00324665,-1.776e-05,0.00094293
2021-07-14,-0.00308553,0.00173453,-0.00262319
2021-07-15,-0.0002892,0.00092443,0.00334687
2021-07-16,-0.0014133,0.00129688,-0.00658794
2021-07-19,0.0031685,-0.0014242,0.00959975
2021-07-20,0.00507191,0.00283843,-0.00353036
2021-07-21,0.01320098,0.01027948,-0.00171602
2021-07-22,-0.00024127,-0.00584864,-0.00205156
2021-07-23,0.00143595,0.00449177,-0.00042038
2021-07-26,-0.00439762,0.00103569,-0.0077565
2021-07-27,0.00211302,0.00446574,0.00187608
2021-07-28,0.00243131,0.00771083,-0.00787691
2021-07-29,0.00476142,0.00268785,0.00128781
2021-07-30,-0.00274654,-0.00521405,0.00486749
2021-08-02,-0.0071431,-0.00350274,-0.0019948
2021-08-03,-0.00970419,-0.00952642,-0.00321101
2021-08-04,0.00644458,0.00875984,-0.00549185
2021-08-05,-0.00047487,0.0027786,0.008947
2021-08-06,-0.00312296,-0.00438891,0.00356222
2021-08-09,0.00165744,0.006085,-0.00445633
2021-08-10,-0.00191717,0.00198016,0.00606866
2021-08-11,0.00581849,0.01108023,0.00157939
2021-08-12,-0.00252538,-0.00952199,-0.0050866
2021-08-13,-0.00106888,0.00227448,0.00030746
2021-08-16,-0.00641567,0.00181116,0.00620616
2021-08-17,0.00581004,0.00638604,0.00207301
2021-08-18,-0.00680996,-0.01502933,-0.00848141
2021-08-19,-0.0051693,-0.00603801,0.00089518
2021-08-20,0.00107674,0.00665598,-0.00015852
2021-08-23,-0.00649505,-0.01012681,-0.00243509
2021-08-24,-0.00435668,0.00246062,0.00288798
2021-08-25,0.00205958,0.01405376,0.00446862
2021-08-26,-0.00232104,0.00123404,-0.00120928
2021-08-27,-0.00953594,-0.00874956,-0.00209503
2021-08-30,-0.00046858,-0.00242308,0.00530189
2021-08-31,0.00442168,0.00113419,0.00232771
2021-09-01,-0.00107074,0.00075549,-0.00057976
2021-09-02,-0.00565919,0.00601006,0.00092464
2021-09-03,-0.00442624,-0.00576534,-0.00175649
2021-09-06,-5.37e-05,-0.00659068,-0.00513943
2021-09-07,-0.0016481,-0.00530966,0.00023179
2021-09-08,0.00175339,-0.00420594,-0.00161812
2021-09-09,-0.0037284,3.229e-05,0.00293609
2021-09-10,0.00340579,0.00234211,0.00613866
2021-09-13,-0.00489038,-0.00775247,-0.00465609
2021-09-14,-0.00410419,0.0086934,0.00518874
2021-09-15,0.00124678,0.00349998,-0.00206654
2021-09-16,0.00190213,-0.00221152,-0.00813712
2021-09-17,0.00235832,5.331e-05,0.00481575
2021-09-20,0.00287693,0.00900755,0.00685369
2021-09-21,0.00100248,-0.00090495,0.00072608
2021-09-22,0.0032404,0.00707303,0.00418435
2021-09-23,0.00076753,0.00483346,0.00235842
2021-09-24,0.00639133,0.00672725,0.00460661
2021-09-27,-0.00170276,-0.0008714,0.00805839
2021-09-28,-0.00616341,-0.00307705,-0.00426567
2021-09-29,0.00428655,-0.00216969,0.00068076
2021-09-30,-0.00412177,-0.00800237,-0.00196182
2021-10-01,-0.00683994,0.00068568,0.00020253
2021-10-04,-0.00906932,-0.00987036,-0.00516708
2021-10-05,-0.00133318,-0.0130117,0.00241993
2021-10-06,0.00479206,-0.00464437,-0.00203077
2021-10-07,-0.01671157,-0.01542277,-0.00909777
2021-10-08,0.00153576,-0.00066078,-0.00427777
2021-10-11,0.01001531,0.00509365,0.00744423
2021-10-12,-0.00084693,-0.00506894,3.375e-05
2021-10-13,0.0045961,0.01470873,0.00390546
2021-10-14,0.00667944,0.0057428,-0.00262481
2021-10-15,-0.00545596,-0.00489838,-0.00373124
2021-10-18,-0.0004156,0.00356111,0.0042373
2021-10-19,0.00403478,0.01539078,0.00457316
2021-10-20,0.00509096,-0.0011631,0.00172951
2021-10-21,-0.00175499,-0.01293077,-0.00294378
2021-10-22,-0.01124537,-0.00631737,-0.0030957
2021-10-25,-0.00273203,-0.00575935,0.00552252
2021-10-26,-0.0016233,-0.00398143,-0.00263197
2021-10-27,0.00074552,0.00374835,-0.00059945
2021-10-28,-0.00666814,-0.00694617,-0.00288477
2021-10-29,0.00115001,0.01185913,0.00822716
2021-11-01,-0.00013185,-0.00467467,-0.00466609
2021-11-02,0.00428271,0.00615697,0.00290093
2021-11-03,-0.00418776,-0.0033014,-0.007922
2021-11-04,0.00119307,-0.00083868,-0.00350699
2021-11-05,0.00260393,-0.00879655,0.00147367
2021-11-08,0.00651131,-0.00090695,0.00338711
2021-11-09,0.00080017,-0.00612033,0.00075825
2021-11-10,0.00468692,-0.00321198,0.00028255
2021-11-11,0.00019145,-0.00169683,-0.00280518
2021-11-12,-0.00184934,-0.004197,0.00275122
2021-11-15,-0.0035886,0.00179038,-0.004866
2021-11-16,0.00482534,-0.00134598,-0.00030858
2021-11-17,-0.00288895,-0.0086372,-0.00163768
2021-11-18,0.00037202,0.00495553,0.0035277
2021-11-19,-0.00083166,0.00088526,0.00403576
2021-11-22,-0.00317006,0.00123438,0.0088743
2021-11-23,0.00186511,-0.00438745,-0.00033261
2021-11-24,0.00146429,-0.00462696,0.00155603
2021-11-25,-0.00449274,-0.0063044,-0.00451764
2021-11-26,-0.00668417,-0.00296515,-0.00969092
2021-11-29,-0.00257562,-0.00379449,-0.00023273
2021-11-30,0.00546087,0.00500966,0.00565613
2021-12-01,8.839e-05,-3.724e-05,-0.00378219
2021-12-02,-0.00322994,-0.00039294,-0.00108507
2021-12-03,0.00035076,-0.0010319,0.00300163
2021-12-06,0.00090003,0.00443274,-0.00273443
2021-12-07,0.00226365,0.00858862,0.00250232
2021-12-08,-0.00351655,-0.00361081,-0.00523233
2021-12-09,-0.00077995,-0.00550574,-0.00345347
2021-12-10,0.00094267,-0.00340221,-0.00567248
2021-12-13,-0.00343244,-0.00088786,-0.0016291
2021-12-14,0.00036355,0.00366328,-0.00337424
2021-12-15,-0.00555908,0.00047872,0.00237821
2021-12-16,-0.00092267,-0.00500221,-0.00315887
2021-12-17,-0.00516174,-0.00099097,0.0044131
2021-12-20,-0.002194,0.00158115,0.00041465
2021-12-21,-0.00066434,-0.006431,0.00401051
2021-12-22,-0.00406539,-0.00035395,-9.477e-05
2021-12-23,-0.00390632,-0.00105953,0.00189952
2021-12-24,-0.00153463,-0.00389424,0.00121946
2021-12-27,0.00200055,-0.00395627,0.00325483
2021-12-28,0.003242,0.00784257,0.00483437
2021-12-29,0.00730161,0.00951089,0.00270621
2021-12-30,-0.00013381,0.0032152,-0.00318168
2021-12-31,8.851e-05,-0.00627778,0.00074063
2022-01-03,-0.00133785,-0.00061159,-0.00642585
2022-01-04,0.0046512,0.00445605,0.00485561
2022-01-05,-0.0040371,0.00361692,0.00025142
2022-01-06,0.00636597,-0.00508984,-0.00205217
2022-01-07,-0.00957375,-0.01041036,-0.00015176
2022-01-10,-0.00401272,-0.00245154,0.00450204
2022-01-11,0.00520733,0.00742247,0.00617512
2022-01-12,-0.00235143,0.00154027,0.00148942
2022-01-13,0.00293506,0.00989315,0.00272846
2022-01-14,0.00575436,0.00150384,0.00151508
2022-01-17,-0.00903574,-0.00469308,-0.00236309
2022-01-18,0.00203805,-6.401e-05,-0.00546243
2022-01-19,-0.00364707,-0.01514463,-0.00857128
2022-01-20,-0.00217677,-0.00242373,0.00263381
2022-01-21,0.00368703,0.00594363,0.00526433
2022-01-24,-0.00446723,-0.00922277,-0.00285133
2022-01-25,0.00026908,0.00100216,-0.00124301
2022-01-26,-0.00162483,-0.00301514,-0.00221061
2022-01-27,-0.00397555,0.00576209,-0.00528092
2022-01-28,0.00382755,0.00218164,-0.00740408
2022-01-31,0.00756249,0.00267304,0.00199296
2022-02-01,0.00420694,0.00211279,0.0004998
2022-02-02,-0.00344461,-0.00320859,0.00078878
2022-02-03,0.00418278,0.00119804,-0.00120563
2022-02-04,0.00262717,-0.00633327,0.00124609
2022-02-07,-0.00496301,-0.01651196,-0.00391255
2022-02-08,0.00588248,-0.00106294,-0.00326208
2022-02-09,-0.01030892,-0.00318876,-0.00519112
2022-02-10,0.0030885,0.00249416,0.00188648
2022-02-11,0.0052032,0.00168549,0.00050453
2022-02-14,0.00090171,0.00057553,-0.00149081
2022-02-15,0.00444663,0.00806011,0.00701629
2022-02-16,0.01104935,0.00446605,-0.00670478
2022-02-17,-0.00692807,-0.01451653,-0.00535784
2022-02-18,0.00767822,0.00400326,-0.0010772
2022-02-21,0.00170905,-0.00504861,-0.00286911
2022-02-22,-0.00246291,0.00130179,0.00150006
2022-02-23,0.00622885,0.00663853,0.01076365
2022-02-24,0.00442454,0.00412571,0.00201208
2022-02-25,-0.00319072,-0.00216677,0.00269345
2022-02-28,-0.00322607,0.00483834,0.00322913
2022-03-01,0.01083657,0.00622747,0.00104467
2022-03-02,-0.00306898,-0.00410375,0.00205418
2022-03-03,-0.00707144,-0.00666167,-0.00151778
2022-03-04,0.00229687,-0.00557726,-0.00394339
2022-03-07,-0.00317257,-0.00347397,5.658e-05
2022-03-08,-0.01345575,-0.00724757,-0.0036566
2022-03-09,0.00419997,0.00507513,0.0012279
2022-03-10,0.00352801,0.0050265,0.00056376
2022-03-11,-0.00558385,0.00090623,-0.00285476
2022-03-14,0.00139506,0.00710326,0.00547316
2022-03-15,0.00340907,0.00335951,-0.00314025
2022-03-16,-0.00053917,-0.00605588,0.00277187
2022-03-17,-0.00258718,-0.00060897,0.00020597
2022-03-18,-0.0007574,0.00573041,-0.00056913
2022-03-21,0.0031181,0.00060097,-0.0004626
2022-03-22,0.00620855,0.00830292,-0.00277431
2022-03-23,0.00012461,-0.00186094,0.00065998
2022-03-24,0.00517587,0.00610623,0.00407646
2022-03-25,0.00037544,0.00449914,0.00432733
2022-03-28,-0.01047541,-0.00848235,0.00085795
2022-03-29,-0.00130464,-0.00221801,-0.00209121
2022-03-30,-0.00210566,0.00289203,0.00138551
2022-03-31,0.00311842,0.00468809,0.00962471
2022-04-01,-0.00176333,-0.00798599,-0.00091299
2022-04-04,-0.00827659,-0.00889065,-0.00108433
2022-04-05,0.00788527,0.00409757,0.00343397
2022-04-06,0.00156936,-0.00497217,-0.0032138
2022-04-07,-0.00535277,-0.00239305,0.00022786
2022-04-08,0.00280458,0.00810334,0.00102798
2022-04-11,0.00427169,0.00312509,0.00131372
2022-04-12,0.00148605,0.00496789,0.00268194
2022-04-13,-0.00741855,-0.01035813,-0.00126332
2022-04-14,-0.00929489,-0.00538,-0.00812387
2022-04-15,0.00229986,0.00604795,0.00253947
2022-04-18,0.00126049,3.21e-05,0.00211639
2022-04-19,0.00681308,-0.00165703,0.0013417
2022-04-20,0.00053069,-0.00286427,-0.00278475
2022-04-21,0.00159329,-0.0018056,-0.0079548
2022-04-22,-0.00088985,-6.412e-05,0.00451536
2022-04-25,0.00272689,0.00017166,0.00401743
2022-04-26,-0.00392385,-0.00225663,-0.00025661
2022-04-27,-0.00615949,-0.0006633,0.00635231
2022-04-28,0.00611686,0.00718147,0.00539787
2022-04-29,0.00243687,0.00938628,0.00480576
2022-05-02,0.00152776,0.00307607,0.00074657
2022-05-03,-0.00751094,0.00505669,-0.00445979
2022-05-04,-0.00768429,-0.00303643,0.00236924
2022-05-05,-0.00198175,-0.00185985,-0.0032508
2022-05-06,-0.00212886,-0.0012341,-0.00367255
2022-05-09,0.00029343,0.00310083,0.00774473
2022-05-10,-0.00502548,-0.00169933,-0.00295491
2022-05-11,-0.00559902,-0.01104104,-0.00829487
2022-05-12,-0.00139524,-0.01182214,-0.00539771
2022-05-13,-0.00134856,0.00283081,-0.00029096
2022-05-16,0.00082577,0.00714484,0.001759
2022-05-17,0.00438749,-0.00121221,0.00352388
2022-05-18,0.00189568,-0.00124745,0.001004
2022-05-19,-0.00461731,-0.00206421,-0.00098493
2022-05-20,-0.00129239,-0.01206565,-0.00654887
2022-05-23,0.00333273,0.00802864,0.00603631
2022-05-24,0.0074986,0.00165212,0.00450309
2022-05-25,-0.00197491,-0.0059225,0.00169657
2022-05-26,-0.00093816,-0.00156069,-0.00222512
2022-05-27,0.0021009,0.00260353,-0.00292503
2022-05-30,0.00046414,0.00182245,-0.00280153
2022-05-31,0.00124091,-0.00232817,-0.00340448
2022-06-01,-0.00413931,-0.00241423,0.00085888
2022-06-02,0.00340814,0.00549638,0.00755266
2022-06-03,-0.00472203,0.00134222,0.0014777
2022-06-06,0.00360175,0.00114412,0.00181076
2022-06-07,-0.00322598,-0.0036469,-0.00127262
2022-06-08,0.00408863,0.00753315,-0.00151956
2022-06-09,-0.00177678,0.01047538,0.000758
2022-06-10,0.00546779,0.00070658,0.00260467
2022-06-13,0.00480227,0.00571306,0.00016126
2022-06-14,0.00253024,0.0031727,-0.00482664
2022-06-15,-0.0028446,-0.00943156,-0.00616056
2022-06-16,0.00242221,0.00347818,0.0053267
2022-06-17,-0.00071328,0.00243706,-0.00418862
2022-06-20,0.00209927,0.001132,-0.00171541
2022-06-21,5.893e-05,0.00570742,-0.00087449
2022-06-22,-0.00138692,-0.00258672,0.00302958
2022-06-23,0.00056316,-0.00307196,0.00171288
2022-06-24,-0.00062279,0.01491565,0.00411818
2022-06-27,0.00690411,0.00524791,0.00884152
2022-06-28,-0.00610533,0.00013988,-0.00484764
2022-06-29,-0.00545492,-0.00800316,-0.00570439
2022-06-30,0.0071668,0.01025564,0.00288952
2022-07-01,0.00232852,-0.00486567,0.00168064
2022-07-04,0.00576678,0.00779026,0.01253973
2022-07-05,0.00175302,0.00216248,0.00739598
2022-07-06,-0.00377809,0.00053986,0.00038139
2022-07-07,0.0018193,-0.00103089,-0.00803048
2022-07-08,-0.00278944,-0.00699897,-0.00410651
2022-07-11,-0.00896369,-0.01044854,-0.00304555
2022-07-12,-0.00682428,0.00487779,0.00084747
2022-07-13,-0.00770882,-0.00191965,-0.00322204
2022-07-14,-0.00540244,-0.00011209,0.00277121
2022-07-15,-0.00102713,-0.00482272,6.145e-05
2022-07-18,-0.00353907,-0.00221789,-0.00431307
2022-07-19,0.00407748,-0.00080586,-0.00557478
2022-07-20,-0.00425538,0.0035127,-0.0032107
2022-07-21,-0.00347611,-0.00128484,-0.00255048
2022-07-22,-0.00335016,0.00114361,0.00013551
2022-07-25,0.00869408,0.00992883,0.0050982
2022-07-26,-0.00501836,-0.00064677,0.00344616
2022-07-27,-0.00123021,-0.00482427,0.00152869
2022-07-28,0.00321152,-0.00097852,-0.00087467
2022-07-29,0.00414913,0.0098526,0.0038646
2022-08-01,-0.00527632,0.00023435,0.00282299
2022-08-02,0.00188275,0.00131452,-0.01216093
2022-08-03,-0.00299667,-0.00133316,-0.00643591
2022-08-04,0.01086936,0.00811981,-0.00021884
2022-08-05,-0.00146724,-0.00432377,-0.00064118
2022-08-08,0.00646565,0.0063776,-0.00164084
2022-08-09,-0.00905852,-0.00700949,-0.00129267
2022-08-10,0.00412992,0.00452811,-0.00363934
2022-08-11,0.00592968,0.00715858,0.00097063
2022-08-12,0.00274512,-0.0036179,-0.0065212
2022-08-15,-0.00233235,-0.00647615,-0.00268887
2022-08-16,-0.0033157,-0.00010133,0.00149216
2022-08-17,0.00220658,0.00857963,0.01149896
2022-08-18,-0.00358238,0.00098049,0.00283679
2022-08-19,-0.00092448,0.00013376,0.00324826
2022-08-22,0.00414475,0.00660212,-0.00064065
2022-08-23,-0.00400693,-0.00153544,0.00237723
2022-08-24,0.00842139,0.00094757,-0.00573535
2022-08-25,0.00553295,0.00398039,-0.00389138
2022-08-26,-0.00266186,0.00024636,0.00464266
2022-08-29,0.00864626,0.0122453,0.00389033
2022-08-30,-0.00511618,-0.01362139,0.00200502
2022-08-31,-0.00302236,0.00695186,0.00237721
2022-09-01,-0.00268291,0.00014449,0.00177887
2022-09-02,-0.00015448,-0.00333157,0.00431073
2022-09-05,-0.00375956,-0.0090486,-0.00191087
2022-09-06,0.00451943,0.0058281,0.00131492
2022-09-07,0.00297965,0.00249089,-0.00846098
2022-09-08,-0.00372565,0.00108186,-0.00157537
2022-09-09,0.00736275,0.00418686,-0.00334227
2022-09-12,-0.00054174,-0.0043498,-0.00050791
2022-09-13,-0.0019577,-0.00987477,-0.00697181
2022-09-14,0.00199826,-0.00335653,-0.00357622
2022-09-15,-0.00620532,-0.01352765,-0.00128018
2022-09-16,0.00090865,0.00552556,0.00447398
2022-09-19,0.00297385,0.001684,-0.00125074
2022-09-20,0.00910061,0.0060351,0.00387161
2022-09-21,0.0026357,-0.00121612,0.00076184
2022-09-22,-0.00306174,-0.00660348,-0.00289988
2022-09-23,-0.01049973,-0.01590953,-0.00976011
2022-09-26,0.00569965,0.00244095,0.00012919
2022-09-27,0.00068848,-0.00027918,-0.0030038
2022-09-28,0.00132644,0.00785891,0.0068028
2022-09-29,-0.00451485,-0.00506259,-0.00411463
2022-09-30,0.00749318,0.00670742,0.001882
2022-10-03,-0.01367624,-0.00772637,-0.00695608
2022-10-04,-0.00238546,-0.00178615,-0.002507
2022-10-05,0.00391924,0.01420204,0.0018943
2022-10-06,0.0005246,0.01336529,0.00466394
2022-10-07,0.00348458,0.01057654,-0.00139529
2022-10-10,-0.00702145,-5.828e-05,0.00334751
2022-10-11,0.00319371,0.00599014,0.0081512
2022-10-12,-0.00359349,-0.00366256,-0.00667396
2022-10-13,-2.894e-05,0.00335286,0.00444945
2022-10-14,-0.00669925,-0.00674373,-0.0032294
2022-10-17,0.00781973,-0.00181507,0.00390075
2022-10-18,0.00381568,0.0075308,0.00755907
2022-10-19,0.00330321,0.00371801,-0.00172292
2022-10-20,0.00745838,0.00949268,0.00117028
2022-10-21,0.00630139,-0.00300595,-0.00429736
2022-10-24,-0.00738033,-0.00737242,-0.00070414
2022-10-25,0.00703049,0.00768798,0.00398527
2022-10-26,-0.00460257,0.00506951,-0.00209114
2022-10-27,0.00372597,0.00240083,-0.00015668
2022-10-28,-0.00400016,-0.00781678,0.00142928
2022-10-31,-0.00755317,0.00248303,0.0034952
2022-11-01,0.00516815,0.00994501,0.00326275
2022-11-02,-0.00508865,-0.00663171,-0.00546727
2022-11-03,0.00127974,-0.00355531,-0.00373999
2022-11-04,-0.00141273,0.000795,0.00025339
2022-11-07,-0.00733048,-0.00581738,-0.00342833
2022-11-08,-0.00563141,1.577e-05,-0.00944015
2022-11-09,-0.00016651,0.00421696,0.00463236
2022-11-10,-0.00194673,-0.00974252,0.00150076
2022-11-11,-0.00029542,-0.00708376,0.00389715
2022-11-14,-0.00552248,0.00258345,0.00070198
2022-11-15,-0.00040135,0.00100006,-0.00051495
2022-11-16,-0.0018504,-0.00190327,0.00260049
2022-11-17,-0.00288211,-0.0055131,-0.00119354
2022-11-18,-0.00744199,-0.00984551,0.00263964
2022-11-21,-0.00441509,-0.00907988,-5.49e-06
2022-11-22,-0.00344042,0.00067506,0.00261733
2022-11-23,0.00049564,-0.00273383,-0.00103222
2022-11-24,-0.00267762,-0.00070585,0.00141597
2022-11-25,0.00632979,0.01830351,0.00320495
2022-11-28,0.00347905,0.001316,0.00332522
2022-11-29,0.00481887,0.00125205,-0.00505168
2022-11-30,0.0045555,0.00983042,0.00397871
2022-12-01,-0.00892375,0.00460356,-0.0048112
2022-12-02,0.00195647,-0.00270578,-0.00070149
2022-12-05,-0.00034593,0.00170392,-0.00650937
2022-12-06,0.00199,0.01416036,0.00219545
2022-12-07,0.00613982,0.00811677,0.00525575
2022-12-08,0.00096756,-0.00094011,-0.00310976
2022-12-09,-0.00187727,-0.0001601,0.00302487
2022-12-12,-0.00044666,-0.00710299,-0.00215801
2022-12-13,0.00015645,0.00349829,0.00129045
2022-12-14,-0.00183992,0.0078269,0.0061352
2022-12-15,-0.0002124,0.00574627,0.00277467
2022-12-16,-0.00044704,-0.01420411,8.43e-06
2022-12-19,0.00235145,0.00057338,0.0038872
2022-12-20,-0.00514337,-0.00763489,0.0002805
2022-12-21,-0.00317971,0.00292612,-0.0038628
2022-12-22,0.00092737,0.000671,0.00254073
2022-12-23,0.00151698,-0.00097991,-0.00130484
2022-12-26,-0.01205551,-0.0147468,-0.00816111
2022-12-27,-0.00093721,0.00384636,0.00319019
2022-12-28,-0.00276163,-0.00222186,0.00461951
2022-12-29,-0.00203749,0.00014402,-0.00076432
2022-12-30,-0.0007745,0.00278437,0.00127654
2023-01-02,0.0012613,-0.00514999,-0.00173894
2023-01-03,0.00669341,0.0120712,0.00220096
2023-01-04,-0.00194868,-0.00234346,-0.00064387
2023-01-05,0.00359685,0.00642566,0.00053033
2023-01-06,-0.00568313,-0.0196911,-0.00816244
2023-01-09,0.00099906,-0.0029622,0.0015191
2023-01-10,0.0050494,0.00520805,0.00770968
2023-01-11,-0.00148252,0.00255965,-0.0003852
2023-01-12,0.00220719,0.00953512,0.00079672
2023-01-13,-0.00082348,0.00529317,0.00332511
2023-01-16,0.0034341,-0.00300872,0.00051816
2023-01-17,-0.0016054,-0.00452687,-0.00485186
2023-01-18,0.00539427,0.00321794,-6.358e-05
2023-01-19,-0.01165093,-0.00612234,-0.00562608
2023-01-20,-0.00466163,-0.00244748,-0.00897454
2023-01-23,0.0022436,0.01031771,-0.00151913
2023-01-24,-0.00255532,0.00523548,-0.00108501
2023-01-25,0.00410708,-0.00123013,0.00168884
2023-01-26,-0.00237226,-0.00031509,0.00193273
2023-01-27,-0.00530011,-0.00455139,0.00117473
2023-01-30,0.00525707,-0.0017485,-0.00093841
2023-01-31,0.00694772,-0.00175943,-9.482e-05
2023-02-01,0.00607425,0.00264846,0.00087231
2023-02-02,-0.00123385,0.00372922,0.00306314
2023-02-03,0.00453018,0.00398418,0.00980674
2023-02-06,-0.00333652,-0.00378579,-0.00837028
2023-02-07,-0.00850972,-0.0129077,0.00235336
2023-02-08,-0.00443045,0.00249016,0.00525194
2023-02-09,-0.00099227,-0.00166433,-0.00509853
2023-02-10,0.00318316,0.00320302,-0.00395971
2023-02-13,0.00509816,0.00869574,-0.00916609
2023-02-14,0.00254016,0.00540173,-0.00321183
2023-02-15,-0.00738333,-0.00681355,0.00083413
2023-02-16,0.00053002,-0.00043682,-0.00229725
2023-02-17,0.00997037,-0.00710847,-0.00114163
2023-02-20,-0.00181897,-0.00401394,0.00163668
2023-02-21,-0.0116847,-0.0159828,0.00183136
2023-02-22,0.01027169,0.01017173,0.00667143
2023-02-23,-0.00449927,-0.0087296,-0.00139705
2023-02-24,0.00605172,0.01051912,0.00932751
2023-02-27,0.00193496,0.01027956,-0.00266514
2023-02-28,0.00445675,0.00768541,0.00442726
2023-03-01,0.00181588,-0.00739318,-0.00162532
2023-03-02,0.00132143,0.00221033,0.00331523
2023-03-03,-0.00187175,0.00744052,0.00395745
2023-03-06,-0.00056339,-0.00204496,0.00017505
2023-03-07,0.00559462,0.01161021,0.00880443
2023-03-08,0.00511932,0.01621012,0.00681758
2023-03-09,-0.00436406,-0.00280284,-0.00179897
2023-03-10,0.00724834,0.00020352,0.00096205
2023-03-13,-0.00345104,0.00358873,-0.00158375
2023-03-14,0.00551044,0.0012012,-0.00172839
2023-03-15,-0.00167668,-0.00587502,-0.00189353
2023-03-16,-0.00945553,-0.01034601,-0.00849195
2023-03-17,0.00118592,0.00111833,-0.00121992
2023-03-20,-0.00526152,-0.00398597,-0.00675291
2023-03-21,0.00265002,-0.00447241,-0.0024229
2023-03-22,-0.00070655,-0.00288773,-0.0048956
2023-03-23,-0.00015788,-0.00586101,-0.00434655
2023-03-24,-0.00052588,-0.00693475,-0.00341548
2023-03-27,-6.463e-05,0.00559877,-0.00286812
2023-03-28,0.00128831,-0.00432054,0.00162276
2023-03-29,-0.00326801,-0.00293254,-0.00624118
2023-03-30,0.00334473,0.00532352,8.387e-05
2023-03-31,-0.0004789,0.00422697,-7.435e-05
2023-04-03,0.00123997,-0.00378644,0.00324019
2023-04-04,0.00890662,0.00969608,0.00730384
2023-04-05,-0.00417475,0.00154508,0.00706997
2023-04-06,-0.00348152,-0.0014297,-0.00892654
2023-04-07,0.00986346,0.00519539,0.00295696
2023-04-10,0.00275305,0.0041478,-0.00038244
2023-04-11,-0.00359624,-0.00107218,0.00051984
2023-04-12,-0.00251525,-0.00139216,-0.00620676
2023-04-13,0.00335976,-0.00172188,0.0033538
2023-04-14,-0.00136758,-0.00882661,0.00369115
2023-04-17,0.00064527,0.00029205,0.00243284
2023-04-18,0.00657504,0.00296603,0.00635254
2023-04-19,-0.00231385,-0.0080478,0.00231515
2023-04-20,0.00468606,-0.00028375,0.00292778
2023-04-21,-0.00428716,0.00162543,-0.00514478
2023-04-24,0.00137165,0.00560044,-0.00301275
2023-04-25,-0.00170435,-0.00344261,-0.00363506
2023-04-26,0.00867556,0.00646992,-0.00119901
2023-04-27,0.00333723,0.00283724,0.00312425
2023-04-28,-0.0041966,-0.00321655,0.00095832
2023-05-01,-0.00245477,0.00135301,0.00427211
2023-05-02,-0.00393894,0.00241759,0.00032624
2023-05-03,0.00852607,0.01116387,0.00350043
2023-05-04,0.00065725,0.00022221,-0.00302384
2023-05-05,-0.00181255,0.00447845,0.00033578
2023-05-08,-0.00022266,-0.00524972,0.00800856
2023-05-09,-0.00511606,-0.00761417,-0.00084847
2023-05-10,0.0033143,-0.00466563,0.00114405
2023-05-11,0.00119865,0.01107135,0.00682241
2023-05-12,-0.00065801,-0.00132797,0.00179747
2023-05-15,0.00399676,-0.00304362,-0.0054844
2023-05-16,0.00104309,0.00437716,-0.00339424
2023-05-17,0.00010786,-0.0078575,0.00023997
2023-05-18,-0.00655716,-0.01260217,-0.00466423
2023-05-19,0.00020569,0.00240715,0.00056908
2023-05-22,-0.00438749,-0.00317962,-0.00244539
2023-05-23,-0.00153343,-0.00155344,0.00324835
2023-05-24,0.00138869,0.01253109,0.00021809
2023-05-25,-0.00603049,0.00293747,0.00322074
2023-05-26,0.00207513,0.00755898,-0.00154448
2023-05-29,-0.00254181,0.00135345,2.233e-05
2023-05-30,-0.00969466,0.00158925,0.0019369
2023-05-31,0.00813832,0.0019125,0.00242046
2023-06-01,-0.00894174,-0.00630389,-0.00371376
2023-06-02,0.00886088,0.00534247,-0.00132779
2023-06-05,-0.00301078,-0.00130397,0.00208191
2023-06-06,-0.00408771,0.00725845,0.00091392
2023-06-07,-0.00455678,-0.00086405,0.0010687
2023-06-08,-0.00083118,-0.00715381,-0.00326132
2023-06-09,0.00529164,-0.00271051,-0.00030927
2023-06-12,0.0023894,0.00567995,0.00887022
2023-06-13,-0.00228658,-0.00352495,-0.00541945
2023-06-14,0.00708168,0.00195956,0.00278836
2023-06-15,0.0042901,0.007416,0.00083005
2023-06-16,-0.00057299,0.00032071,0.00514378
2023-06-19,-0.00824183,-0.00615929,-0.00419344
2023-06-20,0.00144872,0.00844557,0.00705394
2023-06-21,0.00169823,-0.00014192,0.0043502
2023-06-22,-0.00012341,-0.00026454,0.00514861
2023-06-23,0.00202212,0.00311972,0.00334203
2023-06-26,0.00494846,0.00438436,0.00137907
2023-06-27,0.00194453,-0.0099124,-0.00456662
2023-06-28,0.00019125,-0.00639607,0.00310089
2023-06-29,0.00136725,0.00745201,0.00167594
2023-06-30,-0.00377108,-0.00408404,0.00017492
2023-07-03,0.00431403,0.00924215,-0.00276453
2023-07-04,-0.00221502,0.00520307,0.0023861
2023-07-05,0.0001913,0.00304198,0.00032945
2023-07-06,0.00091826,4.771e-05,0.00107174
2023-07-07,0.00446833,0.00968637,0.0023867
2023-07-10,0.00550646,-0.00047371,-0.00075377
2023-07-11,-0.00262461,-0.00404854,-0.00732504
2023-07-12,0.00148285,0.00676169,0.00321909
2023-07-13,-0.001825,-0.00568141,-0.00287634
2023-07-14,0.00736876,0.00867904,0.0020484
2023-07-17,0.00033144,0.00479712,0.00464622
2023-07-18,0.00346939,-0.00246539,-0.00395802
2023-07-19,0.00090467,-0.00248063,0.00417008
2023-07-20,-0.01090961,-0.0124243,-0.00699131
2023-07-21,0.00200328,0.01156006,0.00589524
2023-07-24,0.0035964,0.00219625,0.00864465
2023-07-25,0.00221888,-0.00088166,0.00484506
2023-07-26,0.00657744,-0.0006819,0.00116775
2023-07-27,-0.00729153,-0.00700499,-0.00189342
2023-07-28,-0.00363417,0.00219165,0.00266276
2023-07-31,0.00156972,-0.00727428,-0.0066174
2023-08-01,-0.00338992,-0.00016473,-0.0051508
2023-08-02,-0.01375209,-0.01000108,-0.00737453
2023-08-03,-0.00534782,-0.0079457,-0.00644933
2023-08-04,0.00376356,-0.00413237,0.00082781
2023-08-07,0.00207629,0.01227953,-0.00019499
2023-08-08,0.00964947,0.00681844,-0.00346118
2023-08-09,0.00546335,0.00074406,-0.0049741
2023-08-10,-0.00294252,-0.00780594,0.00633781
2023-08-11,0.00309981,0.00220892,0.00278677
2023-08-14,0.00126647,-0.00430182,0.0005013
2023-08-15,0.00057937,0.00128612,-0.00272991
2023-08-16,0.00350523,0.00304443,0.00154273
2023-08-17,-0.00083875,0.00081701,-3.816e-05
2023-08-18,0.00351318,-0.0034604,-0.00457783
2023-08-21,-0.00226491,0.00221589,-0.00326287
2023-08-22,0.00138028,0.00760317,0.00687229
2023-08-23,0.00556492,0.01254303,0.00611883
2023-08-24,0.00123479,-0.00028563,-0.00062141
2023-08-25,0.00151785,-0.00510614,0.00300891
2023-08-28,0.00133842,0.00317851,-0.00071814
2023-08-29,0.00926261,0.01058811,0.00391399
2023-08-30,0.01002679,0.00730976,-5.108e-05
2023-08-31,0.00360024,0.00787104,0.0035597
2023-09-01,0.0072,0.00468039,-0.00228764
