date,rv_daily,rv_weekly,rv_monthly
2016-01-04,0.0001,0.0001,0.0001
2016-01-05,0.0001139587,0.0001,0.0001
2016-01-06,9.1026e-05,0.0001,0.0001
2016-01-07,9.2543e-05,0.0001,0.0001
2016-01-08,0.0001099266,0.0001014909,0.0001
2016-01-11,0.0001427362,0.0001100381,0.0001
2016-01-12,9.06346e-05,0.0001053733,0.0001
2016-01-13,7.75662e-05,0.0001026813,0.0001
2016-01-14,0.0001020633,0.0001045854,0.0001
2016-01-15,7.77875e-05,9.81576e-05,0.0001
2016-01-18,6.77498e-05,8.31603e-05,0.0001
2016-01-19,0.0001012795,8.52893e-05,0.0001
2016-01-20,9.78627e-05,8.93486e-05,0.0001
2016-01-21,7.9491e-05,8.48341e-05,0.0001
2016-01-22,9.26718e-05,8.7811e-05,0.0001
2016-01-25,8.66206e-05,9.15851e-05,0.0001
2016-01-26,7.78092e-05,8.6891e-05,0.0001
2016-01-27,4.07492e-05,7.54683e-05,0.0001
2016-01-28,8.65676e-05,7.68837e-05,0.0001
2016-01-29,7.15325e-05,7.26558e-05,0.0001
2016-02-01,7.59386e-05,7.05194e-05,0.0001
2016-02-02,5.41857e-05,6.57947e-05,8.77591e-05
2016-02-03,8.28067e-05,7.42062e-05,8.69776e-05
2016-02-04,0.000102286,7.73499e-05,8.6447e-05
2016-02-05,0.000121663,8.7376e-05,8.78396e-05
2016-02-08,0.000108117,9.38117e-05,8.85475e-05
2016-02-09,0.0001188743,0.0001067494,8.89542e-05
2016-02-10,9.98447e-05,0.000110157,8.70046e-05
2016-02-11,7.30141e-05,0.0001043026,8.62037e-05
2016-02-12,0.000119179,0.0001038058,8.80952e-05
2016-02-15,0.0001036989,0.0001029222,8.81695e-05
2016-02-16,0.0001137678,0.0001019009,8.9805e-05
2016-02-17,9.94293e-05,0.0001018178,9.1245e-05
2016-02-18,0.0001189059,0.0001109962,9.20461e-05
2016-02-19,0.0001438584,0.000115932,9.41369e-05
2016-02-22,0.0001262552,0.0001204433,9.62625e-05
2016-02-23,0.0001370707,0.0001251039,9.82806e-05
2016-02-24,0.0001147389,0.0001281658,9.95587e-05
2016-02-25,0.0001414991,0.0001326845,0.0001024537
2016-02-26,0.0001258415,0.0001290811,0.0001063216
2016-02-29,0.0001360845,0.000131047,0.0001085723
2016-03-01,0.0001003871,0.0001237102,0.0001098839
2016-03-02,0.0001188372,0.0001245299,0.0001118339
2016-03-03,0.0001359388,0.0001234178,0.0001155499
2016-03-04,0.0001287502,0.0001239995,0.0001176382
2016-03-07,7.29589e-05,0.0001113744,0.0001163052
2016-03-08,9.6389e-05,0.0001105748,0.0001151564
2016-03-09,0.0001345754,0.0001137225,0.000116359
2016-03-10,0.0001036347,0.0001072616,0.0001156663
2016-03-11,0.0001007238,0.0001016564,0.0001157063
2016-03-14,9.27605e-05,0.0001056167,0.0001166038
2016-03-15,0.0001155009,0.0001094391,0.0001164367
2016-03-16,9.14992e-05,0.0001008238,0.0001158821
2016-03-17,8.53161e-05,9.71601e-05,0.0001145889
2016-03-18,0.0001129252,9.96004e-05,0.0001152023
2016-03-21,5.46994e-05,9.19882e-05,0.0001122839
2016-03-22,5.81483e-05,8.05176e-05,0.0001083879
2016-03-23,5.44988e-05,7.31176e-05,0.0001051263
2016-03-24,7.85008e-05,7.17545e-05,0.000102464
2016-03-25,6.70334e-05,6.25761e-05,0.0001002956
2016-03-28,5.77714e-05,6.31905e-05,9.64898e-05
2016-03-29,2.5311e-05,5.66231e-05,9.19202e-05
2016-03-30,3.91971e-05,5.35627e-05,8.75162e-05
2016-03-31,5.22841e-05,4.83194e-05,8.53297e-05
2016-04-01,3.16748e-05,4.12477e-05,8.13678e-05
2016-04-04,5.54793e-05,4.07893e-05,7.77106e-05
2016-04-05,9.83506e-05,5.53972e-05,7.63288e-05
2016-04-06,0.0001140299,7.03638e-05,7.81956e-05
2016-04-07,8.90004e-05,7.7707e-05,7.78598e-05
2016-04-08,7.99769e-05,8.73674e-05,7.5378e-05
2016-04-11,6.70758e-05,8.96867e-05,7.37163e-05
2016-04-12,7.64805e-05,8.53127e-05,7.26143e-05
2016-04-13,5.76642e-05,7.40396e-05,7.1019e-05
2016-04-14,7.20466e-05,7.06488e-05,6.90438e-05
2016-04-15,7.10168e-05,6.88568e-05,6.81128e-05
2016-04-18,6.11809e-05,6.76778e-05,6.70157e-05
2016-04-19,5.35778e-05,6.30973e-05,6.43181e-05
2016-04-20,6.25631e-05,6.40771e-05,6.46756e-05
2016-04-21,6.10464e-05,6.1877e-05,6.48073e-05
2016-04-22,4.71033e-05,5.70943e-05,6.44711e-05
2016-04-25,8.0288e-05,6.09157e-05,6.45524e-05
2016-04-26,9.94275e-05,7.00856e-05,6.60248e-05
2016-04-27,8.14366e-05,7.38603e-05,6.71005e-05
2016-04-28,6.26466e-05,7.41804e-05,6.87976e-05
2016-04-29,7.1022e-05,7.89641e-05,7.02442e-05
2016-05-02,7.21333e-05,7.73332e-05,7.11464e-05
2016-05-03,6.6156e-05,7.06789e-05,7.27138e-05
2016-05-04,3.67443e-05,6.17405e-05,7.18622e-05
2016-05-05,8.11569e-05,6.54425e-05,7.10806e-05
2016-05-06,0.000103901,7.20183e-05,7.06202e-05
2016-05-09,8.93933e-05,7.54703e-05,7.06381e-05
2016-05-10,7.08928e-05,7.64176e-05,7.02252e-05
2016-05-11,6.87188e-05,8.28125e-05,7.02999e-05
2016-05-12,9.43813e-05,8.54574e-05,7.11135e-05
2016-05-13,6.70436e-05,7.80859e-05,7.15399e-05
2016-05-16,5.32398e-05,7.08553e-05,7.0685e-05
2016-05-17,4.82941e-05,6.63355e-05,6.96522e-05
2016-05-18,6.87457e-05,6.63409e-05,6.9996e-05
2016-05-19,6.93658e-05,6.13378e-05,7.07136e-05
2016-05-20,6.96994e-05,6.18689e-05,7.1038e-05
2016-05-23,0.0001006248,7.13459e-05,7.2837e-05
2016-05-24,9.27218e-05,8.02315e-05,7.49106e-05
2016-05-25,8.0749e-05,8.26321e-05,7.49316e-05
2016-05-26,7.83995e-05,8.44389e-05,7.39757e-05
2016-05-27,0.0001255438,9.56078e-05,7.59806e-05
2016-05-30,0.0001201346,9.95097e-05,7.85937e-05
2016-05-31,0.0001378406,0.0001085335,8.16309e-05
2016-06-01,0.0001063566,0.000113655,8.31865e-05
2016-06-02,0.0001360646,0.000125188,8.63642e-05
2016-06-03,0.000135307,0.0001271407,9.08443e-05
2016-06-06,0.0001036601,0.0001238458,9.18672e-05
2016-06-07,9.84846e-05,0.0001159746,9.1621e-05
2016-06-08,6.73682e-05,0.0001081769,9.06198e-05
2016-06-09,9.23212e-05,9.94282e-05,9.15938e-05
2016-06-10,0.0001056833,9.35035e-05,9.32741e-05
2016-06-13,8.71947e-05,9.02104e-05,9.29474e-05
2016-06-14,9.1613e-05,8.88361e-05,9.40642e-05
2016-06-15,0.0001283313,0.0001010287,9.74774e-05
2016-06-16,0.0001266327,0.000107891,0.0001010383
2016-06-17,0.000125632,0.0001118807,0.000103624
2016-06-20,8.42653e-05,0.0001112949,0.0001043013
2016-06-21,0.0001070508,0.0001143824,0.0001059991
2016-06-22,6.43766e-05,0.0001015915,0.0001043514
2016-06-23,0.0001169901,9.9663e-05,0.0001054545
2016-06-24,9.85961e-05,9.42558e-05,0.0001062658
2016-06-27,9.92245e-05,9.72476e-05,0.0001072123
2016-06-28,9.13088e-05,9.40992e-05,0.0001056562
2016-06-29,9.71936e-05,0.0001006626,0.0001046134
2016-06-30,9.81264e-05,9.68899e-05,0.0001028083
2016-07-01,0.0001167034,0.0001005114,0.0001032786
2016-07-04,0.0001103463,0.0001027357,0.0001021095
2016-07-05,6.97652e-05,9.8427e-05,9.91304e-05
2016-07-06,8.28321e-05,9.55547e-05,9.81837e-05
2016-07-07,0.0001235667,0.0001006427,9.93237e-05
2016-07-08,0.0001229045,0.000101883,0.0001018481
2016-07-11,0.0001058885,0.0001009914,0.0001024648
2016-07-12,7.30875e-05,0.0001016559,0.0001009832
2016-07-13,9.0804e-05,0.0001032502,0.0001011473
2016-07-14,8.0724e-05,9.46817e-05,0.0001006523
2016-07-15,9.80708e-05,8.9715e-05,9.92768e-05
2016-07-18,7.50889e-05,8.3555e-05,9.69339e-05
2016-07-19,0.0001029347,8.95245e-05,9.59022e-05
2016-07-20,0.0001200004,9.53638e-05,9.75265e-05
2016-07-21,0.0001265407,0.0001045271,9.84125e-05
2016-07-22,0.0001239339,0.0001096997,0.0001011196
2016-07-25,8.20589e-05,0.0001110937,9.95318e-05
2016-07-26,0.000110966,0.0001127,0.0001000941
2016-07-27,9.16075e-05,0.0001070214,9.97479e-05
2016-07-28,0.000146377,0.0001109886,0.000102251
2016-07-29,0.0001471925,0.0001156404,0.0001045236
2016-08-01,8.51539e-05,0.0001162594,0.000103934
2016-08-02,9.7496e-05,0.0001135654,0.0001030609
2016-08-03,8.06015e-05,0.0001113642,0.0001017089
2016-08-04,7.50064e-05,9.70901e-05,0.0001019471
2016-08-05,0.000108208,8.92932e-05,0.0001031006
2016-08-08,7.07019e-05,8.64028e-05,0.0001006976
2016-08-09,5.73471e-05,7.8373e-05,9.77177e-05
2016-08-10,7.01887e-05,7.62904e-05,9.6095e-05
2016-08-11,7.7054e-05,7.66999e-05,9.62753e-05
2016-08-12,8.71521e-05,7.24888e-05,9.61093e-05
2016-08-15,0.0001015781,7.8664e-05,9.70572e-05
2016-08-16,8.66443e-05,8.45234e-05,9.65378e-05
2016-08-17,0.0001058166,9.1649e-05,9.79346e-05
2016-08-18,9.98466e-05,9.62075e-05,9.77942e-05
2016-08-19,9.08942e-05,9.6956e-05,9.64712e-05
2016-08-22,0.000100189,9.66782e-05,9.52734e-05
2016-08-23,8.29472e-05,9.59387e-05,9.34103e-05
2016-08-24,9.91595e-05,9.46073e-05,9.41876e-05
2016-08-25,9.56314e-05,9.37643e-05,9.34906e-05
2016-08-26,7.16375e-05,8.99129e-05,9.25829e-05
2016-08-29,6.32994e-05,8.2535e-05,8.88066e-05
2016-08-30,9.58922e-05,8.5124e-05,8.64748e-05
2016-08-31,4.65034e-05,7.45928e-05,8.4718e-05
2016-09-01,9.74388e-05,7.49543e-05,8.47154e-05
2016-09-02,0.0001175392,8.41346e-05,8.63943e-05
2016-09-05,0.0001218793,9.58506e-05,8.85249e-05
2016-09-06,7.15226e-05,9.09767e-05,8.68574e-05
2016-09-07,8.26277e-05,9.82015e-05,8.73995e-05
2016-09-08,8.38636e-05,9.54865e-05,8.86048e-05
2016-09-09,0.0001178773,9.55541e-05,9.07725e-05
2016-09-12,8.28978e-05,8.77578e-05,9.10381e-05
2016-09-13,8.74245e-05,9.09382e-05,9.10505e-05
2016-09-14,0.0001116725,9.67471e-05,9.15093e-05
2016-09-15,0.0001106817,0.0001021108,9.26019e-05
2016-09-16,0.0001094914,0.0001004336,9.2769e-05
2016-09-19,8.37559e-05,0.0001006052,9.20376e-05
2016-09-20,8.02614e-05,9.91726e-05,9.15542e-05
2016-09-21,9.32472e-05,9.54875e-05,9.12387e-05
2016-09-22,0.0001125178,9.58548e-05,9.25828e-05
2016-09-23,9.08829e-05,9.21331e-05,9.22066e-05
2016-09-26,0.0001164039,9.86626e-05,9.31508e-05
2016-09-27,0.000124182,0.0001074468,9.55392e-05
2016-09-28,7.34004e-05,0.0001034774,9.59984e-05
2016-09-29,0.0001007053,0.0001011149,9.62171e-05
2016-09-30,8.50827e-05,9.99549e-05,9.79707e-05
2016-10-03,7.78855e-05,9.22512e-05,9.70819e-05
2016-10-04,0.0001094322,8.93012e-05,9.67134e-05
2016-10-05,0.0001406019,0.0001027415,9.75645e-05
2016-10-06,0.0001080939,0.0001042192,9.92268e-05
2016-10-07,0.0001082795,0.0001088586,0.0001003928
2016-10-10,0.0001105223,0.0001153859,0.0001016046
2016-10-11,9.64769e-05,0.0001127949,0.0001006318
2016-10-12,0.0001096693,0.0001066084,0.0001018487
2016-10-13,0.0001010756,0.0001052047,0.0001024692
2016-10-14,0.000116171,0.000106783,0.0001026737
2016-10-17,0.0001400376,0.0001126861,0.000104008
2016-10-18,0.0001234022,0.0001180712,0.0001046403
2016-10-19,8.36369e-05,0.0001128647,0.0001046349
2016-10-20,8.84666e-05,0.0001103429,0.0001050079
2016-10-21,0.0001069634,0.0001085014,0.0001056314
2016-10-24,9.39776e-05,9.92894e-05,0.0001047886
2016-10-25,0.0001117313,9.69552e-05,0.0001057363
2016-10-26,7.48735e-05,9.52025e-05,0.0001038485
2016-10-27,8.37927e-05,9.42677e-05,0.0001020127
2016-10-28,8.48569e-05,8.98464e-05,0.0001025334
2016-10-31,7.51022e-05,8.60713e-05,0.0001013696
2016-11-01,0.0001211908,8.79632e-05,0.0001030109
2016-11-02,5.41588e-05,8.38203e-05,0.0001019324
2016-11-03,0.000104626,8.7987e-05,0.000101714
2016-11-04,9.61146e-05,9.02385e-05,9.96918e-05
2016-11-07,0.0001252767,0.0001002734,0.0001004728
2016-11-08,0.000105257,9.70866e-05,0.0001003355
2016-11-09,9.56911e-05,0.0001053931,9.96613e-05
2016-11-10,0.0001513744,0.0001147428,0.0001021567
2016-11-11,0.0001138175,0.0001182833,0.0001023452
2016-11-14,0.0001009041,0.0001134088,0.0001023374
2016-11-15,0.0001139249,0.0001151424,0.0001022353
2016-11-16,0.0001089146,0.0001177871,0.0001008206
2016-11-17,0.0001045326,0.0001084187,9.99629e-05
2016-11-18,9.23521e-05,0.0001041257,0.0001003591
2016-11-21,0.0001108608,0.000106117,0.000101377
2016-11-22,0.0001171619,0.0001067644,0.0001018406
2016-11-23,0.0001068636,0.0001063542,0.0001024263
2016-11-24,0.0001176068,0.000108969,0.0001026933
2016-11-25,0.0001272992,0.0001159585,0.0001050763
2016-11-28,5.38287e-05,0.000104552,0.0001037143
2016-11-29,9.1985e-05,9.95167e-05,0.0001040383
2016-11-30,0.0001013021,9.84043e-05,0.0001052292
2016-12-01,9.77069e-05,9.44244e-05,0.0001041618
2016-12-02,6.8742e-05,8.27129e-05,0.0001048247
2016-12-05,8.16378e-05,8.82748e-05,0.0001037797
2016-12-06,7.161e-05,8.41998e-05,0.0001026659
2016-12-07,6.83851e-05,7.76164e-05,0.0001000799
2016-12-08,7.64853e-05,7.33721e-05,9.87721e-05
2016-12-09,0.0001068888,8.10014e-05,9.92811e-05
2016-12-12,0.0001030656,8.5287e-05,9.70852e-05
2016-12-13,8.57011e-05,8.81052e-05,9.58072e-05
2016-12-14,9.12389e-05,9.26759e-05,9.53679e-05
2016-12-15,7.77213e-05,9.29231e-05,9.37223e-05
2016-12-16,8.61085e-05,8.87671e-05,9.26856e-05
2016-12-19,0.0001208594,9.23258e-05,9.34278e-05
2016-12-20,9.59734e-05,9.43803e-05,9.35924e-05
2016-12-21,8.76782e-05,9.36682e-05,9.25386e-05
2016-12-22,0.0001165118,0.0001014263,9.25091e-05
2016-12-23,0.0001026009,0.0001047247,9.23153e-05
2016-12-26,0.0001155452,0.0001036619,9.22216e-05
2016-12-27,8.29416e-05,0.0001010555,9.02053e-05
2016-12-28,8.01081e-05,9.95415e-05,9.13999e-05
2016-12-29,6.61247e-05,8.94641e-05,9.02244e-05
2016-12-30,0.0001158876,9.21214e-05,9.08874e-05
2017-01-02,6.98739e-05,8.29872e-05,8.96222e-05
2017-01-03,5.9716e-05,7.8342e-05,8.9212e-05
2017-01-04,6.51044e-05,7.53413e-05,8.84604e-05
2017-01-05,9.07741e-05,8.02712e-05,8.93315e-05
2017-01-06,9.60331e-05,7.63003e-05,9.05883e-05
2017-01-09,7.94257e-05,7.82106e-05,9.07219e-05
2017-01-10,9.59111e-05,8.54497e-05,9.02229e-05
2017-01-11,7.89197e-05,8.82127e-05,8.91254e-05
2017-01-12,6.05281e-05,8.21635e-05,8.79812e-05
2017-01-13,9.37164e-05,8.17002e-05,8.80938e-05
2017-01-16,8.19488e-05,8.22048e-05,8.82859e-05
2017-01-17,7.85241e-05,7.87274e-05,8.79412e-05
2017-01-18,8.41919e-05,7.97819e-05,8.62745e-05
2017-01-19,9.61876e-05,8.69138e-05,8.62842e-05
2017-01-20,6.90569e-05,8.19819e-05,8.54378e-05
2017-01-23,6.18351e-05,7.79591e-05,8.29525e-05
2017-01-24,8.42762e-05,7.91095e-05,8.21195e-05
2017-01-25,9.7288e-05,8.17287e-05,8.12897e-05
2017-01-26,9.19336e-05,8.0878e-05,8.16984e-05
2017-01-27,8.3851e-05,8.38368e-05,8.18685e-05
2017-01-30,9.48711e-05,9.0444e-05,8.31752e-05
2017-01-31,6.04769e-05,8.56841e-05,8.06565e-05
2017-02-01,5.97867e-05,7.81839e-05,8.0198e-05
2017-02-02,7.30657e-05,7.44103e-05,8.08048e-05
2017-02-03,8.65173e-05,7.49435e-05,8.17781e-05
2017-02-06,6.51542e-05,6.90002e-05,8.06136e-05
2017-02-07,9.16325e-05,7.52313e-05,8.04136e-05
2017-02-08,5.25583e-05,7.37856e-05,7.91923e-05
2017-02-09,8.13521e-05,7.54429e-05,7.85306e-05
2017-02-10,8.60672e-05,7.53529e-05,7.88554e-05
2017-02-13,6.46707e-05,7.52562e-05,7.90437e-05
2017-02-14,7.72925e-05,7.23882e-05,7.82972e-05
2017-02-15,3.98269e-05,6.98419e-05,7.63826e-05
2017-02-16,6.75493e-05,6.70813e-05,7.58837e-05
2017-02-17,6.8865e-05,6.36409e-05,7.5187e-05
2017-02-20,5.76661e-05,6.224e-05,7.34361e-05
2017-02-21,7.3358e-05,6.1453e-05,7.36316e-05
2017-02-22,6.65323e-05,6.67941e-05,7.38451e-05
2017-02-23,9.23924e-05,7.17628e-05,7.4214e-05
2017-02-24,6.64425e-05,7.12783e-05,7.28119e-05
2017-02-27,8.75712e-05,7.72593e-05,7.26136e-05
2017-02-28,4.18769e-05,7.09631e-05,7.07057e-05
2017-03-01,5.42097e-05,6.84985e-05,6.88575e-05
2017-03-02,0.0001059308,7.12062e-05,7.09236e-05
2017-03-03,7.76401e-05,7.34457e-05,7.17351e-05
2017-03-06,5.02609e-05,6.59837e-05,7.06985e-05
2017-03-07,6.97435e-05,7.1557e-05,6.99361e-05
2017-03-08,8.8622e-05,7.84395e-05,7.10028e-05
2017-03-09,0.0001377548,8.48043e-05,7.30992e-05
2017-03-10,0.0001168568,9.26476e-05,7.60219e-05
2017-03-13,6.2051e-05,9.50056e-05,7.51446e-05
2017-03-14,5.95704e-05,9.2971e-05,7.39402e-05
2017-03-15,9.04885e-05,9.33443e-05,7.51137e-05
2017-03-16,8.06999e-05,8.19333e-05,7.52686e-05
2017-03-17,6.36483e-05,7.12916e-05,7.63514e-05
2017-03-20,0.000104915,7.98644e-05,7.80498e-05
2017-03-21,9.17096e-05,8.62922e-05,7.90882e-05
2017-03-22,7.64557e-05,8.34857e-05,7.99423e-05
2017-03-23,6.32011e-05,7.99859e-05,7.94806e-05
2017-03-24,8.5858e-05,8.44279e-05,8.0359e-05
2017-03-27,7.4321e-05,7.83091e-05,7.95376e-05
2017-03-28,8.93871e-05,7.78446e-05,8.05806e-05
2017-03-29,4.60197e-05,7.17574e-05,7.86919e-05
2017-03-30,6.38845e-05,7.18941e-05,7.96922e-05
2017-03-31,6.19713e-05,6.71167e-05,8.0045e-05
2017-04-03,7.43203e-05,6.71166e-05,7.86082e-05
2017-04-04,7.46262e-05,6.41644e-05,7.84712e-05
2017-04-05,5.53388e-05,6.60282e-05,7.8702e-05
2017-04-06,5.59854e-05,6.44484e-05,7.80766e-05
2017-04-07,7.15403e-05,6.63622e-05,7.73002e-05
2017-04-10,9.08654e-05,6.96712e-05,7.51688e-05
2017-04-11,0.0001043506,7.56161e-05,7.46004e-05
2017-04-12,5.62526e-05,7.57989e-05,7.43368e-05
2017-04-13,2.94971e-05,7.05012e-05,7.29698e-05
2017-04-14,7.78754e-05,7.17682e-05,7.23965e-05
2017-04-17,7.15192e-05,6.7899e-05,7.19792e-05
2017-04-18,8.65955e-05,6.4348e-05,7.30223e-05
2017-04-19,4.99593e-05,6.30893e-05,7.05243e-05
2017-04-20,8.0883e-05,7.33665e-05,7.00322e-05
2017-04-21,9.73611e-05,7.72636e-05,7.09824e-05
2017-04-24,6.3406e-05,7.5641e-05,7.09917e-05
2017-04-25,7.05534e-05,7.24326e-05,7.02961e-05
2017-04-26,6.68045e-05,7.58016e-05,6.99544e-05
2017-04-27,6.29138e-05,7.22078e-05,6.87511e-05
2017-04-28,9.35727e-05,7.14501e-05,7.09126e-05
2017-05-01,9.08622e-05,7.69413e-05,7.21388e-05
2017-05-02,8.55024e-05,7.99311e-05,7.32084e-05
2017-05-03,0.0001030254,8.71753e-05,7.45132e-05
2017-05-04,8.71273e-05,9.2018e-05,7.50814e-05
2017-05-05,0.0001227823,9.78599e-05,7.8147e-05
2017-05-08,0.0001014188,9.99712e-05,8.02122e-05
2017-05-09,7.67865e-05,9.8228e-05,8.04507e-05
2017-05-10,6.95183e-05,9.15266e-05,7.94803e-05
2017-05-11,5.35674e-05,8.48147e-05,7.7172e-05
2017-05-12,7.35268e-05,7.49636e-05,7.79572e-05
2017-05-15,9.38974e-05,7.34593e-05,8.08845e-05
2017-05-16,7.74963e-05,7.36012e-05,8.08673e-05
2017-05-17,8.82203e-05,7.73416e-05,8.16264e-05
2017-05-18,6.57926e-05,7.97867e-05,8.06808e-05
2017-05-19,8.71036e-05,8.2502e-05,8.23692e-05
2017-05-22,0.0001029606,8.43147e-05,8.33727e-05
2017-05-23,9.51894e-05,8.78533e-05,8.3274e-05
2017-05-24,0.0001161128,9.34318e-05,8.56698e-05
2017-05-25,0.0001036472,0.0001010027,8.7174e-05
2017-05-26,7.5454e-05,9.86728e-05,8.75672e-05
2017-05-29,9.45454e-05,9.69898e-05,8.9005e-05
2017-05-30,6.06322e-05,9.00783e-05,8.75077e-05
2017-05-31,6.83604e-05,8.05278e-05,8.64849e-05
2017-06-01,0.0001236354,8.45255e-05,8.82182e-05
2017-06-02,0.0001290487,9.52444e-05,8.94011e-05
2017-06-05,8.73765e-05,9.38106e-05,8.94124e-05
2017-06-06,8.36849e-05,9.84212e-05,8.76352e-05
2017-06-07,8.41024e-05,0.0001015696,8.68481e-05
2017-06-08,7.38017e-05,9.16029e-05,8.67125e-05
2017-06-09,6.72853e-05,7.92502e-05,8.6611e-05
2017-06-12,5.23927e-05,7.22534e-05,8.65576e-05
2017-06-13,8.9326e-05,7.33816e-05,8.72757e-05
2017-06-14,7.3057e-05,7.11725e-05,8.63284e-05
2017-06-15,9.44327e-05,7.52987e-05,8.70983e-05
2017-06-16,7.32745e-05,7.64966e-05,8.64189e-05
2017-06-19,7.20545e-05,8.04289e-05,8.67035e-05
2017-06-20,7.13112e-05,7.6826e-05,8.59857e-05
2017-06-21,8.27844e-05,7.87714e-05,8.50686e-05
2017-06-22,6.92791e-05,7.37407e-05,8.38909e-05
2017-06-23,5.27914e-05,6.96441e-05,8.10126e-05
2017-06-26,9.37876e-05,7.39907e-05,8.05644e-05
2017-06-27,0.0001083136,8.13912e-05,8.20581e-05
2017-06-28,9.65411e-05,8.41426e-05,8.21488e-05
2017-06-29,8.63308e-05,8.75529e-05,8.33169e-05
2017-06-30,8.05951e-05,9.31136e-05,8.3873e-05
2017-07-03,7.50198e-05,8.93601e-05,8.16632e-05
2017-07-04,9.0542e-05,8.58058e-05,7.99129e-05
2017-07-05,7.41108e-05,8.13197e-05,7.93099e-05
2017-07-06,7.47388e-05,7.90013e-05,7.89033e-05
2017-07-07,7.85161e-05,7.85855e-05,7.86494e-05
2017-07-10,8.17012e-05,7.99218e-05,7.90084e-05
2017-07-11,5.19155e-05,7.21965e-05,7.83098e-05
2017-07-12,5.68336e-05,6.8741e-05,7.85117e-05
2017-07-13,6.26727e-05,6.63278e-05,7.73002e-05
2017-07-14,8.33777e-05,6.73001e-05,7.77693e-05
2017-07-17,9.76842e-05,7.04967e-05,7.79171e-05
2017-07-18,8.13344e-05,7.63805e-05,7.82834e-05
2017-07-19,6.65273e-05,7.83193e-05,7.80322e-05
2017-07-20,8.45671e-05,8.26981e-05,7.86347e-05
2017-07-21,9.3662e-05,8.4755e-05,7.91292e-05
2017-07-24,8.92819e-05,8.30745e-05,8.00384e-05
2017-07-25,9.51245e-05,8.58326e-05,8.19626e-05
2017-07-26,9.20165e-05,9.09304e-05,8.18821e-05
2017-07-27,8.66518e-05,9.13473e-05,8.08975e-05
2017-07-28,0.0001005847,9.27319e-05,8.10813e-05
2017-07-31,0.0001077029,9.64161e-05,8.20528e-05
2017-08-01,9.37625e-05,9.61437e-05,8.26513e-05
2017-08-02,7.84479e-05,9.343e-05,8.28071e-05
2017-08-03,9.12271e-05,9.4345e-05,8.28382e-05
2017-08-04,0.0001568542,0.0001055989,8.65993e-05
2017-08-07,7.80201e-05,9.96624e-05,8.67484e-05
2017-08-08,0.0001054996,0.0001020098,8.7975e-05
2017-08-09,8.84692e-05,0.0001040141,8.82826e-05
2017-08-10,0.0001106358,0.0001078958,9.09517e-05
2017-08-11,7.18862e-05,9.09022e-05,9.16359e-05
2017-08-14,9.64382e-05,9.45858e-05,9.31707e-05
2017-08-15,0.0001083739,9.51607e-05,9.43069e-05
2017-08-16,9.55945e-05,9.65857e-05,9.42119e-05
2017-08-17,0.0001327387,0.0001010063,9.65485e-05
2017-08-18,0.0001219341,0.0001110159,9.9067e-05
2017-08-21,0.0001217595,0.0001160801,0.0001007575
2017-08-22,0.000114458,0.0001172969,0.0001017028
2017-08-23,8.54162e-05,0.0001152613,0.0001015271
2017-08-24,0.0001070549,0.0001101245,0.0001020694
2017-08-25,9.89203e-05,0.0001055218,0.0001023832
2017-08-28,9.64214e-05,0.0001004541,0.0001028273
2017-08-29,9.05442e-05,9.56714e-05,0.0001023709
2017-08-30,0.0001089042,0.000100369,0.0001024255
2017-08-31,0.0001312358,0.0001052052,0.0001041288
2017-09-01,9.58745e-05,0.000104596,0.0001049209
2017-09-04,6.72639e-05,9.87645e-05,0.0001038317
2017-09-05,7.52375e-05,9.57032e-05,0.0001001218
2017-09-06,0.0001055744,9.50372e-05,0.0001013743
2017-09-07,0.00013146,9.5082e-05,0.0001025543
2017-09-08,7.18857e-05,9.02843e-05,0.0001018005
2017-09-11,8.13015e-05,9.30918e-05,0.0001004672
2017-09-12,9.63585e-05,9.7316e-05,0.0001015795
2017-09-13,0.0001375915,0.0001037194,0.0001034501
2017-09-14,0.0001170034,0.0001008281,0.0001038424
2017-09-15,0.0001430937,0.0001150697,0.0001060014
2017-09-18,0.000129735,0.0001247564,0.0001058649
2017-09-19,0.0001045032,0.0001263854,0.0001050726
2017-09-20,8.38494e-05,0.000115637,0.0001033494
2017-09-21,0.0001133321,0.0001149027,0.0001032982
2017-09-22,9.80432e-05,0.0001058926,0.0001038722
2017-09-25,9.47874e-05,9.89031e-05,0.0001033146
2017-09-26,0.0001073811,9.94787e-05,0.0001036992
2017-09-27,9.97289e-05,0.0001026546,0.0001038495
2017-09-28,8.51847e-05,9.70251e-05,0.0001036059
2017-09-29,0.0001152787,0.0001004722,0.0001038956
2017-10-02,0.0001268558,0.0001068858,0.0001036966
2017-10-03,0.0001112061,0.0001076508,0.0001043934
2017-10-04,9.0969e-05,0.0001058988,0.0001054709
2017-10-05,0.0001098079,0.0001108235,0.0001070423
2017-10-06,0.0001007202,0.0001079118,0.0001068217
2017-10-09,9.39092e-05,0.0001013225,0.0001051148
2017-10-10,8.61199e-05,9.63052e-05,0.0001057618
2017-10-11,0.0001136314,0.0001008377,0.0001072314
2017-10-12,7.74975e-05,9.43756e-05,0.0001063741
2017-10-13,7.14003e-05,8.85117e-05,0.0001033654
2017-10-16,8.97593e-05,8.76817e-05,0.000102127
2017-10-17,7.67273e-05,8.58032e-05,9.91103e-05
2017-10-18,9.36257e-05,8.1802e-05,9.7469e-05
2017-10-19,0.0001256267,9.14279e-05,9.84292e-05
2017-10-20,7.92717e-05,9.30021e-05,9.82211e-05
2017-10-23,9.32359e-05,9.36975e-05,9.73076e-05
2017-10-24,0.0001037771,9.91074e-05,9.75683e-05
2017-10-25,0.000114954,0.0001033731,9.84849e-05
2017-10-26,0.0001153866,0.0001013251,9.88488e-05
2017-10-27,0.0001346793,0.0001124066,0.0001004375
2017-10-30,0.0001320754,0.0001201745,0.0001025689
2017-10-31,0.0001066971,0.0001207585,0.0001021788
2017-11-01,0.0001229388,0.0001223554,0.0001020007
2017-11-02,0.0001309017,0.0001254585,0.000102896
2017-11-03,0.0001295234,0.0001244273,0.0001046485
2017-11-06,0.0001261077,0.0001232337,0.0001053894
2017-11-07,0.0001079085,0.000123476,0.0001057161
2017-11-08,0.0001201003,0.0001229083,0.0001069066
2017-11-09,0.0001396609,0.0001246602,0.0001093403
2017-11-10,8.42418e-05,0.0001156038,0.0001080044
2017-11-13,6.48483e-05,0.0001033519,0.0001074294
2017-11-14,6.62554e-05,9.50213e-05,0.0001071956
2017-11-15,6.24179e-05,8.34849e-05,0.0001059528
2017-11-16,7.87728e-05,7.13072e-05,0.0001060458
2017-11-17,0.0001063035,7.57196e-05,0.000106622
2017-11-20,4.84085e-05,7.24316e-05,0.0001031121
2017-11-21,6.69461e-05,7.25698e-05,0.0001025519
2017-11-22,6.16637e-05,7.24189e-05,0.0001011168
2017-11-23,8.55667e-05,7.37777e-05,0.000100289
2017-11-24,0.0001031913,7.31553e-05,9.97543e-05
2017-11-27,8.57622e-05,8.0626e-05,9.84078e-05
2017-11-28,8.68994e-05,8.46167e-05,9.6236e-05
2017-11-29,9.18898e-05,9.06619e-05,9.44094e-05
2017-11-30,9.60704e-05,9.27626e-05,9.39263e-05
2017-12-01,0.0001141026,9.49449e-05,9.35247e-05
2017-12-04,0.0001094731,9.96871e-05,9.25507e-05
2017-12-05,9.58582e-05,0.0001014788,9.10204e-05
2017-12-06,8.07631e-05,9.92535e-05,8.89593e-05
2017-12-07,7.43547e-05,9.49104e-05,8.74341e-05
2017-12-08,8.16216e-05,8.84142e-05,8.56851e-05
2017-12-11,5.81203e-05,7.81436e-05,8.19787e-05
2017-12-12,3.90566e-05,6.67833e-05,7.99248e-05
2017-12-13,7.78904e-05,6.62087e-05,8.05177e-05
2017-12-14,8.1578e-05,6.76534e-05,8.12141e-05
2017-12-15,5.86717e-05,6.30634e-05,8.10439e-05
2017-12-18,8.0971e-05,6.76335e-05,8.11438e-05
2017-12-19,9.72956e-05,7.92813e-05,8.07343e-05
2017-12-20,7.58428e-05,7.88718e-05,8.19813e-05
2017-12-21,0.0001008033,8.27169e-05,8.35203e-05
2017-12-22,7.79125e-05,8.6565e-05,8.42589e-05
2017-12-25,0.0001073041,9.18316e-05,8.52469e-05
2017-12-26,0.0001115305,9.46786e-05,8.5626e-05
2017-12-27,0.0001024604,0.0001000021,8.6385e-05
2017-12-28,0.0001235189,0.0001045453,8.80495e-05
2017-12-29,0.0001287623,0.0001147152,8.97256e-05
2018-01-01,8.53994e-05,0.0001103343,8.92405e-05
2018-01-02,0.0001036676,0.0001087617,8.87662e-05
2018-01-03,6.14616e-05,0.000100562,8.65839e-05
2018-01-04,5.86289e-05,8.7584e-05,8.48916e-05
2018-01-05,7.01098e-05,7.58535e-05,8.44074e-05
2018-01-08,6.88684e-05,7.25473e-05,8.4158e-05
2018-01-09,6.66966e-05,6.5153e-05,8.34796e-05
2018-01-10,7.05798e-05,6.69767e-05,8.40459e-05
2018-01-11,5.77299e-05,6.67969e-05,8.48947e-05
2018-01-12,7.99728e-05,6.87695e-05,8.49894e-05
2018-01-15,0.0001030217,7.56002e-05,8.59641e-05
2018-01-16,7.95038e-05,7.81616e-05,8.6911e-05
2018-01-17,8.18886e-05,8.04234e-05,8.69527e-05
2018-01-18,9.36738e-05,8.76121e-05,8.67881e-05
2018-01-19,7.5295e-05,8.66766e-05,8.67632e-05
2018-01-22,6.39589e-05,7.8864e-05,8.50884e-05
2018-01-23,5.46624e-05,7.38957e-05,8.40316e-05
2018-01-24,7.09064e-05,7.16993e-05,8.23771e-05
2018-01-25,4.74183e-05,6.24482e-05,7.9463e-05
2018-01-26,7.83185e-05,6.30529e-05,7.83656e-05
2018-01-29,4.30895e-05,5.8879e-05,7.47097e-05
2018-01-30,7.83188e-05,6.36103e-05,7.24168e-05
2018-01-31,4.16209e-05,5.77532e-05,7.04269e-05
2018-02-01,6.0193e-05,6.03081e-05,6.84508e-05
2018-02-02,6.98227e-05,5.8609e-05,6.88308e-05
2018-02-05,9.57289e-05,6.91369e-05,7.05172e-05
2018-02-06,9.18698e-05,7.18471e-05,7.15063e-05
2018-02-07,8.15138e-05,7.98257e-05,7.20811e-05
2018-02-08,5.67333e-05,7.91337e-05,7.16282e-05
2018-02-09,5.87747e-05,7.69241e-05,7.10916e-05
2018-02-12,5.30462e-05,6.83876e-05,7.08787e-05
2018-02-13,7.52771e-05,6.5069e-05,7.06653e-05
2018-02-14,6.88781e-05,6.25419e-05,6.91133e-05
2018-02-15,7.72273e-05,6.66407e-05,6.90098e-05
2018-02-16,9.12709e-05,7.31399e-05,6.94363e-05
2018-02-19,9.61454e-05,8.17598e-05,6.95486e-05
2018-02-20,8.58591e-05,8.38762e-05,7.00288e-05
2018-02-21,9.18157e-05,8.84637e-05,7.1295e-05
2018-02-22,7.94495e-05,8.89081e-05,7.24217e-05
2018-02-23,5.41801e-05,8.149e-05,7.16614e-05
2018-02-26,9.88719e-05,8.20353e-05,7.40002e-05
2018-02-27,8.20087e-05,8.12652e-05,7.4168e-05
2018-02-28,8.19429e-05,7.92906e-05,7.5934e-05
2018-03-01,0.0001126999,8.59407e-05,7.74968e-05
2018-03-02,3.41916e-05,8.1943e-05,7.71591e-05
2018-03-05,5.3459e-05,7.28604e-05,7.6853e-05
2018-03-06,8.3985e-05,7.32557e-05,7.74968e-05
2018-03-07,7.03838e-05,7.09439e-05,7.63447e-05
2018-03-08,8.53974e-05,6.54834e-05,7.60505e-05
2018-03-09,8.99164e-05,7.66283e-05,7.64325e-05
2018-03-12,0.00011973,8.98825e-05,7.92959e-05
2018-03-13,0.0001275942,9.86044e-05,8.24241e-05
2018-03-14,7.0095e-05,9.85466e-05,8.3199e-05
2018-03-15,0.0001069414,0.0001028554,8.46383e-05
2018-03-16,0.0001177322,0.0001084185,8.6859e-05
2018-03-19,9.61565e-05,0.0001037039,8.77194e-05
2018-03-20,0.0001019926,9.85835e-05,8.82067e-05
2018-03-21,0.0001208678,0.0001087381,8.93305e-05
2018-03-22,8.76422e-05,0.0001048783,8.94115e-05
2018-03-23,9.64029e-05,0.0001006124,8.962e-05
2018-03-26,8.98956e-05,9.93602e-05,9.00949e-05
2018-03-27,0.000113412,0.0001016441,9.27872e-05
2018-03-28,9.23354e-05,9.59376e-05,9.24901e-05
2018-03-29,0.0001179068,0.0001019905,9.41218e-05
2018-03-30,8.53891e-05,9.97878e-05,9.42785e-05
2018-04-02,0.000125193,0.0001068472,9.48464e-05
2018-04-03,0.0001167062,0.0001075061,9.8597e-05
2018-04-04,0.0001095984,0.0001109587,0.0001011488
2018-04-05,0.000114036,0.0001101846,0.0001025148
2018-04-06,0.0001270442,0.0001185156,0.0001050902
2018-04-09,0.0001083319,0.0001151434,0.0001061327
2018-04-10,0.0001049929,0.0001128007,0.000106818
2018-04-11,0.0001007337,0.0001110277,0.0001059545
2018-04-12,0.0001090325,0.000110027,0.0001051108
2018-04-13,0.0001177926,0.0001081767,0.0001072789
2018-04-16,8.61918e-05,0.0001037487,0.0001063357
2018-04-17,8.45065e-05,9.96514e-05,0.0001048255
2018-04-18,8.08092e-05,9.56665e-05,0.0001041279
2018-04-19,0.0001239889,9.86578e-05,0.0001051277
2018-04-20,0.0001306413,0.0001012275,0.000105572
2018-04-23,0.0001116452,0.0001063182,0.000106663
2018-04-24,7.73646e-05,0.0001048899,0.0001057976
2018-04-25,0.0001311908,0.0001149662,0.0001076747
2018-04-26,9.74242e-05,0.0001096532,0.000106948
2018-04-27,0.0001223899,0.0001080029,0.0001083141
2018-04-30,0.0001133323,0.0001083404,0.0001081061
2018-05-01,0.0001032079,0.000113509,0.0001089161
2018-05-02,0.0001240064,0.0001120721,0.0001088621
2018-05-03,0.0001172472,0.0001160367,0.0001088867
2018-05-04,0.0001230637,0.0001161715,0.0001094988
2018-05-07,7.77246e-05,0.0001090499,0.0001078483
2018-05-08,8.56195e-05,0.0001055323,0.0001059653
2018-05-09,0.0001079914,0.0001023293,0.0001059499
2018-05-10,0.0001183448,0.0001025488,0.0001065568
2018-05-11,0.0001209682,0.0001021297,0.0001074765
2018-05-14,0.0001246208,0.0001115089,0.0001081851
2018-05-15,0.0001032712,0.0001150393,0.000107525
2018-05-16,0.0001011902,0.000113679,0.0001082068
2018-05-17,0.0001019198,0.000110394,0.0001089983
2018-05-18,0.0001207904,0.0001103585,0.0001108156
2018-05-21,0.000106141,0.0001066625,0.0001100043
2018-05-22,9.30978e-05,0.0001046278,0.0001082978
2018-05-23,8.86517e-05,0.0001021201,0.0001072526
2018-05-24,8.86018e-05,9.94565e-05,0.0001077634
2018-05-25,5.32968e-05,8.59578e-05,0.0001042228
2018-05-28,5.96095e-05,7.66515e-05,0.0001025039
2018-05-29,3.91815e-05,6.58683e-05,9.87217e-05
2018-05-30,6.03028e-05,6.01985e-05,9.63113e-05
2018-05-31,7.77873e-05,5.80356e-05,9.51558e-05
2018-06-01,8.48365e-05,6.43435e-05,9.33754e-05
2018-06-04,8.3049e-05,6.90314e-05,9.18209e-05
2018-06-05,6.67402e-05,7.45432e-05,8.92608e-05
2018-06-06,5.89321e-05,7.4269e-05,8.84066e-05
2018-06-07,6.93583e-05,7.25832e-05,8.76674e-05
2018-06-08,5.55289e-05,6.67217e-05,8.52828e-05
2018-06-11,6.20816e-05,6.25282e-05,8.27253e-05
2018-06-12,9.75576e-05,6.86917e-05,8.16612e-05
2018-06-13,9.37258e-05,7.56504e-05,8.02569e-05
2018-06-14,8.76135e-05,7.93015e-05,7.95452e-05
2018-06-15,7.18427e-05,8.25642e-05,7.82112e-05
2018-06-18,7.76713e-05,8.56822e-05,7.7109e-05
2018-06-19,6.95458e-05,8.00798e-05,7.47797e-05
2018-06-20,7.21596e-05,7.57666e-05,7.32351e-05
2018-06-21,6.49718e-05,7.12382e-05,7.19566e-05
2018-06-22,6.29305e-05,6.94558e-05,7.07875e-05
2018-06-25,4.23767e-05,6.23969e-05,6.86864e-05
2018-06-26,8.10946e-05,6.47066e-05,6.99499e-05
2018-06-27,9.07006e-05,6.84148e-05,7.13631e-05
2018-06-28,4.10984e-05,6.36402e-05,7.14503e-05
2018-06-29,8.28836e-05,6.76308e-05,7.24767e-05
2018-07-02,8.29264e-05,7.57407e-05,7.27102e-05
2018-07-03,6.86618e-05,7.32542e-05,7.1975e-05
2018-07-04,8.51571e-05,7.21455e-05,7.20709e-05
2018-07-05,6.32675e-05,7.65793e-05,7.1913e-05
2018-07-06,0.0001056917,8.11409e-05,7.40385e-05
2018-07-09,5.25671e-05,7.50691e-05,7.32752e-05
2018-07-10,9.39726e-05,8.01312e-05,7.50227e-05
2018-07-11,8.5027e-05,8.01052e-05,7.60656e-05
2018-07-12,6.29212e-05,8.00359e-05,7.44912e-05
2018-07-13,5.44894e-05,6.97955e-05,7.27078e-05
2018-07-16,9.08227e-05,7.74466e-05,7.28536e-05
2018-07-17,0.0001032179,7.92956e-05,7.42798e-05
2018-07-18,7.64933e-05,7.75889e-05,7.42263e-05
2018-07-19,9.4933e-05,8.39913e-05,7.53802e-05
2018-07-20,8.62912e-05,9.03516e-05,7.60226e-05
2018-07-23,7.78786e-05,8.77628e-05,7.66092e-05
2018-07-24,0.0001107292,8.92651e-05,7.87819e-05
2018-07-25,9.21541e-05,9.23972e-05,8.10445e-05
2018-07-26,7.50395e-05,8.84185e-05,8.07693e-05
2018-07-27,6.67024e-05,8.45008e-05,7.96784e-05
2018-07-30,0.0001113705,9.11991e-05,8.28726e-05
2018-07-31,9.20764e-05,8.74686e-05,8.32905e-05
2018-08-01,6.62042e-05,8.22786e-05,8.25304e-05
2018-08-02,1.60021e-05,7.04711e-05,8.01368e-05
2018-08-03,7.60334e-05,7.23373e-05,7.97221e-05
2018-08-06,8.56863e-05,6.72005e-05,8.07411e-05
2018-08-07,4.77304e-05,5.83313e-05,7.81065e-05
2018-08-08,7.82512e-05,6.07407e-05,7.92739e-05
2018-08-09,6.4827e-05,7.05057e-05,7.79491e-05
2018-08-10,0.0001043061,7.61602e-05,7.88255e-05
2018-08-13,0.0001005148,7.91259e-05,8.05343e-05
2018-08-14,8.64878e-05,8.68774e-05,8.19887e-05
2018-08-15,8.06877e-05,8.73647e-05,8.15281e-05
2018-08-16,4.50827e-05,8.34158e-05,7.88855e-05
2018-08-17,6.84871e-05,7.6252e-05,7.85216e-05
2018-08-20,9.23823e-05,7.46255e-05,7.84057e-05
2018-08-21,0.0001091037,7.91487e-05,7.94426e-05
2018-08-22,9.63122e-05,8.22736e-05,8.02805e-05
2018-08-23,0.000102515,9.37601e-05,7.99071e-05
2018-08-24,8.72772e-05,9.75181e-05,7.96855e-05
2018-08-27,8.90433e-05,9.68503e-05,8.0322e-05
2018-08-28,0.0001053036,9.60903e-05,8.20766e-05
2018-08-29,9.81988e-05,9.64676e-05,8.14779e-05
2018-08-30,7.39833e-05,9.07612e-05,8.06555e-05
2018-08-31,8.70494e-05,9.07157e-05,8.1603e-05
2018-09-03,0.000133425,9.9592e-05,8.69404e-05
2018-09-04,7.03524e-05,9.26018e-05,8.66822e-05
2018-09-05,9.38006e-05,9.17221e-05,8.7051e-05
2018-09-06,9.0067e-05,9.49389e-05,8.89754e-05
2018-09-07,8.16622e-05,9.38614e-05,8.91304e-05
2018-09-10,0.0001098942,8.91553e-05,9.11789e-05
2018-09-11,0.0001165313,9.83911e-05,9.17346e-05
2018-09-12,0.0001407953,0.00010779,9.35655e-05
2018-09-13,9.78884e-05,0.0001093543,9.40838e-05
2018-09-14,9.68873e-05,0.0001123993,9.48201e-05
2018-09-17,0.0001084863,0.0001121177,9.77021e-05
2018-09-18,0.0001122378,0.000111259,9.96907e-05
2018-09-19,0.0001277366,0.0001086473,0.0001012978
2018-09-20,9.73484e-05,0.0001085393,0.0001007634
2018-09-21,0.000119467,0.0001130552,0.0001018159
2018-09-24,0.0001213219,0.0001156223,0.0001026708
2018-09-25,0.0001455547,0.0001222857,0.0001053198
2018-09-26,0.0001177453,0.0001202875,0.0001066244
2018-09-27,0.0001393382,0.0001286854,0.0001081714
2018-09-28,0.0001214331,0.0001290786,0.0001092275
2018-10-01,0.0001579015,0.0001363946,0.000113042
2018-10-02,0.0001359172,0.0001344671,0.0001152633
2018-10-03,0.0001493558,0.0001407892,0.0001159874
2018-10-04,0.0001419371,0.000141309,0.0001192412
2018-10-05,9.80679e-05,0.0001366359,0.0001194352
2018-10-08,0.0001031191,0.0001256794,0.0001200285
2018-10-09,0.000139668,0.0001264296,0.0001226651
2018-10-10,0.0001386422,0.0001242869,0.0001239718
2018-10-11,0.0001009253,0.0001160845,0.0001232625
2018-10-12,0.0001181912,0.0001201092,0.000122235
2018-10-15,0.0001035438,0.0001201941,0.0001224921
2018-10-16,9.2323e-05,0.0001107251,0.0001222846
2018-10-17,0.0001122747,0.0001054516,0.0001224568
2018-10-18,0.0001098203,0.0001072306,0.0001223469
2018-10-19,0.0001338701,0.0001103664,0.0001226257
2018-10-22,0.0001223421,0.0001141261,0.0001237618
2018-10-23,0.0001377306,0.0001232076,0.000124592
2018-10-24,0.0001588875,0.0001325301,0.0001262995
2018-10-25,0.0001286168,0.0001362894,0.0001255296
2018-10-26,0.0001322659,0.0001359686,0.0001261896
2018-10-29,0.0001262273,0.0001367456,0.0001255937
2018-10-30,0.0001312032,0.0001354401,0.0001260378
2018-10-31,0.0001159041,0.0001268434,0.0001241288
2018-11-01,0.0001162997,0.00012438,0.0001232371
2018-11-02,0.000104886,0.0001189041,0.0001212157
2018-11-05,0.0001704543,0.0001277495,0.000122512
2018-11-06,0.0001387671,0.0001292622,0.0001243619
2018-11-07,0.0001373719,0.0001335558,0.0001259189
2018-11-08,0.0001546384,0.0001412235,0.0001265993
2018-11-09,0.0001190883,0.000144064,0.0001257105
2018-11-12,0.0001313503,0.0001362432,0.0001270935
2018-11-13,0.0001005693,0.0001286036,0.0001262925
2018-11-14,8.22485e-05,0.000117579,0.0001253245
2018-11-15,0.0001106632,0.0001087839,0.0001261582
2018-11-16,0.0001310722,0.0001111807,0.0001270126
2018-11-19,0.0001398422,0.0001128791,0.0001283772
2018-11-20,0.0001369673,0.0001201587,0.000128518
2018-11-21,0.0001314984,0.0001300086,0.0001289342
2018-11-22,0.0001249138,0.0001328588,0.0001283516
2018-11-23,0.0001394296,0.0001345302,0.0001274672
2018-11-26,0.0001093028,0.0001284224,0.0001265893
2018-11-27,9.27251e-05,0.0001195739,0.000124792
2018-11-28,8.81531e-05,0.0001109049,0.0001230613
2018-11-29,8.2467e-05,0.0001024155,0.000120846
2018-11-30,0.0001317308,0.0001008758,0.0001215654
2018-12-03,8.99279e-05,9.70008e-05,0.0001203667
2018-12-04,0.0001309758,0.0001046509,0.0001215526
2018-12-05,0.0001062575,0.0001082718,0.0001186346
2018-12-06,0.000111798,0.000114138,0.0001174087
2018-12-07,0.0001225098,0.0001122938,0.0001167331
2018-12-10,8.80045e-05,0.0001119091,0.0001137043
2018-12-11,8.7785e-05,0.000103271,0.0001122815
2018-12-12,0.0001050887,0.0001030372,0.0001110877
2018-12-13,6.27104e-05,9.32197e-05,0.0001093669
2018-12-14,8.57993e-05,8.58776e-05,0.0001095283
2018-12-17,8.6087e-05,8.54941e-05,0.0001084112
2018-12-18,8.80685e-05,8.55508e-05,0.0001064565
2018-12-19,8.50193e-05,8.15369e-05,0.0001039645
2018-12-20,7.23593e-05,8.34667e-05,0.0001010278
2018-12-21,6.10374e-05,7.85143e-05,9.7825e-05
2018-12-24,6.42262e-05,7.41421e-05,9.50665e-05
2018-12-25,4.84447e-05,6.62174e-05,9.09308e-05
2018-12-26,6.03343e-05,6.12804e-05,8.8705e-05
2018-12-27,4.36054e-05,5.55296e-05,8.64723e-05
2018-12-28,8.05509e-05,5.94323e-05,8.61267e-05
2018-12-31,9.67585e-05,6.59388e-05,8.67763e-05
2019-01-01,7.78109e-05,7.1812e-05,8.43254e-05
2019-01-02,0.0001182725,8.33996e-05,8.56138e-05
2019-01-03,0.0001262462,9.99278e-05,8.53988e-05
2019-01-04,6.98845e-05,9.77945e-05,8.37455e-05
2019-01-07,7.4404e-05,9.33236e-05,8.20458e-05
2019-01-08,9.64513e-05,9.70517e-05,8.08613e-05
2019-01-09,5.24062e-05,8.38784e-05,7.92432e-05
2019-01-10,7.52499e-05,7.36792e-05,7.86734e-05
2019-01-11,8.83705e-05,7.73764e-05,7.79135e-05
2019-01-14,5.68082e-05,7.38572e-05,7.76452e-05
2019-01-15,5.00266e-05,6.45723e-05,7.60192e-05
2019-01-16,0.0001015004,7.43911e-05,7.67198e-05
2019-01-17,8.57436e-05,7.64899e-05,7.66141e-05
2019-01-18,8.11029e-05,7.50364e-05,7.64361e-05
2019-01-21,5.84736e-05,7.53694e-05,7.58049e-05
2019-01-22,5.3274e-05,7.60189e-05,7.54521e-05
2019-01-23,0.0001025923,7.62373e-05,7.7196e-05
2019-01-24,8.55131e-05,7.61912e-05,7.88809e-05
2019-01-25,5.38511e-05,7.07408e-05,7.85862e-05
2019-01-28,4.84911e-05,6.87443e-05,7.88083e-05
2019-01-29,7.5572e-05,7.32039e-05,7.8582e-05
2019-01-30,7.5028e-05,6.7691e-05,7.75942e-05
2019-01-31,3.89185e-05,5.83721e-05,7.58264e-05
2019-02-01,6.80447e-05,6.12109e-05,7.35433e-05
2019-02-04,7.75242e-05,6.70175e-05,7.13287e-05
2019-02-05,4.23546e-05,6.0374e-05,7.00773e-05
2019-02-06,8.57722e-05,6.25229e-05,7.05941e-05
2019-02-07,9.44598e-05,7.36311e-05,7.05035e-05
2019-02-08,5.81884e-05,7.16598e-05,7.07664e-05
2019-02-11,7.45289e-05,7.10608e-05,7.07336e-05
2019-02-12,7.28934e-05,7.71686e-05,7.00301e-05
2019-02-13,5.99172e-05,7.19976e-05,7.01714e-05
2019-02-14,6.52964e-05,6.61649e-05,7.08655e-05
2019-02-15,8.00849e-05,7.05442e-05,6.9892e-05
2019-02-18,8.7689e-05,7.31762e-05,6.99805e-05
2019-02-19,7.68124e-05,7.396e-05,6.97854e-05
2019-02-20,5.40383e-05,7.27842e-05,6.95838e-05
2019-02-21,6.60945e-05,7.29438e-05,7.01666e-05
2019-02-22,6.43038e-05,6.97876e-05,6.84262e-05
2019-02-25,5.15978e-05,6.25694e-05,6.68846e-05
2019-02-26,4.67763e-05,5.65621e-05,6.6563e-05
2019-02-27,7.58177e-05,6.0918e-05,6.78051e-05
2019-02-28,8.83537e-05,6.53699e-05,6.83861e-05
2019-03-01,6.92036e-05,6.63498e-05,6.81214e-05
2019-03-04,7.08687e-05,7.0204e-05,6.95737e-05
2019-03-05,7.04821e-05,7.49452e-05,6.96845e-05
2019-03-06,4.22178e-05,6.82252e-05,6.80796e-05
2019-03-07,8.29685e-05,6.71481e-05,6.99257e-05
2019-03-08,0.0001114632,7.56001e-05,7.10935e-05
2019-03-11,8.73874e-05,7.89038e-05,7.0772e-05
2019-03-12,6.58559e-05,7.79786e-05,7.11205e-05
2019-03-13,6.05542e-05,8.16458e-05,7.04853e-05
2019-03-14,7.14628e-05,7.93447e-05,7.04203e-05
2019-03-15,6.2992e-05,6.96505e-05,7.056e-05
2019-03-18,6.9339e-05,6.60408e-05,7.07438e-05
2019-03-19,5.93758e-05,6.47448e-05,6.98025e-05
2019-03-20,8.70682e-05,7.00476e-05,6.97743e-05
2019-03-21,4.91786e-05,6.55907e-05,6.85182e-05
2019-03-22,3.58186e-05,6.0156e-05,6.769e-05
2019-03-25,8.98753e-05,6.42633e-05,6.8771e-05
2019-03-26,6.85987e-05,6.61079e-05,6.89662e-05
2019-03-27,8.08298e-05,6.48602e-05,7.02949e-05
2019-03-28,6.82329e-05,6.86711e-05,7.12702e-05
2019-03-29,5.8753e-05,7.32579e-05,7.04945e-05
2019-04-01,5.65886e-05,6.66006e-05,6.90507e-05
2019-04-02,0.0001097813,7.48371e-05,7.08951e-05
2019-04-03,0.0001142611,8.15233e-05,7.28675e-05
2019-04-04,8.53043e-05,8.49376e-05,7.35412e-05
2019-04-05,7.30472e-05,8.77965e-05,7.49426e-05
2019-04-08,7.96602e-05,9.24108e-05,7.47922e-05
2019-04-09,9.48961e-05,8.94338e-05,7.40391e-05
2019-04-10,5.04181e-05,7.66652e-05,7.23587e-05
2019-04-11,4.73046e-05,6.90652e-05,7.15155e-05
2019-04-12,4.12439e-05,6.27046e-05,7.06377e-05
2019-04-15,5.59236e-05,5.79572e-05,6.99314e-05
2019-04-16,3.47008e-05,4.59182e-05,6.86454e-05
2019-04-17,4.34993e-05,4.45344e-05,6.74709e-05
2019-04-18,4.33084e-05,4.37352e-05,6.67406e-05
2019-04-19,4.19494e-05,4.38763e-05,6.46897e-05
2019-04-22,8.73889e-05,5.01693e-05,6.64265e-05
2019-04-23,4.77706e-05,5.27833e-05,6.69698e-05
2019-04-24,8.03387e-05,6.01512e-05,6.65363e-05
2019-04-25,5.95321e-05,6.33959e-05,6.61242e-05
2019-04-26,4.79933e-05,6.46047e-05,6.46316e-05
2019-04-29,3.84024e-05,5.48074e-05,6.32757e-05
2019-04-30,3.62268e-05,5.24987e-05,6.22518e-05
2019-05-01,3.24158e-05,4.29141e-05,6.1153e-05
2019-05-02,5.37749e-05,4.17626e-05,5.86073e-05
2019-05-03,8.18099e-05,4.8526e-05,5.71322e-05
2019-05-06,9.10227e-05,5.905e-05,5.73922e-05
2019-05-07,6.83306e-05,6.54708e-05,5.71778e-05
2019-05-08,7.29698e-05,7.35816e-05,5.68737e-05
2019-05-09,9.69309e-05,8.22128e-05,5.69662e-05
2019-05-10,9.80663e-05,8.54641e-05,5.9132e-05
2019-05-13,6.80789e-05,8.08753e-05,6.00763e-05
2019-05-14,7.09757e-05,8.14043e-05,6.14277e-05
2019-05-15,9.04026e-05,8.48909e-05,6.29949e-05
2019-05-16,8.48184e-05,8.24684e-05,6.5273e-05
2019-05-17,7.15505e-05,7.71652e-05,6.65481e-05
2019-05-20,9.14425e-05,8.1838e-05,6.8736e-05
2019-05-21,8.65476e-05,8.49523e-05,7.07632e-05
2019-05-22,6.43996e-05,7.97517e-05,6.97182e-05
2019-05-23,8.00875e-05,7.88056e-05,7.11872e-05
2019-05-24,5.97867e-05,7.64528e-05,7.0253e-05
2019-05-27,5.70685e-05,6.9578e-05,7.0141e-05
2019-05-28,4.56523e-05,6.1399e-05,7.00346e-05
2019-05-29,6.98991e-05,6.24988e-05,7.14663e-05
2019-05-30,0.0001094006,6.83614e-05,7.47923e-05
2019-05-31,6.93836e-05,7.02808e-05,7.64727e-05
2019-06-03,8.53799e-05,7.59431e-05,7.79093e-05
2019-06-04,7.5996e-05,8.20118e-05,7.7645e-05
2019-06-05,6.09672e-05,8.02255e-05,7.62789e-05
2019-06-06,8.23109e-05,7.48075e-05,7.69143e-05
2019-06-07,8.55934e-05,7.80495e-05,7.74881e-05
2019-06-10,5.43788e-05,7.18493e-05,7.55539e-05
2019-06-11,8.2869e-05,7.32239e-05,7.48632e-05
2019-06-12,6.95809e-05,7.49466e-05,7.49314e-05
2019-06-13,2.97127e-05,6.4427e-05,7.30558e-05
2019-06-14,5.501e-05,5.83103e-05,7.14471e-05
2019-06-17,4.85117e-05,5.71369e-05,6.97968e-05
2019-06-18,3.21709e-05,4.69972e-05,6.80068e-05
2019-06-19,7.38184e-05,4.78447e-05,6.72057e-05
2019-06-20,7.87397e-05,5.76501e-05,6.68508e-05
2019-06-21,7.35074e-05,6.13496e-05,6.72648e-05
2019-06-24,8.55217e-05,6.87516e-05,6.75118e-05
2019-06-25,7.01746e-05,7.63524e-05,6.7984e-05
2019-06-26,6.78624e-05,7.51612e-05,6.84746e-05
2019-06-27,5.68787e-05,7.0789e-05,6.89849e-05
2019-06-28,6.42878e-05,6.89451e-05,6.87298e-05
2019-07-01,9.20695e-05,7.02546e-05,6.79421e-05
2019-07-02,6.25169e-05,6.87231e-05,6.76299e-05
2019-07-03,9.85559e-05,7.48618e-05,6.82288e-05
2019-07-04,8.08776e-05,7.96615e-05,6.84507e-05
2019-07-05,6.19824e-05,7.92004e-05,6.84969e-05
2019-07-08,7.61291e-05,7.60124e-05,6.82159e-05
2019-07-09,7.09644e-05,7.77019e-05,6.75509e-05
2019-07-10,5.55031e-05,6.90913e-05,6.7602e-05
2019-07-11,7.821e-05,6.85578e-05,6.73903e-05
2019-07-12,8.91458e-05,7.39905e-05,6.82796e-05
2019-07-15,5.01498e-05,6.87946e-05,6.92085e-05
2019-07-16,6.4959e-05,6.75935e-05,6.96608e-05
2019-07-17,0.0001105369,7.86003e-05,7.24801e-05
2019-07-18,0.0001013281,8.32239e-05,7.56236e-05
2019-07-19,9.39507e-05,8.41849e-05,7.65387e-05
2019-07-22,0.0001203197,9.82189e-05,7.84287e-05
2019-07-23,8.04184e-05,0.0001013108,7.87428e-05
2019-07-24,0.000109173,0.000101038,7.98179e-05
2019-07-25,0.0001232051,0.0001054134,8.22284e-05
2019-07-26,9.7266e-05,0.0001060764,8.35649e-05
2019-07-29,9.86491e-05,0.0001017423,8.54636e-05
2019-07-30,9.29392e-05,0.0001042465,8.67659e-05
2019-07-31,9.59595e-05,0.0001016038,8.69427e-05
2019-08-01,5.11329e-05,8.71893e-05,8.64253e-05
2019-08-02,2.53382e-05,7.28038e-05,8.30972e-05
2019-08-05,4.07229e-05,6.12185e-05,8.1272e-05
2019-08-06,5.59179e-05,5.38143e-05,8.09963e-05
2019-08-07,7.79731e-05,5.0217e-05,8.10801e-05
2019-08-08,4.79552e-05,4.95815e-05,8.00343e-05
2019-08-09,6.22942e-05,5.69727e-05,8.03429e-05
2019-08-12,0.0001026966,6.93674e-05,8.1456e-05
2019-08-13,0.0001083393,7.98517e-05,8.23284e-05
2019-08-14,0.0001064974,8.55566e-05,8.48897e-05
2019-08-15,0.0001126938,9.85043e-05,8.70594e-05
2019-08-16,0.0001543445,0.0001169143,8.90507e-05
2019-08-19,0.0001090984,0.0001181947,8.94039e-05
2019-08-20,0.000138996,0.000124326,9.14514e-05
2019-08-21,0.0001224674,0.00012752,9.1549e-05
2019-08-22,0.0001051364,0.0001260085,9.26726e-05
2019-08-23,0.0001296194,0.0001210635,9.36019e-05
2019-08-26,0.0001215741,0.0001235587,9.35278e-05
2019-08-27,7.81326e-05,0.000111386,9.26581e-05
2019-08-28,6.74814e-05,0.0001003888,9.12414e-05
2019-08-29,5.01352e-05,8.93886e-05,8.92958e-05
2019-08-30,4.08529e-05,7.16353e-05,8.67909e-05
2019-09-02,4.63135e-05,5.65831e-05,8.65718e-05
2019-09-03,9.5213e-05,5.99992e-05,8.9748e-05
2019-09-04,8.15159e-05,6.28061e-05,9.16022e-05
2019-09-05,8.4951e-05,6.97693e-05,9.29219e-05
2019-09-06,5.35329e-05,7.23053e-05,9.1811e-05
2019-09-09,8.604e-05,8.02506e-05,9.35421e-05
2019-09-10,9.70164e-05,8.06113e-05,9.51204e-05
2019-09-11,8.87334e-05,8.20548e-05,9.44857e-05
2019-09-12,0.0001262788,9.03203e-05,9.53011e-05
2019-09-13,8.36913e-05,9.6352e-05,9.42645e-05
2019-09-16,9.60515e-05,9.83543e-05,9.3508e-05
2019-09-17,0.0001126507,0.0001014811,9.16128e-05
2019-09-18,9.29947e-05,0.0001023334,9.08809e-05
2019-09-19,6.34385e-05,8.97653e-05,8.74464e-05
2019-09-20,3.94506e-05,8.09172e-05,8.36729e-05
2019-09-23,8.70134e-05,7.91096e-05,8.28492e-05
2019-09-24,7.80204e-05,7.21835e-05,8.05037e-05
2019-09-25,9.65425e-05,7.28931e-05,7.93659e-05
2019-09-26,5.78367e-05,7.17727e-05,7.84434e-05
2019-09-27,6.09138e-05,7.60654e-05,7.81449e-05
2019-09-30,0.0001087957,8.04218e-05,8.08113e-05
2019-10-01,9.13478e-05,8.30873e-05,8.31065e-05
2019-10-02,8.90453e-05,8.15878e-05,8.50488e-05
2019-10-03,0.0001317612,9.63727e-05,8.67101e-05
2019-10-04,0.0001139591,0.0001069818,8.81848e-05
2019-10-07,7.45912e-05,0.0001001409,8.77139e-05
2019-10-08,9.5139e-05,0.0001008992,8.96051e-05
2019-10-09,7.11081e-05,9.73117e-05,8.89264e-05
2019-10-10,0.0001313024,9.722e-05,9.04848e-05
2019-10-11,0.0001131729,9.70627e-05,9.15957e-05
2019-10-14,0.0001473089,0.0001116063,9.25516e-05
2019-10-15,0.0001298106,0.0001185406,9.4648e-05
2019-10-16,6.76413e-05,0.0001178472,9.33566e-05
2019-10-17,0.0001222468,0.0001160361,9.37928e-05
2019-10-18,0.0001193939,0.0001172803,9.49927e-05
2019-10-21,0.0001341622,0.000114651,9.82074e-05
2019-10-22,8.5782e-05,0.0001058452,0.0001003134
2019-10-23,0.0001105566,0.0001144283,0.0001013836
2019-10-24,0.0001272491,0.0001154288,0.0001036212
2019-10-25,0.00014383,0.000120316,0.0001057707
2019-10-28,0.0001112454,0.0001157326,0.0001081983
2019-10-29,8.7488e-05,0.0001160738,0.0001094062
2019-10-30,0.0001351185,0.0001209862,0.0001106027
2019-10-31,0.0001319406,0.0001219245,0.0001124479
2019-11-01,0.0001277521,0.0001187089,0.0001142073
2019-11-04,0.0001141647,0.0001192928,0.0001134074
2019-11-05,0.0001266726,0.0001271297,0.0001139853
2019-11-06,0.0001329879,0.0001267036,0.0001166397
2019-11-07,0.0001196102,0.0001242375,0.000117752
2019-11-08,8.08346e-05,0.000114854,0.0001181942
2019-11-11,8.62707e-05,0.0001092752,0.0001161473
2019-11-12,9.71185e-05,0.0001033644,0.0001154175
2019-11-13,9.69992e-05,9.61666e-05,0.0001131307
2019-11-14,9.38541e-05,9.10154e-05,0.0001114963
2019-11-15,0.0001066052,9.61695e-05,0.0001132674
2019-11-18,0.000121064,0.0001031282,0.0001132136
2019-11-19,8.30284e-05,0.0001003102,0.0001115607
2019-11-20,8.59072e-05,9.80918e-05,0.0001093673
2019-11-21,9.01833e-05,9.73576e-05,0.0001095673
2019-11-22,9.64664e-05,9.53299e-05,0.0001089268
2019-11-25,8.75333e-05,8.86237e-05,0.0001071216
2019-11-26,0.0001269005,9.73981e-05,0.0001063521
2019-11-27,0.000124431,0.0001051029,0.0001069514
2019-11-28,9.57817e-05,0.0001062226,0.0001073284
2019-11-29,8.95941e-05,0.0001048481,0.0001052591
2019-12-02,8.30662e-05,0.0001039547,0.0001030375
2019-12-03,8.49362e-05,9.55619e-05,0.0001010914
2019-12-04,7.66389e-05,8.60034e-05,9.93856e-05
2019-12-05,7.30625e-05,8.14596e-05,9.69488e-05
2019-12-06,8.61694e-05,8.07746e-05,9.48207e-05
2019-12-09,7.62958e-05,7.94206e-05,9.28519e-05
2019-12-10,6.7079e-05,7.58491e-05,9.22266e-05
2019-12-11,9.334e-05,7.91893e-05,9.25479e-05
2019-12-12,0.0001105081,8.66784e-05,9.31566e-05
2019-12-13,0.0001126572,9.1976e-05,9.38683e-05
2019-12-16,0.0001151116,9.97392e-05,9.48345e-05
2019-12-17,7.60033e-05,0.000101524,9.34436e-05
2019-12-18,9.90463e-05,0.0001026653,9.24427e-05
2019-12-19,7.48401e-05,9.55317e-05,9.20706e-05
2019-12-20,9.09421e-05,9.11887e-05,9.22994e-05
2019-12-23,7.23906e-05,8.26445e-05,9.14907e-05
2019-12-24,7.23934e-05,8.19225e-05,9.03964e-05
2019-12-25,0.0001268364,8.74805e-05,9.21829e-05
2019-12-26,0.000115157,9.55439e-05,9.16491e-05
2019-12-27,8.87949e-05,9.51145e-05,9.00293e-05
2019-12-30,9.00214e-05,9.86406e-05,8.97675e-05
2019-12-31,7.49476e-05,9.91515e-05,8.91017e-05
2020-01-01,0.0001028063,9.43454e-05,8.9999e-05
2020-01-02,0.0001049443,9.23029e-05,9.09085e-05
2020-01-03,8.54552e-05,9.16349e-05,9.13092e-05
2020-01-06,8.32709e-05,9.02848e-05,9.17732e-05
2020-01-07,8.94991e-05,9.31952e-05,9.19246e-05
2020-01-08,9.57753e-05,9.1789e-05,9.281e-05
2020-01-09,9.23003e-05,8.92602e-05,9.39564e-05
2020-01-10,7.82735e-05,8.78238e-05,9.32716e-05
2020-01-13,7.61337e-05,8.63964e-05,9.17091e-05
2020-01-14,8.45915e-05,8.54149e-05,9.04334e-05
2020-01-15,8.37973e-05,8.30193e-05,8.901e-05
2020-01-16,9.56825e-05,8.36957e-05,8.99045e-05
2020-01-17,0.0001417239,9.63858e-05,9.18444e-05
2020-01-20,0.0001304429,0.0001072476,9.43718e-05
2020-01-21,0.0001078816,0.0001119056,9.51418e-05
2020-01-22,0.0001568546,0.0001265171,9.89811e-05
2020-01-23,0.0001153479,0.0001304502,0.0001009336
2020-01-24,9.35669e-05,0.0001208188,9.94213e-05
2020-01-27,9.4371e-05,0.0001136044,9.84765e-05
2020-01-28,0.0001058129,0.0001131907,9.925e-05
2020-01-29,8.4635e-05,9.87467e-05,9.90052e-05
2020-01-30,5.8436e-05,8.73644e-05,9.82547e-05
2020-01-31,8.52478e-05,8.57005e-05,9.74565e-05
2020-02-03,4.88145e-05,7.65893e-05,9.49052e-05
2020-02-04,2.27724e-05,5.99812e-05,9.2056e-05
2020-02-05,6.47774e-05,5.60096e-05,9.12154e-05
2020-02-06,9.93419e-05,6.41908e-05,9.16628e-05
2020-02-07,8.48719e-05,6.41156e-05,9.11672e-05
2020-02-10,7.44023e-05,6.92332e-05,9.03536e-05
2020-02-11,0.0001042215,8.5523e-05,9.15331e-05
2020-02-12,9.6054e-05,9.17783e-05,9.24385e-05
2020-02-13,9.20205e-05,9.0314e-05,9.27762e-05
2020-02-14,6.01318e-05,8.5366e-05,9.17005e-05
2020-02-17,0.0001254382,9.55732e-05,9.3053e-05
2020-02-18,8.3915e-05,9.15119e-05,9.04254e-05
2020-02-19,6.08361e-05,8.44683e-05,8.72614e-05
2020-02-20,4.43252e-05,7.49293e-05,8.43725e-05
2020-02-21,6.31266e-05,7.55282e-05,8.01121e-05
2020-02-24,5.59728e-05,6.16351e-05,7.74133e-05
2020-02-25,7.49862e-05,5.98494e-05,7.65687e-05
2020-02-26,6.64288e-05,6.09679e-05,7.52986e-05
2020-02-27,9.46649e-05,7.10358e-05,7.47919e-05
2020-02-28,6.59024e-05,7.1591e-05,7.39404e-05
2020-03-02,8.82321e-05,7.80429e-05,7.52947e-05
2020-03-03,0.0001001871,8.30831e-05,7.59738e-05
2020-03-04,0.0001167658,9.31505e-05,7.90625e-05
2020-03-05,0.0001113148,9.64804e-05,8.30871e-05
2020-03-06,9.73857e-05,0.0001027771,8.45693e-05
2020-03-09,0.0001068713,0.0001065049,8.49116e-05
2020-03-10,0.0001173716,0.0001099418,8.63888e-05
2020-03-11,8.03221e-05,0.0001026531,8.66579e-05
2020-03-12,0.0001071432,0.0001018188,8.67907e-05
2020-03-13,0.0001134498,0.0001050316,8.75814e-05
2020-03-16,5.95071e-05,9.55588e-05,8.61036e-05
2020-03-17,7.68596e-05,8.74564e-05,8.68639e-05
2020-03-18,7.30861e-05,8.60092e-05,8.44843e-05
2020-03-19,9.36667e-05,8.33139e-05,8.49275e-05
2020-03-20,0.0001208009,8.47841e-05,8.76532e-05
2020-03-23,8.49638e-05,8.98754e-05,8.95004e-05
2020-03-24,5.45708e-05,8.54177e-05,8.91115e-05
2020-03-25,8.59652e-05,8.79935e-05,9.04748e-05
2020-03-26,7.74113e-05,8.47424e-05,9.05851e-05
2020-03-27,9.29653e-05,7.91753e-05,9.17913e-05
2020-03-30,0.0001097698,8.41365e-05,9.24778e-05
2020-03-31,0.0001156949,9.63613e-05,9.47411e-05
2020-04-01,8.00843e-05,9.51851e-05,9.43708e-05
2020-04-02,7.57691e-05,9.48567e-05,9.32609e-05
2020-04-03,7.86338e-05,9.19904e-05,9.15276e-05
2020-04-06,7.0332e-05,8.41028e-05,8.96647e-05
2020-04-07,0.0001131448,8.35928e-05,9.03811e-05
2020-04-08,0.000109322,8.94403e-05,9.04925e-05
2020-04-09,0.0001082175,9.593e-05,9.00764e-05
2020-04-10,7.73425e-05,9.56718e-05,8.99409e-05
2020-04-13,0.0001007265,0.0001017507,8.96493e-05
2020-04-14,7.16188e-05,9.34455e-05,8.77479e-05
2020-04-15,9.26678e-05,9.01146e-05,8.92552e-05
2020-04-16,9.18933e-05,8.68498e-05,8.99385e-05
2020-04-17,7.21052e-05,8.58023e-05,8.98939e-05
2020-04-20,0.0001131871,8.82944e-05,9.07812e-05
2020-04-21,6.30339e-05,8.65775e-05,8.81554e-05
2020-04-22,7.9888e-05,8.40215e-05,8.79247e-05
2020-04-23,0.0001164854,8.89399e-05,9.0739e-05
2020-04-24,0.000101536,9.48261e-05,9.14468e-05
2020-04-27,3.42491e-05,7.90385e-05,8.94849e-05
2020-04-28,6.24681e-05,7.89253e-05,8.80986e-05
2020-04-29,8.11214e-05,7.9172e-05,8.67964e-05
2020-04-30,9.77617e-05,7.54273e-05,8.59813e-05
2020-05-01,0.0001317235,8.14648e-05,8.83285e-05
2020-05-04,0.0001286476,0.0001003445,9.07321e-05
2020-05-05,9.94906e-05,0.000107749,9.16801e-05
2020-05-06,0.0001304122,0.0001176071,9.44111e-05
2020-05-07,0.0001244344,0.0001229417,9.49242e-05
2020-05-08,9.72319e-05,0.0001160434,9.43747e-05
2020-05-11,0.0001192857,0.000114171,9.48778e-05
2020-05-12,9.66867e-05,0.0001136102,9.5757e-05
2020-05-13,7.40041e-05,0.0001023286,9.45424e-05
2020-05-14,4.77297e-05,8.69876e-05,9.34565e-05
2020-05-15,4.72756e-05,7.69964e-05,9.13932e-05
2020-05-18,6.59651e-05,6.63322e-05,9.02147e-05
2020-05-19,6.48823e-05,5.99713e-05,8.98864e-05
2020-05-20,7.60733e-05,6.03852e-05,8.81994e-05
2020-05-21,8.41687e-05,6.7673e-05,8.91601e-05
2020-05-22,6.62243e-05,7.14627e-05,8.8539e-05
2020-05-25,6.21668e-05,7.07031e-05,8.607e-05
2020-05-26,8.28115e-05,7.42889e-05,8.52188e-05
2020-05-27,9.47033e-05,7.80149e-05,8.79668e-05
2020-05-28,0.0001051627,8.22137e-05,8.99074e-05
2020-05-29,0.0001180688,9.25826e-05,9.15868e-05
2020-06-01,0.0001081862,0.0001017865,9.20607e-05
2020-06-02,9.66622e-05,0.0001045566,9.0467e-05
2020-06-03,8.20045e-05,0.0001020169,8.83468e-05
2020-06-04,0.0001238504,0.0001057544,8.94541e-05
2020-06-05,0.0001098438,0.0001041094,8.85192e-05
2020-06-08,0.0001064521,0.0001037626,8.77018e-05
2020-06-09,0.0001224774,0.0001089256,8.88493e-05
2020-06-10,0.0001000861,0.000112542,8.79766e-05
2020-06-11,8.16785e-05,0.0001041076,8.72944e-05
2020-06-12,6.452e-05,9.50428e-05,8.68633e-05
2020-06-15,8.65493e-05,9.10623e-05,8.86279e-05
2020-06-16,9.43807e-05,8.54429e-05,9.0769e-05
2020-06-17,7.73001e-05,8.08857e-05,9.12842e-05
2020-06-18,7.63922e-05,7.98284e-05,9.18074e-05
2020-06-19,0.0001012958,8.71836e-05,9.29539e-05
2020-06-22,8.9782e-05,8.78302e-05,9.3209e-05
2020-06-23,7.73053e-05,8.44151e-05,9.37127e-05
2020-06-24,0.0001063247,9.022e-05,9.57199e-05
2020-06-25,8.78942e-05,9.25204e-05,9.59509e-05
2020-06-26,0.0001028618,9.28336e-05,9.63218e-05
2020-06-29,5.9181e-05,8.67134e-05,9.42317e-05
2020-06-30,4.46751e-05,8.01874e-05,9.08956e-05
2020-07-01,6.26374e-05,7.14499e-05,8.88252e-05
2020-07-02,9.63388e-05,7.31388e-05,8.88105e-05
2020-07-03,9.34859e-05,7.12637e-05,8.93324e-05
2020-07-06,8.54692e-05,7.65213e-05,8.75878e-05
2020-07-07,7.74678e-05,8.30798e-05,8.61162e-05
2020-07-08,9.48045e-05,8.95133e-05,8.55867e-05
2020-07-09,7.41988e-05,8.50852e-05,8.33922e-05
2020-07-10,8.51824e-05,8.34245e-05,8.27148e-05
2020-07-13,7.52361e-05,8.13779e-05,8.2422e-05
2020-07-14,8.36979e-05,8.26239e-05,8.32937e-05
2020-07-15,9.93867e-05,8.35404e-05,8.38772e-05
2020-07-16,0.0001072659,9.01538e-05,8.44629e-05
2020-07-17,0.0001045283,9.4023e-05,8.57005e-05
2020-07-20,9.27087e-05,9.75175e-05,8.64422e-05
2020-07-21,8.989e-05,9.87559e-05,8.59238e-05
2020-07-22,8.05009e-05,9.49788e-05,8.55019e-05
2020-07-23,9.40995e-05,9.23455e-05,8.62653e-05
2020-07-24,0.0001010163,9.16431e-05,8.6024e-05
2020-07-27,6.9395e-05,8.69804e-05,8.51831e-05
2020-07-28,8.3425e-05,8.56873e-05,8.42996e-05
2020-07-29,0.0001066311,9.09134e-05,8.64564e-05
2020-07-30,0.0001120488,9.45032e-05,8.95189e-05
2020-07-31,7.9734e-05,9.02468e-05,9.0296e-05
2020-08-03,6.80622e-05,8.99802e-05,8.90107e-05
2020-08-04,9.2901e-05,9.18754e-05,8.89841e-05
2020-08-05,0.000100124,9.0574e-05,8.96502e-05
2020-08-06,0.0001075992,8.96841e-05,9.10198e-05
2020-08-07,8.45235e-05,9.0642e-05,9.05525e-05
2020-08-10,9.46358e-05,9.59567e-05,9.14815e-05
2020-08-11,8.09811e-05,9.35727e-05,9.12905e-05
2020-08-12,9.76689e-05,9.30817e-05,9.23102e-05
2020-08-13,0.0001139349,9.43488e-05,9.36846e-05
2020-08-14,0.0001043282,9.83098e-05,9.39092e-05
2020-08-17,9.1188e-05,9.76202e-05,9.31784e-05
2020-08-18,7.58282e-05,9.65896e-05,9.18738e-05
2020-08-19,0.0001305194,0.0001031597,9.35925e-05
2020-08-20,8.84265e-05,9.80581e-05,9.3526e-05
2020-08-21,8.69987e-05,9.45922e-05,9.38213e-05
2020-08-24,6.29443e-05,8.89434e-05,9.24052e-05
2020-08-25,8.26632e-05,9.03104e-05,9.1571e-05
2020-08-26,7.21208e-05,7.86307e-05,9.16948e-05
2020-08-27,8.05734e-05,7.70601e-05,9.15652e-05
2020-08-28,7.7843e-05,7.5229e-05,9.02567e-05
2020-08-31,8.29456e-05,7.92292e-05,8.89338e-05
2020-09-01,0.0001169623,8.6089e-05,9.0626e-05
2020-09-02,0.000110045,9.36739e-05,9.25343e-05
2020-09-03,0.0001085873,9.92766e-05,9.32473e-05
2020-09-04,0.0001256894,0.0001088459,9.44094e-05
2020-09-07,8.67704e-05,0.0001096109,9.34626e-05
2020-09-08,9.06525e-05,0.0001043489,9.37412e-05
2020-09-09,0.0001005505,0.00010245,9.40101e-05
2020-09-10,0.0001044205,0.0001016167,9.50755e-05
2020-09-11,0.0001049334,9.74654e-05,9.54057e-05
2020-09-14,0.0001213936,0.0001043901,9.57447e-05
2020-09-15,0.0001088007,0.0001080197,9.5948e-05
2020-09-16,7.63627e-05,0.0001031822,9.52742e-05
2020-09-17,6.908e-05,9.61141e-05,9.49674e-05
2020-09-18,0.0001088148,9.68904e-05,9.39808e-05
2020-09-21,0.0001381388,0.0001002394,9.62405e-05
2020-09-22,0.0001077852,0.0001000363,9.71853e-05
2020-09-23,8.08718e-05,0.0001009381,9.80002e-05
2020-09-24,7.82324e-05,0.0001027686,9.77988e-05
2020-09-25,7.40769e-05,9.5821e-05,9.78877e-05
2020-09-28,0.0001204115,9.22755e-05,9.96986e-05
2020-09-29,0.0001153227,9.3783e-05,0.0001014022
2020-09-30,0.0001142388,0.0001004564,0.0001028246
2020-10-01,5.5717e-05,9.59534e-05,0.0001000407
2020-10-02,7.00909e-05,9.51562e-05,9.82246e-05
2020-10-05,8.84716e-05,8.87682e-05,9.73103e-05
2020-10-06,0.0001220353,9.01107e-05,9.71442e-05
2020-10-07,7.48133e-05,8.22256e-05,9.66007e-05
2020-10-08,4.6914e-05,8.0465e-05,9.46126e-05
2020-10-09,7.11074e-05,8.06683e-05,9.32742e-05
2020-10-12,8.87265e-05,8.07193e-05,9.25609e-05
2020-10-13,0.0001134574,7.90037e-05,9.29483e-05
2020-10-14,9.51781e-05,8.30767e-05,9.17567e-05
2020-10-15,0.0001102766,9.57492e-05,9.18238e-05
2020-10-16,0.0001028535,0.0001020984,9.30279e-05
2020-10-19,7.98415e-05,0.0001003214,9.35171e-05
2020-10-20,0.0001250355,0.000102637,9.42544e-05
2020-10-21,0.0001211706,0.0001078355,9.34831e-05
2020-10-22,8.63191e-05,0.000103044,9.25074e-05
2020-10-23,8.99523e-05,0.0001004638,9.29201e-05
2020-10-26,8.39862e-05,0.0001012928,9.31817e-05
2020-10-27,9.29487e-05,9.48754e-05,9.40395e-05
2020-10-28,0.0001083993,9.23211e-05,9.34935e-05
2020-10-29,0.0001197285,9.9003e-05,9.36937e-05
2020-10-30,0.0001275986,0.0001065323,9.4301e-05
2020-11-02,9.0601e-05,0.0001078552,9.58866e-05
2020-11-03,0.0001389121,0.0001170479,9.90149e-05
2020-11-04,0.0001093131,0.0001172307,9.99622e-05
2020-11-05,0.0001414058,0.0001215661,0.0001008427
2020-11-06,9.45642e-05,0.0001149593,0.0001017405
2020-11-09,0.0001077724,0.0001183935,0.0001045068
2020-11-10,0.0001561886,0.0001218488,0.0001083741
2020-11-11,9.77844e-05,0.0001195431,0.0001087858
2020-11-12,0.0001254109,0.0001163441,0.0001093292
2020-11-13,8.61097e-05,0.0001146532,0.0001089169
2020-11-16,7.9612e-05,0.0001090211,0.0001075231
2020-11-17,0.0001375784,0.0001052991,0.0001091015
2020-11-18,0.0001038644,0.0001065151,0.0001101935
2020-11-19,8.71736e-05,9.88676e-05,0.0001084725
2020-11-20,8.72993e-05,9.91056e-05,0.0001069329
2020-11-23,7.38334e-05,9.79498e-05,0.0001063653
2020-11-24,0.0001233621,9.51066e-05,0.000107884
2020-11-25,0.0001001957,9.43728e-05,0.0001086207
2020-11-26,0.0001090079,9.87397e-05,0.0001093507
2020-11-27,0.0001363315,0.0001085461,0.0001106204
2020-11-30,8.49022e-05,0.0001107599,0.0001090373
2020-12-01,8.36856e-05,0.0001028246,0.0001070413
2020-12-02,0.0001043509,0.0001036556,0.0001076663
2020-12-03,0.0001172345,0.000105301,0.0001066809
2020-12-04,8.2065e-05,9.44476e-05,0.0001054424
2020-12-07,9.33139e-05,9.613e-05,0.0001032564
2020-12-08,8.29539e-05,9.59836e-05,0.0001027287
2020-12-09,9.88376e-05,9.4881e-05,0.0001023225
2020-12-10,8.49537e-05,8.84248e-05,9.90846e-05
2020-12-11,0.0001070314,9.34181e-05,9.95049e-05
2020-12-14,0.0001165409,9.80635e-05,9.91017e-05
2020-12-15,8.95824e-05,9.93892e-05,9.92596e-05
2020-12-16,9.43424e-05,9.84901e-05,9.99291e-05
2020-12-17,7.46163e-05,9.64226e-05,9.70672e-05
2020-12-18,4.39445e-05,8.38053e-05,9.43436e-05
2020-12-21,4.54467e-05,6.95864e-05,9.24469e-05
2020-12-22,3.89477e-05,5.94595e-05,9.02491e-05
2020-12-23,7.8608e-05,5.63126e-05,9.04661e-05
2020-12-24,8.04348e-05,5.74763e-05,8.85149e-05
2020-12-25,8.83558e-05,6.63586e-05,8.79767e-05
2020-12-28,5.91195e-05,6.90932e-05,8.57091e-05
2020-12-29,8.47859e-05,7.82608e-05,8.33661e-05
2020-12-30,6.95935e-05,7.64579e-05,8.26702e-05
2020-12-31,6.07711e-05,7.25252e-05,8.16287e-05
2021-01-01,5.73108e-05,6.63162e-05,7.94905e-05
2021-01-04,8.37096e-05,7.12342e-05,7.79666e-05
2021-01-05,9.28538e-05,7.28478e-05,7.8457e-05
2021-01-06,9.94304e-05,7.88151e-05,7.8735e-05
2021-01-07,5.87032e-05,7.84016e-05,7.76327e-05
2021-01-08,5.04105e-05,7.70215e-05,7.54315e-05
2021-01-11,8.63999e-05,7.75596e-05,7.54972e-05
2021-01-12,4.6451e-05,6.8279e-05,7.27436e-05
2021-01-13,7.69542e-05,6.37838e-05,7.09442e-05
2021-01-14,0.0001030946,7.26621e-05,7.15584e-05
2021-01-15,8.74018e-05,8.00603e-05,7.12429e-05
2021-01-18,5.86442e-05,7.45092e-05,7.05169e-05
2021-01-19,6.73746e-05,7.86939e-05,7.15819e-05
2021-01-20,8.91701e-05,8.11371e-05,7.35693e-05
2021-01-21,4.54177e-05,6.96017e-05,7.38634e-05
2021-01-22,5.8201e-05,6.37615e-05,7.29358e-05
2021-01-25,9.00812e-05,7.00489e-05,7.33743e-05
2021-01-26,9.42224e-05,7.54185e-05,7.3641e-05
2021-01-27,6.45721e-05,7.04989e-05,7.38888e-05
2021-01-28,5.26808e-05,7.19515e-05,7.24295e-05
2021-01-29,6.9118e-05,7.41349e-05,7.24079e-05
2021-02-01,9.38225e-05,7.48832e-05,7.39102e-05
2021-02-02,0.0001097565,7.799e-05,7.62941e-05
2021-02-03,9.34028e-05,8.37561e-05,7.67347e-05
2021-02-04,8.99339e-05,9.12067e-05,7.6602e-05
2021-02-05,8.24578e-05,9.38747e-05,7.58305e-05
2021-02-08,9.2936e-05,9.36974e-05,7.73865e-05
2021-02-09,8.22076e-05,8.81876e-05,7.88319e-05
2021-02-10,0.0001088949,9.12861e-05,7.98544e-05
2021-02-11,7.10334e-05,8.7506e-05,8.09717e-05
2021-02-12,5.84798e-05,8.27104e-05,8.0132e-05
2021-02-15,5.66288e-05,7.54489e-05,7.80199e-05
2021-02-16,5.67115e-05,7.03497e-05,7.66249e-05
2021-02-17,7.59038e-05,6.37515e-05,7.74094e-05
2021-02-18,7.94248e-05,6.54298e-05,7.79572e-05
2021-02-19,5.46491e-05,6.46636e-05,7.6388e-05
2021-02-22,7.14953e-05,6.76369e-05,7.75734e-05
2021-02-23,7.92009e-05,7.21348e-05,7.85279e-05
2021-02-24,9.04985e-05,7.50537e-05,7.85469e-05
2021-02-25,6.89719e-05,7.29631e-05,7.73991e-05
2021-02-26,8.52849e-05,7.90903e-05,7.83406e-05
2021-03-01,6.74905e-05,7.82893e-05,7.90138e-05
2021-03-02,7.1993e-05,7.68478e-05,7.91445e-05
2021-03-03,0.0001011641,7.89809e-05,7.94782e-05
2021-03-04,7.92614e-05,8.10388e-05,7.8092e-05
2021-03-05,7.51593e-05,7.90137e-05,7.72628e-05
2021-03-08,0.0001368508,9.28857e-05,7.93954e-05
2021-03-09,6.37757e-05,9.12423e-05,7.85462e-05
2021-03-10,8.515e-05,8.80394e-05,7.81923e-05
2021-03-11,9.43851e-05,9.10642e-05,7.87458e-05
2021-03-12,0.0001374247,0.0001035172,8.00426e-05
2021-03-15,7.86214e-05,9.18714e-05,8.03875e-05
2021-03-16,8.28033e-05,9.56769e-05,8.14931e-05
2021-03-17,7.78416e-05,9.42152e-05,8.24573e-05
2021-03-18,7.49327e-05,9.03248e-05,8.32856e-05
2021-03-19,9.32433e-05,8.14885e-05,8.40737e-05
2021-03-22,8.9977e-05,8.37596e-05,8.45534e-05
2021-03-23,8.72772e-05,8.46543e-05,8.60365e-05
2021-03-24,6.42314e-05,8.19323e-05,8.57063e-05
2021-03-25,8.32736e-05,8.36005e-05,8.58914e-05
2021-03-26,8.12704e-05,8.12059e-05,8.5472e-05
2021-03-29,0.000100345,8.32795e-05,8.6898e-05
2021-03-30,9.74281e-05,8.53097e-05,8.745e-05
2021-03-31,7.12263e-05,8.67087e-05,8.76198e-05
2021-04-01,9.40044e-05,8.88548e-05,8.86203e-05
2021-04-02,6.99913e-05,8.6599e-05,8.72034e-05
2021-04-05,7.6651e-05,8.18602e-05,8.70847e-05
2021-04-06,0.0001468635,9.17473e-05,9.0344e-05
2021-04-07,0.0001069597,9.8894e-05,8.89853e-05
2021-04-08,0.0001072256,0.0001015382,9.09603e-05
2021-04-09,6.69076e-05,0.0001009215,9.01311e-05
2021-04-12,0.000100874,0.0001057661,9.0426e-05
2021-04-13,7.90915e-05,9.22117e-05,8.77745e-05
2021-04-14,7.15171e-05,8.51232e-05,8.74516e-05
2021-04-15,6.94136e-05,7.75608e-05,8.6843e-05
2021-04-16,4.31512e-05,7.28095e-05,8.52662e-05
2021-04-19,5.75603e-05,6.41467e-05,8.44765e-05
2021-04-20,5.38426e-05,5.9097e-05,8.26856e-05
2021-04-21,5.48533e-05,5.57642e-05,8.1089e-05
2021-04-22,8.86105e-05,5.96036e-05,8.11496e-05
2021-04-23,0.0001087304,7.27194e-05,8.31723e-05
2021-04-26,0.0001042791,8.20632e-05,8.41271e-05
2021-04-27,0.0001030953,9.19137e-05,8.51192e-05
2021-04-28,6.62456e-05,9.41922e-05,8.35692e-05
2021-04-29,9.40815e-05,9.52864e-05,8.34171e-05
2021-04-30,0.0001092925,9.53988e-05,8.51473e-05
2021-05-03,0.0001123753,9.7018e-05,8.59824e-05
2021-05-04,0.0001223109,0.0001008612,8.83606e-05
2021-05-05,0.0001210167,0.0001118154,9.03772e-05
2021-05-06,0.0001527694,0.000123553,9.06456e-05
2021-05-07,0.0001295225,0.000127599,9.16712e-05
2021-05-10,0.0001098655,0.000127097,9.17912e-05
2021-05-11,8.95943e-05,0.0001205537,9.28224e-05
2021-05-12,8.48495e-05,0.0001133202,9.2094e-05
2021-05-13,0.0001110134,0.000104969,9.3545e-05
2021-05-14,0.0001135162,0.0001017678,9.54541e-05
2021-05-17,0.0001167573,0.0001031461,9.76061e-05
2021-05-18,0.0001172965,0.0001086866,0.0001009763
2021-05-19,0.000126268,0.0001169703,0.0001040994
2021-05-20,9.08011e-05,0.0001129278,0.0001057793
2021-05-21,8.40076e-05,0.0001070261,0.0001071045
2021-05-24,0.0001490016,0.0001134749,0.0001098496
2021-05-25,9.29432e-05,0.0001086043,0.000109132
2021-05-26,0.0001316191,0.0001096745,0.0001103747
2021-05-27,0.0001155848,0.0001146313,0.0001109424
2021-05-28,7.52371e-05,0.0001128772,0.0001113511
2021-05-31,9.53968e-05,0.0001021562,0.0001114109
2021-06-01,9.42891e-05,0.0001024254,0.0001107289
2021-06-02,9.30074e-05,9.4703e-05,0.0001098485
2021-06-03,7.18196e-05,8.595e-05,0.0001075535
2021-06-04,6.89806e-05,8.46987e-05,0.0001051882
2021-06-07,0.0001332267,9.22647e-05,0.0001042999
2021-06-08,0.0001058474,9.45763e-05,0.0001032238
2021-06-09,0.0001181256,9.96e-05,0.0001035992
2021-06-10,0.0001008246,0.000105401,0.0001041097
2021-06-11,8.91891e-05,0.0001094427,0.0001043069
2021-06-14,8.72235e-05,0.000100242,0.0001032256
2021-06-15,0.0001010208,9.92767e-05,0.0001026576
2021-06-16,9.76227e-05,9.51761e-05,0.0001017879
2021-06-17,8.66919e-05,9.23496e-05,0.0001003967
2021-06-18,0.0001123024,9.69723e-05,9.97619e-05
2021-06-21,0.0001101898,0.0001015655,0.0001006433
2021-06-22,0.0001097326,0.0001033079,0.0001018126
2021-06-23,0.0001032726,0.0001044379,9.9734e-05
2021-06-24,9.98223e-05,0.000107064,0.0001000467
2021-06-25,0.0001182172,0.0001082469,9.94375e-05
2021-06-28,0.0001121087,0.0001086307,9.92795e-05
2021-06-29,0.0001017517,0.0001070345,0.0001004847
2021-06-30,0.000116758,0.0001097316,0.0001014557
2021-07-01,0.0001338747,0.000116542,0.000103255
2021-07-02,7.54814e-05,0.0001079949,0.0001024584
2021-07-05,0.0001117521,0.0001079236,0.0001042735
2021-07-06,0.0001083449,0.0001092422,0.0001060628
2021-07-07,0.0001270225,0.0001112951,0.0001057808
2021-07-08,0.000117552,0.0001080306,0.0001063128
2021-07-09,0.0001035681,0.0001136479,0.0001056511
2021-07-12,9.34208e-05,0.0001099817,0.0001053145
2021-07-13,0.0001191101,0.0001121347,0.0001066746
2021-07-14,0.000104825,0.0001076952,0.0001074747
2021-07-15,0.0001261162,0.000109408,0.0001086154
2021-07-16,0.0001580681,0.000120308,0.0001113629
2021-07-19,0.0001256037,0.0001267446,0.0001131316
2021-07-20,0.0001142814,0.0001257789,0.0001132215
2021-07-21,6.59674e-05,0.0001180074,0.0001112114
2021-07-22,0.0001150082,0.0001157858,0.0001114512
2021-07-23,0.0001019911,0.0001045704,0.000111393
2021-07-26,0.000121894,0.0001038284,0.0001123962
2021-07-27,0.0001154849,0.0001040691,0.000112272
2021-07-28,8.26942e-05,0.0001074145,0.000110935
2021-07-29,0.0001313453,0.0001106819,0.0001122802
2021-07-30,0.0001286535,0.0001160144,0.0001128209
2021-08-02,0.0001125371,0.000114143,0.000111851
2021-08-03,0.00011725,0.000114496,0.0001137496
2021-08-04,0.0001208101,0.0001221192,0.0001141613
2021-08-05,0.0001067126,0.0001171927,0.0001140871
2021-08-06,0.0001261233,0.0001166866,0.0001140462
2021-08-09,9.78071e-05,0.0001137406,0.0001131487
2021-08-10,0.0001081903,0.0001119287,0.0001133588
2021-08-11,0.0001434866,0.000116464,0.0001156346
2021-08-12,0.0001483059,0.0001247826,0.0001169616
2021-08-13,0.0001016442,0.0001198868,0.0001168171
2021-08-16,7.94618e-05,0.0001162178,0.0001146964
2021-08-17,0.0001080921,0.0001161981,0.0001124248
2021-08-18,9.41982e-05,0.0001063404,0.0001109972
2021-08-19,8.29792e-05,9.32751e-05,0.0001095744
2021-08-20,7.97187e-05,8.889e-05,0.0001101995
2021-08-23,0.0001106612,9.51299e-05,0.0001100019
2021-08-24,9.63829e-05,9.2788e-05,0.000109747
2021-08-25,6.4925e-05,8.69334e-05,0.0001071575
2021-08-26,0.0001077169,9.18809e-05,0.0001068044
2021-08-27,0.0001114271,9.82226e-05,0.0001081104
2021-08-30,0.0001133351,9.87574e-05,0.0001072918
2021-08-31,0.0001338131,0.0001062434,0.0001075263
2021-09-01,0.0001140296,0.0001160644,0.0001075941
2021-09-02,9.05393e-05,0.0001126289,0.00010638
2021-09-03,8.83681e-05,0.0001080171,0.0001049054
2021-09-06,0.0001168843,0.0001087269,0.0001053677
2021-09-07,0.0001306159,0.0001080874,0.0001055719
2021-09-08,7.89445e-05,0.0001010704,0.0001047145
2021-09-09,5.63452e-05,9.42316e-05,0.0001023579
2021-09-10,7.51299e-05,9.1584e-05,9.92508e-05
2021-09-13,8.34827e-05,8.49036e-05,9.63043e-05
2021-09-14,9.63221e-05,7.80449e-05,9.60624e-05
2021-09-15,8.76257e-05,7.97811e-05,9.64335e-05
2021-09-16,8.86779e-05,8.62476e-05,9.5551e-05
2021-09-17,4.74404e-05,8.07097e-05,9.34257e-05
2021-09-20,7.26257e-05,7.85384e-05,9.29551e-05
2021-09-21,6.21731e-05,7.17086e-05,9.21575e-05
2021-09-22,8.41282e-05,7.10091e-05,9.09515e-05
2021-09-23,9.70543e-05,7.26844e-05,9.0982e-05
2021-09-24,7.61523e-05,7.84267e-05,9.14923e-05
2021-09-27,0.00012557,8.90156e-05,9.23038e-05
2021-09-28,6.76691e-05,9.01148e-05,9.03148e-05
2021-09-29,0.0001098183,9.52528e-05,9.0155e-05
2021-09-30,0.0001041241,9.66668e-05,8.88055e-05
2021-10-01,3.60255e-05,8.86414e-05,8.52598e-05
2021-10-04,0.0001161354,8.67545e-05,8.64233e-05
2021-10-05,0.0001132496,9.58706e-05,8.75543e-05
2021-10-06,9.08883e-05,9.20846e-05,8.63726e-05
2021-10-07,9.7873e-05,9.08344e-05,8.48843e-05
2021-10-08,6.58367e-05,9.67966e-05,8.42885e-05
2021-10-11,8.65443e-05,9.08784e-05,8.56612e-05
2021-10-12,8.64536e-05,8.55192e-05,8.61759e-05
2021-10-13,9.10175e-05,8.5545e-05,8.65184e-05
2021-10-14,0.0001001425,8.59989e-05,8.66921e-05
2021-10-15,0.0001132848,9.54885e-05,8.78584e-05
2021-10-18,7.95724e-05,9.40941e-05,8.74445e-05
2021-10-19,0.0001060223,9.80079e-05,9.01073e-05
2021-10-20,7.84259e-05,9.54896e-05,9.0371e-05
2021-10-21,6.9961e-05,8.94533e-05,9.0725e-05
2021-10-22,7.22844e-05,8.12532e-05,9.01866e-05
2021-10-25,9.91915e-05,8.5177e-05,9.02837e-05
2021-10-26,9.63624e-05,8.3245e-05,9.12024e-05
2021-10-27,6.81275e-05,8.11854e-05,8.85914e-05
2021-10-28,5.72201e-05,7.86372e-05,8.81164e-05
2021-10-29,7.86273e-05,7.99058e-05,8.66986e-05
2021-11-01,7.99699e-05,7.60614e-05,8.56007e-05
2021-11-02,6.09883e-05,6.89866e-05,8.67354e-05
2021-11-03,7.55279e-05,7.04667e-05,8.48896e-05
2021-11-04,0.0001089163,8.08059e-05,8.46926e-05
2021-11-05,0.0001261755,9.03156e-05,8.62966e-05
2021-11-08,0.0001121401,9.67496e-05,8.69451e-05
2021-11-09,0.0001067418,0.0001059003,8.88044e-05
2021-11-10,0.0001455219,0.0001198991,9.14852e-05
2021-11-11,0.0001299871,0.0001241133,9.3464e-05
2021-11-12,0.0001148171,0.0001218416,9.45458e-05
2021-11-15,0.0001121933,0.0001218522,9.50936e-05
2021-11-16,0.0001034198,0.0001211878,9.46452e-05
2021-11-17,9.50748e-05,0.0001110984,9.53498e-05
2021-11-18,0.0001127936,0.0001076597,9.56576e-05
2021-11-19,7.16368e-05,9.90237e-05,9.5349e-05
2021-11-22,0.0001305877,0.0001027026,9.81048e-05
2021-11-23,0.0001202191,0.0001060624,0.0001002836
2021-11-24,0.0001108276,0.000109213,0.0001008125
2021-11-25,8.57589e-05,0.000103806,0.0001003306
2021-11-26,9.71898e-05,0.0001089166,0.0001016516
2021-11-29,8.99461e-05,0.0001007883,0.0001031391
2021-11-30,0.0001266283,0.0001020701,0.000105321
2021-12-01,0.0001089672,0.0001016981,0.000106639
2021-12-02,8.05977e-05,0.0001006658,0.0001075304
2021-12-03,6.92027e-05,9.50684e-05,0.0001072429
2021-12-06,7.03545e-05,9.11501e-05,0.0001054901
2021-12-07,0.0001291053,9.16455e-05,0.0001056232
2021-12-08,0.0001207134,9.39947e-05,0.0001060129
2021-12-09,0.000104171,9.87094e-05,0.0001058961
2021-12-10,0.0001434453,0.0001135579,0.0001058017
2021-12-13,0.0001495423,0.0001293955,0.0001066906
2021-12-14,0.0001513502,0.0001338444,0.0001083512
2021-12-15,0.0001315185,0.0001360055,0.0001092296
2021-12-16,0.0001247069,0.0001401126,0.0001101972
2021-12-17,0.0001402158,0.0001394667,0.000112249
2021-12-20,0.0001511411,0.0001397865,0.0001139921
2021-12-21,0.0001206531,0.0001336471,0.0001162201
2021-12-22,0.0001010885,0.0001275611,0.0001148792
2021-12-23,0.0001322079,0.0001290613,0.0001154242
2021-12-24,0.0001105614,0.0001231304,0.0001154121
2021-12-27,0.000100064,0.000112915,0.0001160623
2021-12-28,0.0001370295,0.0001161903,0.0001178732
2021-12-29,0.0001021842,0.0001164094,0.0001184295
2021-12-30,0.0001153175,0.0001130313,0.0001179154
2021-12-31,0.0001020256,0.0001113242,0.0001175998
2022-01-03,0.0001360195,0.0001185153,0.000120119
2022-01-04,0.0001412414,0.0001193576,0.0001233935
2022-01-05,0.0001315233,0.0001252255,0.0001261739
2022-01-06,0.0001087392,0.0001239098,0.0001252482
2022-01-07,9.57021e-05,0.0001226451,0.0001241113
2022-01-10,6.58026e-05,0.0001086017,0.0001223673
2022-01-11,8.0537e-05,9.64608e-05,0.0001195078
2022-01-12,0.000115374,9.3231e-05,0.0001179547
2022-01-13,8.43384e-05,8.83508e-05,0.0001149087
2022-01-14,8.31514e-05,8.58407e-05,0.0001127102
2022-01-17,8.78151e-05,9.02432e-05,0.0001110333
2022-01-18,6.8845e-05,8.79048e-05,0.0001077892
2022-01-19,0.0001138808,8.76061e-05,0.0001060955
2022-01-20,0.0001085695,9.24524e-05,0.0001055463
2022-01-21,0.0001280951,0.0001014411,0.0001067738
2022-01-24,0.0001214749,0.0001081731,0.000106286
2022-01-25,0.000119328,0.0001182697,0.0001066845
2022-01-26,8.95186e-05,0.0001133972,0.0001062051
2022-01-27,9.24634e-05,0.000110176,0.0001041794
2022-01-28,0.0001194968,0.0001084563,0.0001049663
2022-01-31,9.73997e-05,0.0001036413,0.0001041519
2022-02-01,0.000119473,0.0001036703,0.0001049449
2022-02-02,0.0001087827,0.0001075231,0.0001037069
2022-02-03,0.000120936,0.0001132176,0.0001027839
2022-02-04,0.0001195093,0.0001132201,0.0001022378
2022-02-07,0.0001151456,0.0001167693,0.000102529
2022-02-08,0.000105804,0.0001140355,0.0001029882
2022-02-09,0.0001142505,0.0001151291,0.0001051904
2022-02-10,0.0001214708,0.000115236,0.000107051
2022-02-11,0.0001219729,0.0001157287,0.000107351
2022-02-14,0.0001140669,0.000115513,0.0001087023
2022-02-15,0.0001234901,0.0001190502,0.0001105358
2022-02-16,8.32225e-05,0.0001128446,0.0001103271
2022-02-17,7.65772e-05,0.0001038659,0.0001106786
2022-02-18,0.0001167219,0.0001028157,0.0001108077
2022-02-21,0.000123351,0.0001046725,0.0001114796
2022-02-22,0.0001081436,0.0001016032,0.0001105727
2022-02-23,0.0001379342,0.0001125456,0.0001113208
2022-02-24,0.0001703427,0.0001312987,0.0001136397
2022-02-25,0.0001203251,0.0001320193,0.00011504
2022-02-28,0.0001093124,0.0001292116,0.0001158059
2022-03-01,9.69952e-05,0.0001269819,0.0001147831
2022-03-02,0.000105226,0.0001204403,0.0001151388
2022-03-03,0.0001215126,0.0001106743,0.0001152315
2022-03-04,0.0001457942,0.0001157681,0.0001169138
2022-03-07,9.42385e-05,0.0001127533,0.0001157003
2022-03-08,0.0001032543,0.0001140051,0.0001149615
2022-03-09,8.94056e-05,0.000110841,0.0001137915
2022-03-10,0.0001020875,0.000106956,0.0001136225
2022-03-11,0.0001175121,0.0001012996,0.0001137708
2022-03-14,0.0001078891,0.0001040297,0.0001131534
2022-03-15,0.0001182591,0.0001070307,0.0001129846
2022-03-16,0.0001288023,0.00011491,0.0001136544
2022-03-17,0.0001034049,0.0001151735,0.0001127415
2022-03-18,0.0001210984,0.0001158908,0.0001144631
2022-03-21,0.0001241349,0.0001191399,0.0001166248
2022-03-22,8.70115e-05,0.0001128904,0.0001152743
2022-03-23,9.17933e-05,0.0001054886,0.0001138399
2022-03-24,0.0001339513,0.0001115979,0.000115013
2022-03-25,0.0001030855,0.0001079953,0.0001134289
2022-03-28,0.0001094034,0.000105049,0.000110659
2022-03-29,0.0001306233,0.0001137714,0.0001111271
2022-03-30,0.0001243394,0.0001202806,0.0001118101
2022-03-31,7.46145e-05,0.0001084132,0.0001107928
2022-04-01,7.19109e-05,0.0001021783,0.0001092785
2022-04-04,9.90079e-05,0.0001000992,0.0001082555
2022-04-05,0.0001163466,9.72439e-05,0.000106917
2022-04-06,9.00318e-05,9.03823e-05,0.0001067258
2022-04-07,6.36912e-05,8.81977e-05,0.0001049275
2022-04-08,9.04331e-05,9.19021e-05,0.0001049742
2022-04-11,0.0001099674,9.4094e-05,0.0001053324
2022-04-12,0.0001118953,9.32038e-05,0.0001050771
2022-04-13,0.000120111,9.92196e-05,0.0001056326
2022-04-14,0.0001184121,0.0001101638,0.0001056395
2022-04-15,9.55962e-05,0.0001111964,0.0001041302
2022-04-18,0.0001260269,0.0001144083,0.0001051584
2022-04-19,9.91611e-05,0.0001118614,0.0001041613
2022-04-20,8.99388e-05,0.000105827,0.0001026069
2022-04-21,0.0001206835,0.0001062813,0.0001041375
2022-04-22,0.0001152123,0.0001102045,0.000105202
2022-04-25,0.0001392425,0.0001128477,0.0001054425
2022-04-26,8.7405e-05,0.0001104964,0.0001047297
2022-04-27,8.94812e-05,0.0001104049,0.0001038242
2022-04-28,8.88048e-05,0.0001040292,0.0001019233
2022-04-29,0.0001041595,0.0001018186,0.0001010061
2022-05-02,7.56721e-05,8.91045e-05,0.0001010541
2022-05-03,6.69109e-05,8.50057e-05,0.0001008269
2022-05-04,0.0001055663,8.82227e-05,0.000101125
2022-05-05,7.58365e-05,8.56291e-05,9.92836e-05
2022-05-06,0.000102117,8.52206e-05,9.98329e-05
2022-05-09,0.0001067771,9.14416e-05,0.0001017914
2022-05-10,0.0001132153,0.0001007024,0.0001028269
2022-05-11,0.0001401108,0.0001076114,0.0001041971
2022-05-12,0.0001172077,0.0001158856,0.0001044386
2022-05-13,8.65289e-05,0.000112768,0.0001029121
2022-05-16,0.0001481558,0.0001210437,0.0001042641
2022-05-17,9.21263e-05,0.0001168259,0.0001041064
2022-05-18,0.0001174676,0.0001122973,0.0001037173
2022-05-19,0.0001394733,0.0001167504,0.0001055497
2022-05-20,9.37891e-05,0.0001182024,0.0001057247
2022-05-23,0.0001029103,0.0001091533,0.0001049168
2022-05-24,0.0001160962,0.0001139473,0.000104957
2022-05-25,0.0001100936,0.0001124725,0.0001036321
2022-05-26,9.88203e-05,0.0001043419,0.0001041509
2022-05-27,0.0001338825,0.0001123606,0.0001061692
2022-05-30,0.0001220793,0.0001161944,0.0001076817
2022-05-31,0.0001015354,0.0001132822,0.0001075624
2022-06-01,0.000130674,0.0001173983,0.0001100625
2022-06-02,0.000115459,0.000120726,0.0001122692
2022-06-03,0.0001122011,0.0001163898,0.0001125708
2022-06-06,9.75471e-05,0.0001114833,0.0001135576
2022-06-07,0.0001009032,0.0001113569,0.0001135025
2022-06-08,0.0001070694,0.000106636,0.0001135157
2022-06-09,0.0001034086,0.0001042259,0.00011307
2022-06-10,8.33731e-05,9.84603e-05,0.000110491
2022-06-13,0.0001289993,0.0001047507,0.000111027
2022-06-14,0.0001121557,0.0001070012,0.0001121918
2022-06-15,0.0001400898,0.0001136053,0.0001118252
2022-06-16,0.0001418663,0.0001212968,0.0001140861
2022-06-17,0.0001435877,0.0001333398,0.0001152734
2022-06-20,9.74971e-05,0.0001270393,0.0001133654
2022-06-21,0.0001349487,0.0001315979,0.0001152363
2022-06-22,0.0001613667,0.0001358533,0.0001178934
2022-06-23,0.0001588466,0.0001392494,0.0001198366
2022-06-24,0.0001428637,0.0001391046,0.0001213261
2022-06-27,0.0001270205,0.0001450092,0.0001226079
2022-06-28,0.0001413472,0.000146289,0.0001229473
2022-06-29,0.000137684,0.0001415524,0.0001236566
2022-06-30,0.0001140018,0.0001325834,0.0001242232
2022-07-01,0.0001290569,0.0001298221,0.0001241497
2022-07-04,6.77583e-05,0.0001179696,0.0001219815
2022-07-05,0.0001192664,0.0001135535,0.0001223026
2022-07-06,9.44013e-05,0.0001048969,0.0001221597
2022-07-07,0.0001080906,0.0001037147,0.0001224864
2022-07-08,0.0001340088,0.0001047051,0.0001237109
2022-07-11,0.0001255784,0.0001162691,0.0001247186
2022-07-12,0.0001620165,0.0001248191,0.0001282933
2022-07-13,0.0001378189,0.0001335026,0.0001286942
2022-07-14,0.0001553472,0.0001429539,0.0001306574
2022-07-15,0.0001379582,0.0001437438,0.0001305605
2022-07-18,9.33372e-05,0.0001372956,0.0001283547
2022-07-19,0.0001038288,0.0001256581,0.0001265474
2022-07-20,0.0001001309,0.0001181205,0.0001266672
2022-07-21,0.0001427463,0.0001156003,0.0001270216
2022-07-22,0.0001376858,0.0001155458,0.0001259452
2022-07-25,0.0001242795,0.0001217343,0.000124374
2022-07-26,0.0001041781,0.0001218041,0.0001226155
2022-07-27,0.0001340784,0.0001285936,0.0001229363
2022-07-28,0.0001265881,0.000125362,0.0001222655
2022-07-29,0.000138898,0.0001256044,0.0001223207
2022-08-01,0.0001451847,0.0001297855,0.0001237381
2022-08-02,9.47704e-05,0.0001279039,0.0001221796
2022-08-03,0.0001345338,0.000127995,0.0001252148
2022-08-04,0.0001183489,0.0001263472,0.0001251731
2022-08-05,9.83363e-05,0.0001182348,0.000125352
2022-08-08,0.0001143576,0.0001120694,0.0001256369
2022-08-09,0.0001363018,0.0001203757,0.0001257411
2022-08-10,0.0001311249,0.0001196939,0.0001259932
2022-08-11,0.0001124046,0.000118505,0.0001237381
2022-08-12,0.0001297972,0.0001247972,0.0001233735
2022-08-15,0.0001418623,0.0001302982,0.0001227605
2022-08-16,0.0001418003,0.0001313979,0.0001229352
2022-08-17,0.0001618556,0.000137544,0.0001260497
2022-08-18,0.0001441872,0.0001439005,0.0001278841
2022-08-19,9.37983e-05,0.0001367008,0.0001275963
2022-08-22,9.88277e-05,0.0001280938,0.0001256
2022-08-23,0.0001462767,0.0001289891,0.0001259905
2022-08-24,0.0001631098,0.0001292399,0.0001277555
2022-08-25,8.98957e-05,0.0001183816,0.0001271063
2022-08-26,0.0001120199,0.0001220259,0.0001261036
2022-08-29,0.0001648937,0.0001352391,0.0001278448
2022-08-30,0.0001342962,0.000132843,0.0001276356
2022-08-31,0.0001335776,0.0001269366,0.000127108
2022-09-01,0.0001104373,0.0001310449,0.0001278202
2022-09-02,0.0001253704,0.000133715,0.0001274036
2022-09-05,0.0001295711,0.0001266505,0.0001279137
2022-09-06,0.0001363027,0.0001270518,0.0001296395
2022-09-07,0.0001433678,0.0001290099,0.0001309581
2022-09-08,0.0001638506,0.0001396925,0.0001322103
2022-09-09,0.0001383127,0.000142281,0.0001325371
2022-09-12,0.0001371339,0.0001437935,0.0001336611
2022-09-13,0.0001396531,0.0001444636,0.0001341091
2022-09-14,0.0001249257,0.0001407752,0.0001333393
2022-09-15,9.40345e-05,0.000126812,0.0001311681
2022-09-16,0.0001136436,0.0001218782,0.0001289766
2022-09-19,0.0001341152,0.0001212744,0.0001285188
2022-09-20,0.0001506285,0.0001234695,0.000131102
2022-09-21,0.0001487731,0.000128239,0.0001333723
2022-09-22,0.0001127237,0.0001319768,0.0001318471
2022-09-23,0.0001147811,0.0001322043,0.0001296504
2022-09-26,0.0001285769,0.0001310966,0.0001314086
2022-09-27,0.0001235312,0.0001256772,0.0001319318
2022-09-28,0.0001509006,0.0001261027,0.0001312958
2022-09-29,8.14791e-05,0.0001198538,0.000128895
2022-09-30,0.0001253252,0.0001219626,0.0001285199
2022-10-03,0.000144598,0.0001251668,0.0001300727
2022-10-04,0.0001265933,0.0001257792,0.0001301283
2022-10-05,0.0001106999,0.0001177391,0.0001292705
2022-10-06,0.000148346,0.0001311125,0.0001298179
2022-10-07,0.000116679,0.0001293832,0.0001286048
2022-10-10,0.0001116186,0.0001227874,0.0001262306
2022-10-11,0.0001294455,0.0001233578,0.0001258275
2022-10-12,9.5693e-05,0.0001203564,0.0001239439
2022-10-13,0.0001056853,0.0001118243,0.0001223999
2022-10-14,9.74498e-05,0.0001079784,0.000121151
2022-10-17,0.000113393,0.0001083333,0.0001220309
2022-10-18,0.0001234934,0.0001071429,0.0001224786
2022-10-19,0.0001325046,0.0001145052,0.0001224054
2022-10-20,0.0001142513,0.0001162184,0.0001207519
2022-10-21,0.0001116176,0.000119052,0.000119063
2022-10-24,9.61848e-05,0.0001156103,0.0001183112
2022-10-25,0.0001227022,0.0001154521,0.0001186713
2022-10-26,0.0001483967,0.0001186305,0.0001195722
2022-10-27,0.0001636602,0.0001285123,0.0001213962
2022-10-28,0.0001318512,0.000132559,0.0001205304
2022-10-31,0.0001397029,0.0001412627,0.0001231769
2022-11-01,0.0001631926,0.0001493607,0.0001248981
2022-11-02,0.0001696197,0.0001536053,0.0001260355
2022-11-03,0.0001868985,0.000158253,0.0001287766
2022-11-04,0.0002097743,0.0001738376,0.00013328
2022-11-07,0.0002163415,0.0001891653,0.0001363707
2022-11-08,0.0001942952,0.0001953858,0.0001398987
2022-11-09,0.0001498669,0.0001914353,0.0001416373
2022-11-10,0.0001653396,0.0001871235,0.0001432688
2022-11-11,0.0001549299,0.0001761546,0.0001459614
2022-11-14,0.0001499645,0.0001628792,0.0001479741
2022-11-15,0.0001573141,0.000155483,0.0001506952
2022-11-16,0.0001427766,0.0001540649,0.0001520308
2022-11-17,0.0001521263,0.0001514223,0.0001533323
2022-11-18,0.0001229684,0.00014503,0.0001528989
2022-11-21,0.0001457014,0.0001441774,0.0001543284
2022-11-22,0.0001527586,0.0001432662,0.0001561985
2022-11-23,0.00014368,0.0001434469,0.0001583573
2022-11-24,0.0001509643,0.0001432145,0.000159642
2022-11-25,0.0001536328,0.0001493474,0.00015988
2022-11-28,0.0001750946,0.0001552261,0.0001603997
2022-11-29,0.0001379465,0.0001522637,0.0001606768
2022-11-30,0.00015188,0.0001539036,0.0001612303
2022-12-01,0.0001354517,0.0001508011,0.0001599693
2022-12-02,0.0001473313,0.0001495408,0.0001589562
2022-12-05,0.0001481264,0.0001441472,0.0001571939
2022-12-06,0.0001863756,0.000153833,0.0001561303
2022-12-07,0.0001670902,0.0001568751,0.0001538916
2022-12-08,0.0001454288,0.0001588705,0.0001516704
2022-12-09,0.0001558422,0.0001605727,0.000151942
2022-12-12,0.0001515106,0.0001612495,0.0001513134
2022-12-13,0.0001190144,0.0001477773,0.0001496809
2022-12-14,0.0001483026,0.0001440197,0.0001496053
2022-12-15,0.000167484,0.0001484308,0.0001500676
2022-12-16,0.0001250516,0.0001422726,0.0001492619
2022-12-19,0.0001097906,0.0001339286,0.0001473376
2022-12-20,0.0001898373,0.0001480932,0.0001503771
2022-12-21,0.0001749791,0.0001534285,0.0001517079
2022-12-22,0.0001652191,0.0001529755,0.0001522743
2022-12-23,0.0001550377,0.0001589727,0.0001527905
2022-12-26,0.0001197158,0.0001609578,0.0001513701
2022-12-27,0.0001165523,0.0001463008,0.0001496847
2022-12-28,0.0001296192,0.0001372288,0.0001476176
2022-12-29,0.0001316653,0.0001305181,0.0001473321
2022-12-30,0.0001418033,0.0001278712,0.0001468741
2023-01-02,0.0001266236,0.0001292527,0.0001464728
2023-01-03,0.0001068305,0.0001273084,0.0001446318
2023-01-04,0.0001291696,0.0001272185,0.0001437702
2023-01-05,0.0001241823,0.0001257219,0.0001409432
2023-01-06,0.000118178,0.0001209968,0.0001387199
2023-01-09,0.0001420339,0.0001240789,0.0001385656
2023-01-10,0.0001262107,0.0001279549,0.0001372187
2023-01-11,0.0001177082,0.0001256626,0.0001356822
2023-01-12,0.0001235534,0.0001255368,0.0001358885
2023-01-13,0.000110287,0.0001239586,0.0001341606
2023-01-16,0.0001117237,0.0001178966,0.000131626
2023-01-17,0.0001044064,0.0001135357,0.0001306876
2023-01-18,9.95851e-05,0.0001099111,0.0001302237
2023-01-19,0.0001166648,0.0001085334,0.0001268977
2023-01-20,0.0001048325,0.0001074425,0.0001237092
2023-01-23,8.19388e-05,0.0001014855,0.0001199237
2023-01-24,9.50936e-05,9.9623e-05,0.000117199
2023-01-25,0.0001041275,0.0001005314,0.0001164904
2023-01-26,0.0001267991,0.0001025583,0.0001169562
2023-01-27,0.0001283622,0.0001072643,0.0001168991
2023-01-30,0.0001064326,0.000112163,0.0001157521
2023-01-31,0.000138546,0.0001208535,0.0001156041
2023-02-01,0.0001254795,0.0001251239,0.0001155521
2023-02-02,0.0001450442,0.0001287729,0.0001172891
2023-02-03,0.0001395429,0.0001310091,0.0001177606
2023-02-06,0.000163318,0.0001423861,0.0001195395
2023-02-07,0.0001416597,0.0001430089,0.0001206068
2023-02-08,0.0001467793,0.0001472688,0.0001208225
2023-02-09,0.0001388348,0.0001460269,0.0001213963
2023-02-10,0.0001301532,0.000144149,0.000121962
2023-02-13,0.0001352151,0.0001385284,0.0001224921
2023-02-14,0.0001122108,0.0001326386,0.0001225795
2023-02-15,8.3796e-05,0.000120042,0.0001213101
2023-02-16,0.0001180038,0.0001158758,0.0001219282
2023-02-17,0.0001426732,0.0001183798,0.0001238867
2023-02-20,0.0001203246,0.0001154017,0.0001240531
2023-02-21,9.95134e-05,0.0001128622,0.0001238113
2023-02-22,0.0001134978,0.0001188026,0.0001252458
2023-02-23,8.28961e-05,0.000111781,0.0001246914
2023-02-24,0.0001184139,0.0001069292,0.0001253407
2023-02-27,0.0001078154,0.0001044273,0.0001244778
2023-02-28,0.0001136086,0.0001072464,0.0001238072
2023-03-01,9.2758e-05,0.0001030984,0.0001231856
2023-03-02,9.27248e-05,0.0001050641,0.0001211029
2023-03-03,7.53518e-05,9.64517e-05,0.0001188243
2023-03-06,7.3175e-05,8.95236e-05,0.0001155575
2023-03-07,0.0001163721,9.00763e-05,0.0001145043
2023-03-08,0.0001276762,9.706e-05,0.0001128842
2023-03-09,8.12142e-05,9.47579e-05,0.0001101367
2023-03-10,9.8089e-05,9.93053e-05,0.0001079235
2023-03-13,0.0001155097,0.0001077722,0.0001068633
2023-03-14,0.0001086003,0.0001062179,0.0001058836
2023-03-15,0.0001046155,0.0001016057,0.0001044927
2023-03-16,0.0001351921,0.0001124013,0.0001055373
2023-03-17,9.04599e-05,0.0001108755,0.0001058402
2023-03-20,0.0001246573,0.000112705,0.0001061427
2023-03-21,0.0001385829,0.0001187015,0.0001059567
2023-03-22,0.0001051814,0.0001188147,0.0001052684
2023-03-23,0.0001199062,0.0001157575,0.0001061954
2023-03-24,0.0001663173,0.000130929,0.0001085962
2023-03-27,0.0001566214,0.0001373218,0.0001119474
2023-03-28,0.0001350984,0.0001366249,0.0001127058
2023-03-29,0.0001015014,0.0001358889,0.0001124188
2023-03-30,0.000151093,0.0001421263,0.0001141226
2023-03-31,0.0001543,0.0001397228,0.00011692
2023-04-03,0.0001205342,0.0001325054,0.0001181841
2023-04-04,0.000132246,0.0001319349,0.0001207702
2023-04-05,0.0001435609,0.0001403468,0.0001239695
2023-04-06,0.0001314626,0.0001364208,0.0001246554
2023-04-07,0.0001285461,0.00013127,0.000124695
2023-04-10,0.0001215829,0.0001314797,0.0001265299
2023-04-11,9.99269e-05,0.0001250159,0.0001266135
2023-04-12,0.0001015492,0.0001166135,0.0001259789
2023-04-13,0.0001133196,0.000112985,0.0001261934
2023-04-14,0.0001057714,0.00010843,0.000126246
2023-04-17,8.55072e-05,0.0001012149,0.0001239876
2023-04-18,0.0001042267,0.0001020748,0.0001246133
2023-04-19,0.0001224957,0.0001062641,0.0001245151
2023-04-20,8.41387e-05,0.0001004279,0.0001220403
2023-04-21,0.0001095929,0.0001011922,0.0001222409
2023-04-24,0.0001211768,0.0001083262,0.0001222986
2023-04-25,0.000109209,0.0001093226,0.0001197028
2023-04-26,0.0001173019,0.0001082839,0.0001179155
2023-04-27,0.0001141509,0.0001142863,0.0001169634
2023-04-28,0.0001194177,0.0001162513,0.0001177777
2023-05-01,0.0001070792,0.0001134317,0.0001157771
2023-05-02,0.0001251265,0.0001166152,0.0001144511
2023-05-03,0.0001144425,0.0001160434,0.0001141742
2023-05-04,0.0001272164,0.0001186565,0.0001139455
2023-05-05,0.0001029692,0.0001153668,0.0001121005
2023-05-08,0.0001083694,0.0001156248,0.0001110508
2023-05-09,0.0001276611,0.0001161317,0.0001110105
2023-05-10,0.0001289814,0.0001190395,0.0001113468
2023-05-11,9.94928e-05,0.0001134948,0.0001113271
2023-05-12,0.0001023603,0.000113373,0.000111364
2023-05-15,0.0001078541,0.00011327,0.0001111155
2023-05-16,0.0001330604,0.0001143498,0.0001123559
2023-05-17,0.0001083061,0.0001102147,0.0001133923
2023-05-18,0.0001000862,0.0001103334,0.0001132041
2023-05-19,0.0001138463,0.0001126306,0.0001128109
2023-05-22,0.0001304114,0.0001171421,0.0001149142
2023-05-23,0.000142378,0.0001190056,0.0001164044
2023-05-24,0.0001078082,0.000118906,0.0001157968
2023-05-25,0.0001014338,0.0001191755,0.0001154434
2023-05-26,0.0001194154,0.0001202894,0.0001155394
2023-05-29,0.0001079363,0.0001157943,0.0001152569
2023-05-30,0.0001025772,0.0001078342,0.0001144915
2023-05-31,0.0001020379,0.0001066801,0.0001142623
2023-06-01,0.0001055119,0.0001074957,0.0001133707
2023-06-02,7.80509e-05,9.92228e-05,0.0001117166
2023-06-05,9.20506e-05,9.60457e-05,0.0001101181
2023-06-06,0.0001210216,9.97346e-05,0.0001109387
2023-06-07,0.000133187,0.0001059644,0.0001120668
2023-06-08,0.0001149507,0.0001078522,0.000111489
2023-06-09,0.0001204263,0.0001163272,0.0001111001
2023-06-12,8.9256e-05,0.0001157683,0.0001106348
2023-06-13,9.38914e-05,0.0001103423,0.0001102499
2023-06-14,0.0001262706,0.000108959,0.000111087
2023-06-15,0.0001296444,0.0001118977,0.0001109317
2023-06-16,0.0001293357,0.0001136796,0.0001118876
2023-06-19,8.21496e-05,0.0001122583,0.0001110723
2023-06-20,9.31183e-05,0.0001121037,0.0001101301
2023-06-21,0.0001254551,0.0001119406,0.0001099049
2023-06-22,0.0001324875,0.0001125092,0.0001094553
2023-06-23,0.0001296515,0.0001125724,0.0001104482
2023-06-26,0.000112862,0.0001187149,0.0001109676
2023-06-27,0.0001235589,0.000124803,0.000111156
2023-06-28,0.000130677,0.0001258474,0.0001121896
2023-06-29,0.000120945,0.0001235389,0.0001130245
2023-06-30,7.62095e-05,0.0001128505,0.0001118505
2023-07-03,0.0001051646,0.000111311,0.0001118347
2023-07-04,0.0001145406,0.0001095073,0.0001134934
2023-07-05,0.0001448517,0.0001123423,0.0001158934
2023-07-06,0.0001290024,0.0001139538,0.0001162562
2023-07-07,9.4885e-05,0.0001176889,0.0001145152
2023-07-10,0.0001210504,0.000120866,0.0001147924
2023-07-11,0.0001146441,0.0001208867,0.0001145296
2023-07-12,0.0001213713,0.0001161906,0.0001159894
2023-07-13,0.0001572279,0.0001218357,0.0001188683
2023-07-14,0.0001605602,0.0001349708,0.0001204269
2023-07-17,0.0001578036,0.0001423214,0.0001217069
2023-07-18,0.0001309775,0.0001455881,0.0001217815
2023-07-19,0.0001210971,0.0001455332,0.0001235519
2023-07-20,0.000170124,0.0001481125,0.0001270521
2023-07-21,0.0001401358,0.0001440276,0.0001277194
2023-07-24,0.0001330744,0.0001390818,0.0001277461
2023-07-25,0.0001360212,0.0001400905,0.0001280356
2023-07-26,0.0001576643,0.0001474039,0.0001300721
2023-07-27,0.0001542025,0.0001442196,0.000131465
2023-07-28,0.0001239512,0.0001409827,0.0001311593
2023-07-31,0.0001322067,0.0001408092,0.0001316712
2023-08-01,0.00012028,0.000137661,0.0001336744
2023-08-02,0.0001312313,0.0001323744,0.0001348592
2023-08-03,0.0001728596,0.0001361058,0.0001375101
2023-08-04,0.0001774727,0.0001468101,0.0001389929
2023-08-07,0.0001614855,0.0001526658,0.0001404694
2023-08-08,0.0001318077,0.0001549714,0.0001421477
2023-08-09,0.0001284132,0.0001544077,0.0001424824
2023-08-10,0.0001235112,0.0001445381,0.0001428854
2023-08-11,0.0001152236,0.0001320882,0.000142606
2023-08-14,0.0001331108,0.0001264133,0.0001415097
2023-08-15,0.0001237838,0.0001248085,0.0001398381
2023-08-16,0.000100717,0.0001192693,0.0001372432
2023-08-17,9.11642e-05,0.0001127999,0.0001354335
2023-08-18,0.0001130355,0.0001123623,0.0001350671
2023-08-21,0.0001238704,0.0001105142,0.0001329647
2023-08-22,0.0001266125,0.0001110799,0.00013235
2023-08-23,0.0001317162,0.0001172798,0.0001322882
2023-08-24,8.8185e-05,0.0001166839,0.0001301139
2023-08-25,0.0001227873,0.0001186343,0.0001285286
2023-08-28,9.14378e-05,0.0001121478,0.0001256756
2023-08-29,9.9073e-05,0.0001066399,0.0001245448
2023-08-30,7.90084e-05,9.60983e-05,0.0001221267
2023-08-31,9.2734e-05,9.70081e-05,0.0001208746
2023-09-01,0.0001231043,9.70715e-05,0.0001205052
